[2026-08-10 22:50:32] [INFO ] AgriSphere C++ backend starting
[2026-08-10 22:50:32] [INFO ] Configuration loaded from config\backend.ini
[2026-08-10 22:50:32] [INFO ] DatabaseManager ready: 4 connection(s) to 127.0.0.1:3306/cse311 lab project
[2026-08-10 22:50:32] [INFO ] HTTP API listening on http://127.0.0.1:8787 (8 worker threads)
[2026-08-10 22:56:12] [INFO ] AgriSphere C++ backend starting
[2026-08-10 22:56:12] [INFO ] Configuration loaded from config\backend.ini
[2026-08-10 22:56:12] [INFO ] DatabaseManager ready: 4 connection(s) to 127.0.0.1:3306/cse311 lab project
[2026-08-10 22:56:12] [INFO ] HTTP API listening on http://127.0.0.1:8787 (8 worker threads)
[2026-08-10 23:31:08] [INFO ] AgriSphere C++ backend starting
[2026-08-10 23:31:08] [INFO ] Configuration loaded from config\backend.ini
[2026-08-10 23:31:08] [INFO ] DatabaseManager ready: 4 connection(s) to 127.0.0.1:3306/cse311 lab project
[2026-08-10 23:31:08] [INFO ] HTTP API listening on http://127.0.0.1:8787 (8 worker threads)
[2026-08-10 23:49:47] [INFO ] Shutdown requested, stopping the AgriSphere backend...
[2026-08-11 15:01:06] [INFO ] AgriSphere C++ backend starting
[2026-08-11 15:01:06] [INFO ] Configuration loaded from config\backend.ini
[2026-08-11 15:01:06] [INFO ] DatabaseManager ready: 4 connection(s) to 127.0.0.1:3306/cse311 lab project
[2026-08-11 15:01:06] [INFO ] HTTP API listening on http://127.0.0.1:8787 (8 worker threads)
[2026-08-11 15:01:09] [INFO ] DiscountService: 3 member observer(s) subscribed to the discount subject
[2026-08-11 15:01:09] [INFO ] DiscountSubject: notifying 4 observer(s) about "10% off Pasteurized Milk"
[2026-08-11 15:01:09] [INFO ] [discount] Farmer Karim Uddin has discounted Pasteurized Milk by 10%. The price is now BDT 82.80 instead of BDT 92.00.
[2026-08-11 15:01:09] [INFO ] DiscountService: 3 member observer(s) subscribed to the discount subject
[2026-08-11 15:01:09] [INFO ] DiscountSubject: notifying 4 observer(s) about "15% off Fresh Potato"
[2026-08-11 15:01:09] [INFO ] [discount] Farmer Karim Uddin has discounted Fresh Potato by 15%. The price is now BDT 36.13 instead of BDT 42.50.
[2026-08-11 15:03:12] [INFO ] DiscountService: 3 member observer(s) subscribed to the discount subject
[2026-08-11 15:03:12] [INFO ] DiscountSubject: notifying 4 observer(s) about "15% off Fresh Potato"
[2026-08-11 15:03:12] [INFO ] [discount] Farmer Karim Uddin has discounted Fresh Potato by 15%. The price is now BDT 36.13 instead of BDT 42.50.
[2026-08-11 15:03:34] [INFO ] DiscountService: 4 member observer(s) subscribed to the discount subject
[2026-08-11 15:03:34] [INFO ] DiscountSubject: notifying 5 observer(s) about "20% off Carrot"
[2026-08-11 15:03:34] [INFO ] [discount] Farmer Rina Akter has discounted Carrot by 20%. The price is now BDT 57.60 instead of BDT 72.00.
[2026-08-11 15:03:34] [INFO ] DiscountService: 3 member observer(s) subscribed to the discount subject
[2026-08-11 15:03:34] [INFO ] DiscountSubject: notifying 4 observer(s) about "12% off Fresh Cow Milk"
[2026-08-11 15:03:34] [INFO ] [discount] Farmer Jamal Hossain has discounted Fresh Cow Milk by 12%. The price is now BDT 74.80 instead of BDT 85.00.
[2026-08-11 15:07:54] [INFO ] DiscountService: 3 member observer(s) subscribed to the discount subject
[2026-08-11 15:07:54] [INFO ] DiscountSubject: notifying 4 observer(s) about "15% off Fresh Potato"
[2026-08-11 15:07:54] [INFO ] [discount] Farmer Karim Uddin has discounted Fresh Potato by 15%. The price is now BDT 36.13 instead of BDT 42.50.
[2026-08-11 15:09:54] [INFO ] DiscountService: 3 member observer(s) subscribed to the discount subject
[2026-08-11 15:09:54] [INFO ] DiscountSubject: notifying 4 observer(s) about "15% off Fresh Potato"
[2026-08-11 15:09:54] [INFO ] [discount] Farmer Karim Uddin has discounted Fresh Potato by 15%. The price is now BDT 36.13 instead of BDT 42.50.
[2026-08-11 15:09:54] [INFO ] DiscountService: 3 member observer(s) subscribed to the discount subject
[2026-08-11 15:09:54] [INFO ] DiscountSubject: notifying 4 observer(s) about "20% off Himsagar Mango"
[2026-08-11 15:09:54] [INFO ] [discount] Farmer Rina Akter has discounted Himsagar Mango by 20%. The price is now BDT 116.00 instead of BDT 145.00.
[2026-08-11 15:10:25] [INFO ] DiscountService: 3 member observer(s) subscribed to the discount subject
[2026-08-11 15:10:25] [INFO ] DiscountSubject: notifying 4 observer(s) about "15% off Fresh Potato"
[2026-08-11 15:10:25] [INFO ] [discount] Farmer Karim Uddin has discounted Fresh Potato by 15%. The price is now BDT 36.13 instead of BDT 42.50.
[2026-08-11 15:10:25] [INFO ] DiscountService: 3 member observer(s) subscribed to the discount subject
[2026-08-11 15:10:25] [INFO ] DiscountSubject: notifying 4 observer(s) about "20% off Himsagar Mango"
[2026-08-11 15:10:25] [INFO ] [discount] Farmer Rina Akter has discounted Himsagar Mango by 20%. The price is now BDT 116.00 instead of BDT 145.00.
[2026-08-11 15:12:40] [INFO ] AgriSphere C++ backend starting
[2026-08-11 15:12:40] [INFO ] Configuration loaded from config\backend.ini
[2026-08-11 15:12:40] [INFO ] DatabaseManager ready: 4 connection(s) to 127.0.0.1:3306/cse311 lab project
[2026-08-11 15:12:40] [INFO ] HTTP API listening on http://127.0.0.1:8787 (8 worker threads)
[2026-08-11 15:30:19] [INFO ] AgriSphere C++ backend starting
[2026-08-11 15:30:19] [INFO ] Configuration loaded from D:\XAMPP\htdocs\Agrisphere\backend\bin/../config/backend.ini
[2026-08-11 15:30:19] [INFO ] DatabaseManager ready: 4 connection(s) to 127.0.0.1:3306/cse311 lab project
[2026-08-11 15:30:19] [INFO ] HTTP API listening on http://127.0.0.1:8787 (8 worker threads)
[2026-08-11 15:31:52] [INFO ] DiscountService: 3 member observer(s) subscribed to the discount subject
[2026-08-11 15:31:52] [INFO ] DiscountSubject: notifying 4 observer(s) about "25% off Fresh Potato"
[2026-08-11 15:31:52] [INFO ] [discount] Farmer Karim Uddin has discounted Fresh Potato by 25%. The price is now BDT 31.88 instead of BDT 42.50.
[2026-08-11 15:32:28] [INFO ] DiscountService: 3 member observer(s) subscribed to the discount subject
[2026-08-11 15:32:28] [INFO ] DiscountSubject: notifying 4 observer(s) about "20% off Himsagar Mango"
[2026-08-11 15:32:28] [INFO ] [discount] Farmer Rina Akter has discounted Himsagar Mango by 20%. The price is now BDT 116.00 instead of BDT 145.00.
[2026-08-11 15:33:27] [INFO ] DiscountService: 3 member observer(s) subscribed to the discount subject
[2026-08-11 15:33:27] [INFO ] DiscountSubject: notifying 4 observer(s) about "15% off Fresh Potato"
[2026-08-11 15:33:27] [INFO ] [discount] Farmer Karim Uddin has discounted Fresh Potato by 15%. The price is now BDT 36.13 instead of BDT 42.50.
[2026-08-11 16:02:00] [INFO ] DiscountService: 3 member observer(s) subscribed to the discount subject
[2026-08-11 16:02:00] [INFO ] DiscountSubject: notifying 4 observer(s) about "10% off Banana"
[2026-08-11 16:02:00] [INFO ] [discount] Farmer Karim Miah has discounted Banana by 10%. The price is now BDT 72.00 instead of BDT 80.00.
[2026-08-11 16:06:18] [INFO ] DiscountService: 4 member observer(s) subscribed to the discount subject
[2026-08-11 16:06:18] [INFO ] DiscountSubject: notifying 5 observer(s) about "15% off Banana"
[2026-08-11 16:06:18] [INFO ] [discount] Farmer Karim Miah has discounted Banana by 15%. The price is now BDT 68.00 instead of BDT 80.00.
[2026-08-15 04:06:35] [INFO ] AgriSphere C++ backend starting
[2026-08-15 04:06:35] [INFO ] Configuration loaded from config\backend.ini
[2026-08-15 04:06:35] [INFO ] DatabaseManager ready: 4 connection(s) to 127.0.0.1:3306/cse311 lab project
[2026-08-15 04:06:35] [INFO ] HTTP API listening on http://127.0.0.1:8787 (8 worker threads)
[2026-08-15 04:07:46] [ERROR] POST /api/notifications/unread-count -> MySQL error 1146 (42S02): Table 'cse311 lab project.notification' doesn't exist
[2026-08-15 04:07:58] [ERROR] POST /api/notifications/unread-count -> MySQL error 1146 (42S02): Table 'cse311 lab project.notification' doesn't exist
[2026-08-15 04:08:00] [ERROR] POST /api/catalog/products -> MySQL error 1146 (42S02): Table 'cse311 lab project.product_discount' doesn't exist
[2026-08-15 04:08:00] [ERROR] POST /api/notifications/unread-count -> MySQL error 1146 (42S02): Table 'cse311 lab project.notification' doesn't exist
[2026-08-15 04:08:02] [ERROR] POST /api/notifications/unread-count -> MySQL error 1146 (42S02): Table 'cse311 lab project.notification' doesn't exist
[2026-08-15 04:13:31] [ERROR] POST /api/cart/list -> MySQL error 1146 (42S02): Table 'cse311 lab project.product_discount' doesn't exist
[2026-08-15 04:13:31] [ERROR] POST /api/notifications/unread-count -> MySQL error 1146 (42S02): Table 'cse311 lab project.notification' doesn't exist
[2026-08-15 04:13:32] [ERROR] POST /api/notifications/unread-count -> MySQL error 1146 (42S02): Table 'cse311 lab project.notification' doesn't exist
[2026-08-15 04:13:42] [ERROR] POST /api/catalog/products -> MySQL error 1146 (42S02): Table 'cse311 lab project.product_discount' doesn't exist
[2026-08-15 04:13:42] [ERROR] POST /api/notifications/unread-count -> MySQL error 1146 (42S02): Table 'cse311 lab project.notification' doesn't exist
[2026-08-15 04:13:43] [ERROR] POST /api/notifications/unread-count -> MySQL error 1146 (42S02): Table 'cse311 lab project.notification' doesn't exist
[2026-08-15 04:13:46] [ERROR] POST /api/catalog/products -> MySQL error 1146 (42S02): Table 'cse311 lab project.product_discount' doesn't exist
[2026-08-15 04:13:46] [ERROR] POST /api/notifications/unread-count -> MySQL error 1146 (42S02): Table 'cse311 lab project.notification' doesn't exist
[2026-08-15 04:13:49] [ERROR] POST /api/catalog/products -> MySQL error 1146 (42S02): Table 'cse311 lab project.product_discount' doesn't exist
[2026-08-15 04:13:49] [ERROR] POST /api/notifications/unread-count -> MySQL error 1146 (42S02): Table 'cse311 lab project.notification' doesn't exist
[2026-08-15 04:13:53] [ERROR] POST /api/catalog/products -> MySQL error 1146 (42S02): Table 'cse311 lab project.product_discount' doesn't exist
[2026-08-15 04:13:53] [ERROR] POST /api/notifications/unread-count -> MySQL error 1146 (42S02): Table 'cse311 lab project.notification' doesn't exist
[2026-08-15 04:13:56] [ERROR] POST /api/notifications/unread-count -> MySQL error 1146 (42S02): Table 'cse311 lab project.notification' doesn't exist
[2026-08-15 04:14:01] [ERROR] POST /api/catalog/products -> MySQL error 1146 (42S02): Table 'cse311 lab project.product_discount' doesn't exist
[2026-08-15 04:14:01] [ERROR] POST /api/notifications/unread-count -> MySQL error 1146 (42S02): Table 'cse311 lab project.notification' doesn't exist
[2026-08-15 04:14:04] [ERROR] POST /api/catalog/products -> MySQL error 1146 (42S02): Table 'cse311 lab project.product_discount' doesn't exist
[2026-08-15 04:14:04] [ERROR] POST /api/notifications/unread-count -> MySQL error 1146 (42S02): Table 'cse311 lab project.notification' doesn't exist
[2026-08-15 04:14:04] [ERROR] POST /api/catalog/products -> MySQL error 1146 (42S02): Table 'cse311 lab project.product_discount' doesn't exist
[2026-08-15 04:14:04] [ERROR] POST /api/notifications/unread-count -> MySQL error 1146 (42S02): Table 'cse311 lab project.notification' doesn't exist
[2026-08-15 04:14:06] [ERROR] POST /api/notifications/unread-count -> MySQL error 1146 (42S02): Table 'cse311 lab project.notification' doesn't exist
[2026-08-15 04:14:07] [ERROR] POST /api/catalog/products -> MySQL error 1146 (42S02): Table 'cse311 lab project.product_discount' doesn't exist
[2026-08-15 04:14:07] [ERROR] POST /api/notifications/unread-count -> MySQL error 1146 (42S02): Table 'cse311 lab project.notification' doesn't exist
[2026-08-15 04:14:10] [ERROR] POST /api/notifications/unread-count -> MySQL error 1146 (42S02): Table 'cse311 lab project.notification' doesn't exist
[2026-08-15 04:14:11] [ERROR] POST /api/notifications/unread-count -> MySQL error 1146 (42S02): Table 'cse311 lab project.notification' doesn't exist
[2026-08-15 04:14:12] [ERROR] POST /api/cart/list -> MySQL error 1146 (42S02): Table 'cse311 lab project.product_discount' doesn't exist
[2026-08-15 04:14:12] [ERROR] POST /api/notifications/unread-count -> MySQL error 1146 (42S02): Table 'cse311 lab project.notification' doesn't exist
[2026-08-15 04:14:13] [ERROR] POST /api/catalog/products -> MySQL error 1146 (42S02): Table 'cse311 lab project.product_discount' doesn't exist
[2026-08-15 04:14:13] [ERROR] POST /api/notifications/unread-count -> MySQL error 1146 (42S02): Table 'cse311 lab project.notification' doesn't exist
[2026-08-15 04:14:15] [ERROR] POST /api/notifications/unread-count -> MySQL error 1146 (42S02): Table 'cse311 lab project.notification' doesn't exist
[2026-08-15 04:14:16] [ERROR] POST /api/notifications/list -> MySQL error 1146 (42S02): Table 'cse311 lab project.notification' doesn't exist
[2026-08-15 04:14:16] [ERROR] POST /api/notifications/unread-count -> MySQL error 1146 (42S02): Table 'cse311 lab project.notification' doesn't exist
[2026-08-15 04:14:17] [ERROR] POST /api/notifications/unread-count -> MySQL error 1146 (42S02): Table 'cse311 lab project.notification' doesn't exist
[2026-08-15 04:14:19] [ERROR] POST /api/notifications/list -> MySQL error 1146 (42S02): Table 'cse311 lab project.notification' doesn't exist
[2026-08-15 04:14:19] [ERROR] POST /api/notifications/unread-count -> MySQL error 1146 (42S02): Table 'cse311 lab project.notification' doesn't exist
[2026-08-15 04:14:21] [ERROR] POST /api/catalog/products -> MySQL error 1146 (42S02): Table 'cse311 lab project.product_discount' doesn't exist
[2026-08-15 04:14:21] [ERROR] POST /api/notifications/unread-count -> MySQL error 1146 (42S02): Table 'cse311 lab project.notification' doesn't exist
[2026-08-15 04:14:24] [ERROR] POST /api/catalog/products -> MySQL error 1146 (42S02): Table 'cse311 lab project.product_discount' doesn't exist
[2026-08-15 04:14:24] [ERROR] POST /api/notifications/unread-count -> MySQL error 1146 (42S02): Table 'cse311 lab project.notification' doesn't exist
[2026-08-15 04:14:25] [ERROR] POST /api/notifications/unread-count -> MySQL error 1146 (42S02): Table 'cse311 lab project.notification' doesn't exist
[2026-08-15 04:14:28] [ERROR] POST /api/catalog/products -> MySQL error 1146 (42S02): Table 'cse311 lab project.product_discount' doesn't exist
[2026-08-15 04:14:28] [ERROR] POST /api/notifications/unread-count -> MySQL error 1146 (42S02): Table 'cse311 lab project.notification' doesn't exist
[2026-08-15 04:14:28] [ERROR] POST /api/notifications/unread-count -> MySQL error 1146 (42S02): Table 'cse311 lab project.notification' doesn't exist
[2026-08-15 04:14:34] [ERROR] POST /api/cart/list -> MySQL error 1146 (42S02): Table 'cse311 lab project.product_discount' doesn't exist
[2026-08-15 04:14:34] [ERROR] POST /api/notifications/unread-count -> MySQL error 1146 (42S02): Table 'cse311 lab project.notification' doesn't exist
[2026-08-15 04:14:36] [ERROR] POST /api/catalog/products -> MySQL error 1146 (42S02): Table 'cse311 lab project.product_discount' doesn't exist
[2026-08-15 04:14:36] [ERROR] POST /api/notifications/unread-count -> MySQL error 1146 (42S02): Table 'cse311 lab project.notification' doesn't exist
[2026-08-15 04:14:38] [ERROR] POST /api/cart/list -> MySQL error 1146 (42S02): Table 'cse311 lab project.product_discount' doesn't exist
[2026-08-15 04:14:38] [ERROR] POST /api/notifications/unread-count -> MySQL error 1146 (42S02): Table 'cse311 lab project.notification' doesn't exist
[2026-08-15 04:14:38] [ERROR] POST /api/cart/list -> MySQL error 1146 (42S02): Table 'cse311 lab project.product_discount' doesn't exist
[2026-08-15 04:14:38] [ERROR] POST /api/notifications/unread-count -> MySQL error 1146 (42S02): Table 'cse311 lab project.notification' doesn't exist
[2026-08-15 04:14:40] [ERROR] POST /api/cart/list -> MySQL error 1146 (42S02): Table 'cse311 lab project.product_discount' doesn't exist
[2026-08-15 04:14:40] [ERROR] POST /api/notifications/unread-count -> MySQL error 1146 (42S02): Table 'cse311 lab project.notification' doesn't exist
[2026-08-15 04:14:44] [ERROR] POST /api/cart/list -> MySQL error 1146 (42S02): Table 'cse311 lab project.product_discount' doesn't exist
[2026-08-15 04:14:44] [ERROR] POST /api/notifications/unread-count -> MySQL error 1146 (42S02): Table 'cse311 lab project.notification' doesn't exist
[2026-08-15 04:14:46] [ERROR] POST /api/cart/list -> MySQL error 1146 (42S02): Table 'cse311 lab project.product_discount' doesn't exist
[2026-08-15 04:14:46] [ERROR] POST /api/notifications/unread-count -> MySQL error 1146 (42S02): Table 'cse311 lab project.notification' doesn't exist
[2026-08-15 04:14:47] [ERROR] POST /api/notifications/unread-count -> MySQL error 1146 (42S02): Table 'cse311 lab project.notification' doesn't exist
[2026-08-15 04:14:47] [ERROR] POST /api/cart/list -> MySQL error 1146 (42S02): Table 'cse311 lab project.product_discount' doesn't exist
[2026-08-15 04:14:47] [ERROR] POST /api/notifications/unread-count -> MySQL error 1146 (42S02): Table 'cse311 lab project.notification' doesn't exist
[2026-08-15 04:14:49] [ERROR] POST /api/cart/list -> MySQL error 1146 (42S02): Table 'cse311 lab project.product_discount' doesn't exist
[2026-08-15 04:14:49] [ERROR] POST /api/notifications/unread-count -> MySQL error 1146 (42S02): Table 'cse311 lab project.notification' doesn't exist
[2026-08-15 04:14:50] [ERROR] POST /api/cart/list -> MySQL error 1146 (42S02): Table 'cse311 lab project.product_discount' doesn't exist
[2026-08-15 04:14:50] [ERROR] POST /api/notifications/unread-count -> MySQL error 1146 (42S02): Table 'cse311 lab project.notification' doesn't exist
[2026-08-15 04:14:51] [ERROR] POST /api/catalog/products -> MySQL error 1146 (42S02): Table 'cse311 lab project.product_discount' doesn't exist
[2026-08-15 04:14:51] [ERROR] POST /api/notifications/unread-count -> MySQL error 1146 (42S02): Table 'cse311 lab project.notification' doesn't exist
[2026-08-15 04:14:52] [ERROR] POST /api/cart/list -> MySQL error 1146 (42S02): Table 'cse311 lab project.product_discount' doesn't exist
[2026-08-15 04:14:52] [ERROR] POST /api/notifications/unread-count -> MySQL error 1146 (42S02): Table 'cse311 lab project.notification' doesn't exist
[2026-08-15 04:14:54] [ERROR] POST /api/cart/list -> MySQL error 1146 (42S02): Table 'cse311 lab project.product_discount' doesn't exist
[2026-08-15 04:14:54] [ERROR] POST /api/notifications/unread-count -> MySQL error 1146 (42S02): Table 'cse311 lab project.notification' doesn't exist
[2026-08-15 04:14:55] [ERROR] POST /api/notifications/unread-count -> MySQL error 1146 (42S02): Table 'cse311 lab project.notification' doesn't exist
[2026-08-15 04:14:58] [ERROR] POST /api/cart/list -> MySQL error 1146 (42S02): Table 'cse311 lab project.product_discount' doesn't exist
[2026-08-15 04:14:58] [ERROR] POST /api/notifications/unread-count -> MySQL error 1146 (42S02): Table 'cse311 lab project.notification' doesn't exist
[2026-08-15 04:19:00] [ERROR] POST /api/notifications/unread-count -> MySQL error 1146 (42S02): Table 'cse311 lab project.notification' doesn't exist
[2026-08-15 04:19:02] [ERROR] POST /api/notifications/unread-count -> MySQL error 1146 (42S02): Table 'cse311 lab project.notification' doesn't exist
[2026-08-15 04:20:16] [ERROR] POST /api/notifications/unread-count -> MySQL error 1146 (42S02): Table 'cse311 lab project.notification' doesn't exist
[2026-08-15 04:22:23] [INFO ] Shutdown requested, stopping the AgriSphere backend...
[2026-08-15 04:25:11] [INFO ] AgriSphere C++ backend starting
[2026-08-15 04:25:11] [INFO ] Configuration loaded from config\backend.ini
[2026-08-15 04:25:11] [INFO ] DatabaseManager ready: 4 connection(s) to 127.0.0.1:3306/cse311 lab project
[2026-08-15 04:25:11] [INFO ] HTTP API listening on http://127.0.0.1:8787 (8 worker threads)
[2026-08-15 06:36:09] [INFO ] AgriSphere C++ backend starting
[2026-08-15 06:36:09] [INFO ] Configuration loaded from C:\xampp\htdocs\Agrisphere\backend\bin/../config/backend.ini
[2026-08-15 06:36:09] [INFO ] DatabaseManager ready: 4 connection(s) to 127.0.0.1:3306/cse311 lab project
[2026-08-15 06:36:09] [INFO ] HTTP API listening on http://127.0.0.1:8787 (8 worker threads)
[2026-08-15 13:44:48] [INFO ] AgriSphere C++ backend starting
[2026-08-15 13:44:48] [INFO ] Configuration loaded from C:\xampp\htdocs\Agrisphere\backend\bin/../config/backend.ini
[2026-08-15 13:44:48] [INFO ] DatabaseManager ready: 4 connection(s) to 127.0.0.1:3306/cse311 lab project
[2026-08-15 13:44:48] [INFO ] HTTP API listening on http://127.0.0.1:8787 (8 worker threads)
[2026-08-15 13:45:04] [ERROR] GET /api/orders/checkout-items -> MySQL error 1146 (42S02): Table 'cse311 lab project.product_discount' doesn't exist
[2026-08-15 13:49:30] [INFO ] DiscountService: 137 member observer(s) subscribed to the discount subject
[2026-08-15 13:49:30] [INFO ] DiscountSubject: notifying 138 observer(s) about "10% off Chicken (Layer)"
[2026-08-15 13:49:30] [INFO ] [discount] Farmer Omar Faruk has discounted Chicken (Layer) by 10%. The price is now BDT 270.00 instead of BDT 300.00.
[2026-08-15 16:18:50] [INFO ] AgriSphere C++ backend starting
[2026-08-15 16:18:50] [INFO ] Configuration loaded from C:\xampp\htdocs\Agrisphere\backend\bin/../config/backend.ini
[2026-08-15 16:18:50] [INFO ] DatabaseManager ready: 4 connection(s) to 127.0.0.1:3306/cse311 lab project
[2026-08-15 16:18:50] [INFO ] HTTP API listening on http://127.0.0.1:8787 (8 worker threads)
[2026-08-16 00:54:07] [INFO ] AgriSphere C++ backend starting
[2026-08-16 00:54:07] [INFO ] Configuration loaded from config\backend.ini
[2026-08-16 00:54:07] [INFO ] DatabaseManager ready: 4 connection(s) to 127.0.0.1:3306/cse311 lab project
[2026-08-16 00:54:07] [INFO ] HTTP API listening on http://127.0.0.1:8787 (8 worker threads)
[2026-08-16 01:10:35] [ERROR] POST /api/orders/checkout-items -> MySQL error 1146 (42S02): Table 'cse311 lab project.product_discount' doesn't exist
[2026-08-16 01:10:35] [ERROR] POST /api/cart/list -> MySQL error 1146 (42S02): Table 'cse311 lab project.product_discount' doesn't exist
[2026-08-16 01:10:35] [ERROR] POST /api/notifications/unread-count -> MySQL error 1146 (42S02): Table 'cse311 lab project.notification' doesn't exist
[2026-08-16 01:10:51] [ERROR] POST /api/notifications/unread-count -> MySQL error 1146 (42S02): Table 'cse311 lab project.notification' doesn't exist
[2026-08-16 01:10:56] [ERROR] POST /api/catalog/products -> MySQL error 1146 (42S02): Table 'cse311 lab project.product_discount' doesn't exist
[2026-08-16 01:10:56] [ERROR] POST /api/notifications/unread-count -> MySQL error 1146 (42S02): Table 'cse311 lab project.notification' doesn't exist
[2026-08-16 01:10:57] [ERROR] POST /api/notifications/unread-count -> MySQL error 1146 (42S02): Table 'cse311 lab project.notification' doesn't exist
[2026-08-16 01:11:01] [ERROR] POST /api/cart/add -> MySQL error 1452 (23000): Cannot add or update a child row: a foreign key constraint fails (`cse311 lab project`.`customer_cart`, CONSTRAINT `fk_cart_customer` FOREIGN KEY (`customer_id`) REFERENCES `customer` (`customer_id`) ON DELETE CASCADE ON UPDATE CASCADE)
[2026-08-16 01:11:01] [ERROR] POST /api/catalog/products -> MySQL error 1146 (42S02): Table 'cse311 lab project.product_discount' doesn't exist
[2026-08-16 01:11:01] [ERROR] POST /api/notifications/unread-count -> MySQL error 1146 (42S02): Table 'cse311 lab project.notification' doesn't exist
[2026-08-16 01:11:10] [ERROR] POST /api/cart/add -> MySQL error 1452 (23000): Cannot add or update a child row: a foreign key constraint fails (`cse311 lab project`.`customer_cart`, CONSTRAINT `fk_cart_customer` FOREIGN KEY (`customer_id`) REFERENCES `customer` (`customer_id`) ON DELETE CASCADE ON UPDATE CASCADE)
[2026-08-16 01:11:10] [ERROR] POST /api/catalog/products -> MySQL error 1146 (42S02): Table 'cse311 lab project.product_discount' doesn't exist
[2026-08-16 01:11:10] [ERROR] POST /api/notifications/unread-count -> MySQL error 1146 (42S02): Table 'cse311 lab project.notification' doesn't exist
[2026-08-16 01:13:57] [ERROR] POST /api/notifications/unread-count -> MySQL error 1146 (42S02): Table 'cse311 lab project.notification' doesn't exist
[2026-08-16 01:14:01] [ERROR] POST /api/cart/list -> MySQL error 1146 (42S02): Table 'cse311 lab project.product_discount' doesn't exist
[2026-08-16 01:14:01] [ERROR] POST /api/notifications/unread-count -> MySQL error 1146 (42S02): Table 'cse311 lab project.notification' doesn't exist
[2026-08-16 01:14:06] [ERROR] POST /api/catalog/products -> MySQL error 1146 (42S02): Table 'cse311 lab project.product_discount' doesn't exist
[2026-08-16 01:14:06] [ERROR] POST /api/notifications/unread-count -> MySQL error 1146 (42S02): Table 'cse311 lab project.notification' doesn't exist
[2026-08-16 01:14:07] [ERROR] POST /api/catalog/products -> MySQL error 1146 (42S02): Table 'cse311 lab project.product_discount' doesn't exist
[2026-08-16 01:14:07] [ERROR] POST /api/notifications/unread-count -> MySQL error 1146 (42S02): Table 'cse311 lab project.notification' doesn't exist
[2026-08-16 01:14:08] [ERROR] POST /api/catalog/products -> MySQL error 1146 (42S02): Table 'cse311 lab project.product_discount' doesn't exist
[2026-08-16 01:14:08] [ERROR] POST /api/notifications/unread-count -> MySQL error 1146 (42S02): Table 'cse311 lab project.notification' doesn't exist
[2026-08-16 01:14:09] [ERROR] POST /api/catalog/products -> MySQL error 1146 (42S02): Table 'cse311 lab project.product_discount' doesn't exist
[2026-08-16 01:14:09] [ERROR] POST /api/notifications/unread-count -> MySQL error 1146 (42S02): Table 'cse311 lab project.notification' doesn't exist
[2026-08-16 01:14:12] [ERROR] POST /api/cart/list -> MySQL error 1146 (42S02): Table 'cse311 lab project.product_discount' doesn't exist
[2026-08-16 01:14:12] [ERROR] POST /api/notifications/unread-count -> MySQL error 1146 (42S02): Table 'cse311 lab project.notification' doesn't exist
[2026-08-16 01:14:20] [ERROR] POST /api/cart/list -> MySQL error 1146 (42S02): Table 'cse311 lab project.product_discount' doesn't exist
[2026-08-16 01:14:20] [ERROR] POST /api/notifications/unread-count -> MySQL error 1146 (42S02): Table 'cse311 lab project.notification' doesn't exist
[2026-08-16 01:14:57] [ERROR] POST /api/catalog/products -> MySQL error 1146 (42S02): Table 'cse311 lab project.product_discount' doesn't exist
[2026-08-16 01:14:57] [ERROR] POST /api/notifications/unread-count -> MySQL error 1146 (42S02): Table 'cse311 lab project.notification' doesn't exist
[2026-08-16 01:14:58] [ERROR] POST /api/cart/list -> MySQL error 1146 (42S02): Table 'cse311 lab project.product_discount' doesn't exist
[2026-08-16 01:14:58] [ERROR] POST /api/notifications/unread-count -> MySQL error 1146 (42S02): Table 'cse311 lab project.notification' doesn't exist
[2026-08-16 01:14:59] [ERROR] POST /api/catalog/products -> MySQL error 1146 (42S02): Table 'cse311 lab project.product_discount' doesn't exist
[2026-08-16 01:15:00] [ERROR] POST /api/notifications/unread-count -> MySQL error 1146 (42S02): Table 'cse311 lab project.notification' doesn't exist
[2026-08-16 01:15:01] [ERROR] POST /api/cart/list -> MySQL error 1146 (42S02): Table 'cse311 lab project.product_discount' doesn't exist
[2026-08-16 01:15:01] [ERROR] POST /api/notifications/unread-count -> MySQL error 1146 (42S02): Table 'cse311 lab project.notification' doesn't exist
[2026-08-16 01:16:34] [ERROR] POST /api/auth/register/verify -> MySQL error 1054 (42S22): Unknown column 'phone' in 'field list'
[2026-08-16 01:16:39] [ERROR] POST /api/auth/register/verify -> MySQL error 1062 (23000): Duplicate entry 'Karimmiah0_0' for key 'Username'
[2026-08-16 01:16:52] [ERROR] POST /api/auth/register/verify -> MySQL error 1062 (23000): Duplicate entry 'Karimmiah0_0' for key 'Username'
[2026-08-16 01:16:56] [ERROR] POST /api/auth/register/verify -> MySQL error 1062 (23000): Duplicate entry 'Karimmiah0_0' for key 'Username'
[2026-08-16 01:17:04] [ERROR] POST /api/auth/register/verify -> MySQL error 1062 (23000): Duplicate entry 'Karimmiah0_0' for key 'Username'
[2026-08-16 01:17:10] [ERROR] POST /api/auth/register/verify -> MySQL error 1062 (23000): Duplicate entry 'Karimmiah0_0' for key 'Username'
[2026-08-16 01:25:09] [INFO ] AgriSphere C++ backend starting
[2026-08-16 01:25:09] [INFO ] Configuration loaded from config\backend.ini
[2026-08-16 01:25:09] [INFO ] DatabaseManager ready: 4 connection(s) to 127.0.0.1:3306/cse311 lab project
[2026-08-16 01:25:09] [INFO ] HTTP API listening on http://127.0.0.1:8787 (8 worker threads)
[2026-08-16 01:27:07] [INFO ] DiscountService: 138 member observer(s) subscribed to the discount subject
[2026-08-16 01:27:07] [INFO ] DiscountSubject: notifying 139 observer(s) about "10% off Carrot"
[2026-08-16 01:27:07] [INFO ] [discount] Farmer Riyad Miah has discounted Carrot by 10%. The price is now BDT 45.00 instead of BDT 50.00.
[2026-08-16 01:41:23] [INFO ] Shutdown requested, stopping the AgriSphere backend...
[2026-08-16 01:44:14] [INFO ] AgriSphere C++ backend starting
[2026-08-16 01:44:14] [INFO ] Configuration loaded from config\backend.ini
[2026-08-16 01:44:14] [INFO ] DatabaseManager ready: 4 connection(s) to 127.0.0.1:3306/cse311 lab project
[2026-08-16 01:44:14] [INFO ] HTTP API listening on http://127.0.0.1:8787 (8 worker threads)
[2026-08-16 10:32:47] [INFO ] AgriSphere C++ backend starting
[2026-08-16 10:32:47] [INFO ] Configuration loaded from config\backend.ini
[2026-08-16 10:32:47] [INFO ] DatabaseManager ready: 4 connection(s) to 127.0.0.1:3306/cse311 lab project
[2026-08-16 10:32:47] [INFO ] HTTP API listening on http://127.0.0.1:8787 (8 worker threads)
[2026-08-16 11:05:13] [INFO ] DiscountService: 139 member observer(s) subscribed to the discount subject
[2026-08-16 11:05:13] [INFO ] DiscountSubject: notifying 140 observer(s) about "10% off Katla"
[2026-08-16 11:05:13] [INFO ] [discount] Farmer Labib Miah has discounted Katla by 10%. The price is now BDT 270.00 instead of BDT 300.00.
[2026-08-16 20:37:03] [INFO ] Shutdown requested, stopping the AgriSphere backend...
[2026-08-17 09:44:05] [INFO ] AgriSphere C++ backend starting
[2026-08-17 09:44:05] [INFO ] Configuration loaded from d:\XAMPP\htdocs\Agrisphere\backend\config\backend.ini
[2026-08-17 09:44:05] [INFO ] DatabaseManager ready: 4 connection(s) to 127.0.0.1:3306/cse311 lab project
[2026-08-17 09:44:05] [INFO ] HTTP API listening on http://127.0.0.1:8787 (8 worker threads)
[2026-08-17 09:46:31] [INFO ] Checkout for customer 99000001: Regular strategy (0%), 1 item(s)
[2026-08-17 09:46:40] [INFO ] Checkout for customer 99000001: Premium strategy (5%), 1 item(s)
[2026-08-17 09:46:40] [INFO ] Checkout for customer 99000001: Bulk strategy (10%), 10 item(s)
[2026-08-17 09:47:11] [INFO ] DiscountService: 141 member observer(s) subscribed to the discount subject
[2026-08-17 09:47:11] [INFO ] DiscountSubject: notifying 142 observer(s) about "10% off Katla"
[2026-08-17 09:47:11] [INFO ] [discount] Farmer Labib Miah has discounted Katla by 10%. The price is now BDT 270.00 instead of BDT 300.00.
[2026-08-17 09:56:38] [INFO ] AgriSphere C++ backend starting
[2026-08-17 09:56:38] [INFO ] Configuration loaded from config\backend.ini
[2026-08-17 09:56:38] [INFO ] DatabaseManager ready: 4 connection(s) to 127.0.0.1:3306/cse311 lab project
[2026-08-17 09:56:38] [INFO ] HTTP API listening on http://127.0.0.1:8787 (8 worker threads)
[2026-08-17 10:04:09] [INFO ] Checkout for customer 10000016: Premium strategy (5%), 8 item(s)
[2026-08-17 10:08:37] [INFO ] Shutdown requested, stopping the AgriSphere backend...
[2026-08-17 10:38:15] [INFO ] AgriSphere C++ backend starting
[2026-08-17 10:38:15] [INFO ] Configuration loaded from d:\XAMPP\htdocs\Agrisphere\backend\config\backend.ini
[2026-08-17 10:38:15] [INFO ] DatabaseManager ready: 4 connection(s) to 127.0.0.1:3306/cse311 lab project
[2026-08-17 10:38:15] [INFO ] HTTP API listening on http://127.0.0.1:8787 (8 worker threads)
[2026-08-17 10:38:33] [INFO ] DiscountService: 140 member observer(s) subscribed to the discount subject
[2026-08-17 10:38:33] [INFO ] DiscountSubject: notifying 141 observer(s) about "10% off Katla"
[2026-08-17 10:38:33] [INFO ] [discount] Farmer Labib Miah has discounted Katla by 10%. The price is now BDT 270.00 instead of BDT 300.00.
[2026-08-17 10:38:33] [INFO ] [notify] In-App notification stored for Ahsan Kabir #7029344
[2026-08-17 10:38:33] [INFO ] [notify] Email sent to ahsan.kabir@yahoo.com
[2026-08-17 10:38:33] [INFO ] [notify] Ahsan Kabir #7029344 delivered via: In-App + Email
[2026-08-17 10:38:33] [INFO ] [notify] In-App notification stored for Nusrat Jahan #7065411
[2026-08-17 10:38:33] [INFO ] [notify] Push sent to the device of Nusrat Jahan
[2026-08-17 10:38:33] [INFO ] [notify] Nusrat Jahan #7065411 delivered via: In-App + Push
[2026-08-17 10:38:33] [INFO ] [notify] In-App notification stored for Sultana Begum #7123988
[2026-08-17 10:38:33] [INFO ] [notify] Email sent to sultana.begum@yahoo.com
[2026-08-17 10:38:33] [INFO ] [notify] Push sent to the device of Sultana Begum
[2026-08-17 10:38:33] [INFO ] [notify] Sultana Begum #7123988 delivered via: In-App + Email + Push
[2026-08-17 10:38:33] [INFO ] [notify] In-App notification stored for Mitu Begum #7159033
[2026-08-17 10:38:33] [INFO ] [notify] Email sent to mitu.begum@yahoo.com
[2026-08-17 10:38:33] [INFO ] [notify] Mitu Begum #7159033 delivered via: In-App + Email
[2026-08-17 10:38:33] [INFO ] [notify] In-App notification stored for Rakin Hasib #7165321
[2026-08-17 10:38:33] [INFO ] [notify] Email sent to rakin.hasib@gmail.com
[2026-08-17 10:38:33] [INFO ] [notify] Rakin Hasib #7165321 delivered via: In-App + Email
[2026-08-17 10:38:33] [INFO ] [notify] In-App notification stored for Mariya Sultana #7183440
[2026-08-17 10:38:33] [INFO ] [notify] Email sent to mariya.sultana@gmail.com
[2026-08-17 10:38:33] [INFO ] [notify] Mariya Sultana #7183440 delivered via: In-App + Email
[2026-08-17 10:38:33] [INFO ] [notify] In-App notification stored for Tania Sultana #7203401
[2026-08-17 10:38:33] [INFO ] [notify] Email sent to tania.sultana@gmail.com
[2026-08-17 10:38:33] [INFO ] [notify] Tania Sultana #7203401 delivered via: In-App + Email
[2026-08-17 10:38:33] [INFO ] [notify] In-App notification stored for Sabrina Chowdhury #7219033
[2026-08-17 10:38:33] [INFO ] [notify] Email sent to sabrina.chy@gmail.com
[2026-08-17 10:38:33] [INFO ] [notify] Sabrina Chowdhury #7219033 delivered via: In-App + Email
[2026-08-17 10:38:33] [INFO ] [notify] In-App notification stored for Nahid Hasan #7250934
[2026-08-17 10:38:33] [INFO ] [notify] Email sent to nahid.hasan@yahoo.com
[2026-08-17 10:38:33] [INFO ] [notify] Nahid Hasan #7250934 delivered via: In-App + Email
[2026-08-17 10:38:33] [INFO ] [notify] In-App notification stored for Sakib Ahmed #7283590
[2026-08-17 10:38:33] [INFO ] [notify] Email sent to sakib.ahmed@gmail.com
[2026-08-17 10:38:33] [INFO ] [notify] Sakib Ahmed #7283590 delivered via: In-App + Email
[2026-08-17 10:38:33] [INFO ] [notify] In-App notification stored for Mou Akter #7331220
[2026-08-17 10:38:33] [INFO ] [notify] Email sent to mou.akter@yahoo.com
[2026-08-17 10:38:33] [INFO ] [notify] Mou Akter #7331220 delivered via: In-App + Email
[2026-08-17 10:38:33] [INFO ] [notify] In-App notification stored for Rumana Akter #7338912
[2026-08-17 10:38:33] [INFO ] [notify] Email sent to rumana.akter@gmail.com
[2026-08-17 10:38:33] [INFO ] [notify] Rumana Akter #7338912 delivered via: In-App + Email
[2026-08-17 10:38:33] [INFO ] [notify] In-App notification stored for Saif Rahman #7412891
[2026-08-17 10:38:33] [INFO ] [notify] Email sent to saif.rahman@gmail.com
[2026-08-17 10:38:33] [INFO ] [notify] Saif Rahman #7412891 delivered via: In-App + Email
[2026-08-17 10:38:33] [INFO ] [notify] In-App notification stored for Lamia Khan #7419083
[2026-08-17 10:38:33] [INFO ] [notify] Email sent to lamia.khan@gmail.com
[2026-08-17 10:38:33] [INFO ] [notify] Lamia Khan #7419083 delivered via: In-App + Email
[2026-08-17 10:38:33] [INFO ] [notify] In-App notification stored for Tamanna Akter #7429834
[2026-08-17 10:38:33] [INFO ] [notify] Email sent to tamanna.akter@gmail.com
[2026-08-17 10:38:33] [INFO ] [notify] Tamanna Akter #7429834 delivered via: In-App + Email
[2026-08-17 10:38:33] [INFO ] [notify] In-App notification stored for Jannat Khanam #7440193
[2026-08-17 10:38:33] [INFO ] [notify] Email sent to jannat.khanam@gmail.com
[2026-08-17 10:38:33] [INFO ] [notify] Jannat Khanam #7440193 delivered via: In-App + Email
[2026-08-17 10:38:33] [INFO ] [notify] In-App notification stored for Arif Hossain #7450001
[2026-08-17 10:38:33] [INFO ] [notify] Email sent to arif.hossain@gmail.com
[2026-08-17 10:38:33] [INFO ] [notify] Arif Hossain #7450001 delivered via: In-App + Email
[2026-08-17 10:38:33] [INFO ] [notify] In-App notification stored for Rafi Islam #7450002
[2026-08-17 10:38:33] [INFO ] [notify] Email sent to rafi.islam@gmail.com
[2026-08-17 10:38:33] [INFO ] [notify] Rafi Islam #7450002 delivered via: In-App + Email
[2026-08-17 10:38:33] [INFO ] [notify] In-App notification stored for Niloy Ahmed #7450003
[2026-08-17 10:38:33] [INFO ] [notify] Email sent to niloy.ahmed@gmail.com
[2026-08-17 10:38:33] [INFO ] [notify] Niloy Ahmed #7450003 delivered via: In-App + Email
[2026-08-17 10:38:33] [INFO ] [notify] In-App notification stored for Shawon Khan #7450004
[2026-08-17 10:38:33] [INFO ] [notify] Email sent to shawon.khan@gmail.com
[2026-08-17 10:38:33] [INFO ] [notify] Shawon Khan #7450004 delivered via: In-App + Email
[2026-08-17 10:38:33] [INFO ] [notify] In-App notification stored for Tamim Rahman #7450005
[2026-08-17 10:38:33] [INFO ] [notify] Email sent to tamim.rahman@gmail.com
[2026-08-17 10:38:33] [INFO ] [notify] Tamim Rahman #7450005 delivered via: In-App + Email
[2026-08-17 10:38:33] [INFO ] [notify] In-App notification stored for Sifat Hasan #7450006
[2026-08-17 10:38:33] [INFO ] [notify] Email sent to sifat.hasan@gmail.com
[2026-08-17 10:38:33] [INFO ] [notify] Sifat Hasan #7450006 delivered via: In-App + Email
[2026-08-17 10:38:33] [INFO ] [notify] In-App notification stored for Adib Mahmud #7450007
[2026-08-17 10:38:33] [INFO ] [notify] Email sent to adib.mahmud@gmail.com
[2026-08-17 10:38:33] [INFO ] [notify] Adib Mahmud #7450007 delivered via: In-App + Email
[2026-08-17 10:38:33] [INFO ] [notify] In-App notification stored for Fardin Islam #7450008
[2026-08-17 10:38:33] [INFO ] [notify] Email sent to fardin.islam@gmail.com
[2026-08-17 10:38:33] [INFO ] [notify] Fardin Islam #7450008 delivered via: In-App + Email
[2026-08-17 10:38:33] [INFO ] [notify] In-App notification stored for Nabil Haque #7450009
[2026-08-17 10:38:33] [INFO ] [notify] Email sent to nabil.haque@gmail.com
[2026-08-17 10:38:33] [INFO ] [notify] Nabil Haque #7450009 delivered via: In-App + Email
[2026-08-17 10:38:33] [INFO ] [notify] In-App notification stored for Ruhan Chowdhury #7450010
[2026-08-17 10:38:33] [INFO ] [notify] Email sent to ruhan.ch@gmail.com
[2026-08-17 10:38:33] [INFO ] [notify] Ruhan Chowdhury #7450010 delivered via: In-App + Email
[2026-08-17 10:38:33] [INFO ] [notify] In-App notification stored for Siam Uddin #7450011
[2026-08-17 10:38:33] [INFO ] [notify] Email sent to siam.uddin@gmail.com
[2026-08-17 10:38:33] [INFO ] [notify] Siam Uddin #7450011 delivered via: In-App + Email
[2026-08-17 10:38:33] [INFO ] [notify] In-App notification stored for Ayon Mia #7450012
[2026-08-17 10:38:33] [INFO ] [notify] Email sent to ayon.mia@gmail.com
[2026-08-17 10:38:33] [INFO ] [notify] Ayon Mia #7450012 delivered via: In-App + Email
[2026-08-17 10:38:33] [INFO ] [notify] In-App notification stored for Zihad Islam #7450013
[2026-08-17 10:38:33] [INFO ] [notify] Email sent to zihad.islam@gmail.com
[2026-08-17 10:38:33] [INFO ] [notify] Zihad Islam #7450013 delivered via: In-App + Email
[2026-08-17 10:38:33] [INFO ] [notify] In-App notification stored for Rakib Hossain #7450014
[2026-08-17 10:38:33] [INFO ] [notify] Email sent to rakib.h2@gmail.com
[2026-08-17 10:38:33] [INFO ] [notify] Rakib Hossain #7450014 delivered via: In-App + Email
[2026-08-17 10:38:33] [INFO ] [notify] In-App notification stored for Sajid Khan #7450015
[2026-08-17 10:38:33] [INFO ] [notify] Email sent to sajid.khan@gmail.com
[2026-08-17 10:38:33] [INFO ] [notify] Sajid Khan #7450015 delivered via: In-App + Email
[2026-08-17 10:38:33] [INFO ] [notify] In-App notification stored for Tanvir Ahmed #7450016
[2026-08-17 10:38:33] [INFO ] [notify] Email sent to tanvir.ahmed@gmail.com
[2026-08-17 10:38:33] [INFO ] [notify] Tanvir Ahmed #7450016 delivered via: In-App + Email
[2026-08-17 10:38:33] [INFO ] [notify] In-App notification stored for Riad Hasan #7450017
[2026-08-17 10:38:33] [INFO ] [notify] Email sent to riad.hasan@gmail.com
[2026-08-17 10:38:33] [INFO ] [notify] Riad Hasan #7450017 delivered via: In-App + Email
[2026-08-17 10:38:33] [INFO ] [notify] In-App notification stored for Mahin Islam #7450018
[2026-08-17 10:38:33] [INFO ] [notify] Email sent to mahin.islam@gmail.com
[2026-08-17 10:38:33] [INFO ] [notify] Mahin Islam #7450018 delivered via: In-App + Email
[2026-08-17 10:38:33] [INFO ] [notify] In-App notification stored for Iftekhar Rahman #7450019
[2026-08-17 10:38:33] [INFO ] [notify] Email sent to iftekhar.rahman@gmail.com
[2026-08-17 10:38:33] [INFO ] [notify] Iftekhar Rahman #7450019 delivered via: In-App + Email
[2026-08-17 10:38:33] [INFO ] [notify] In-App notification stored for Anik Sarkar #7450020
[2026-08-17 10:38:33] [INFO ] [notify] Email sent to anik.sarkar@gmail.com
[2026-08-17 10:38:33] [INFO ] [notify] Anik Sarkar #7450020 delivered via: In-App + Email
[2026-08-17 10:38:33] [INFO ] [notify] In-App notification stored for Shihab Uddin #7450021
[2026-08-17 10:38:33] [INFO ] [notify] Email sent to shihab.uddin@gmail.com
[2026-08-17 10:38:33] [INFO ] [notify] Shihab Uddin #7450021 delivered via: In-App + Email
[2026-08-17 10:38:33] [INFO ] [notify] In-App notification stored for Foysal Mia #7450022
[2026-08-17 10:38:33] [INFO ] [notify] Email sent to foysal.mia@gmail.com
[2026-08-17 10:38:33] [INFO ] [notify] Foysal Mia #7450022 delivered via: In-App + Email
[2026-08-17 10:38:33] [INFO ] [notify] In-App notification stored for Ashik Hassan #7450023
[2026-08-17 10:38:33] [INFO ] [notify] Email sent to ashik.hassan@gmail.com
[2026-08-17 10:38:33] [INFO ] [notify] Ashik Hassan #7450023 delivered via: In-App + Email
[2026-08-17 10:38:33] [INFO ] [notify] In-App notification stored for Rony Islam #7450024
[2026-08-17 10:38:33] [INFO ] [notify] Email sent to rony.islam@gmail.com
[2026-08-17 10:38:33] [INFO ] [notify] Rony Islam #7450024 delivered via: In-App + Email
[2026-08-17 10:38:33] [INFO ] [notify] In-App notification stored for Jubayer Ahmed #7450025
[2026-08-17 10:38:33] [INFO ] [notify] Email sent to jubayer.ahmed@gmail.com
[2026-08-17 10:38:33] [INFO ] [notify] Jubayer Ahmed #7450025 delivered via: In-App + Email
[2026-08-17 10:38:33] [INFO ] [notify] In-App notification stored for Sabbir Rahman #7450026
[2026-08-17 10:38:33] [INFO ] [notify] Email sent to sabbir.rahman@gmail.com
[2026-08-17 10:38:33] [INFO ] [notify] Sabbir Rahman #7450026 delivered via: In-App + Email
[2026-08-17 10:38:33] [INFO ] [notify] In-App notification stored for Rasel Hossain #7450027
[2026-08-17 10:38:33] [INFO ] [notify] Email sent to rasel.h2@gmail.com
[2026-08-17 10:38:33] [INFO ] [notify] Rasel Hossain #7450027 delivered via: In-App + Email
[2026-08-17 10:38:33] [INFO ] [notify] In-App notification stored for Arafat Islam #7450028
[2026-08-17 10:38:33] [INFO ] [notify] Email sent to arafat.islam@gmail.com
[2026-08-17 10:38:33] [INFO ] [notify] Arafat Islam #7450028 delivered via: In-App + Email
[2026-08-17 10:38:33] [INFO ] [notify] In-App notification stored for Sohan Khan #7450029
[2026-08-17 10:38:33] [INFO ] [notify] Email sent to sohan.khan@gmail.com
[2026-08-17 10:38:33] [INFO ] [notify] Sohan Khan #7450029 delivered via: In-App + Email
[2026-08-17 10:38:33] [INFO ] [notify] In-App notification stored for Minhaz Rahman #7450030
[2026-08-17 10:38:33] [INFO ] [notify] Email sent to minhaz.rahman@gmail.com
[2026-08-17 10:38:33] [INFO ] [notify] Minhaz Rahman #7450030 delivered via: In-App + Email
[2026-08-17 10:38:33] [INFO ] [notify] In-App notification stored for Riyad Hasan #7450031
[2026-08-17 10:38:33] [INFO ] [notify] Email sent to riyad.hasan@gmail.com
[2026-08-17 10:38:33] [INFO ] [notify] Riyad Hasan #7450031 delivered via: In-App + Email
[2026-08-17 10:38:33] [INFO ] [notify] In-App notification stored for Fahad Islam #7450032
[2026-08-17 10:38:33] [INFO ] [notify] Email sent to fahad.islam@gmail.com
[2026-08-17 10:38:33] [INFO ] [notify] Fahad Islam #7450032 delivered via: In-App + Email
[2026-08-17 10:38:33] [INFO ] [notify] In-App notification stored for Sakib Ahmed #7450033
[2026-08-17 10:38:33] [INFO ] [notify] Email sent to sakib.ahmed@gmail.com
[2026-08-17 10:38:33] [INFO ] [notify] Sakib Ahmed #7450033 delivered via: In-App + Email
[2026-08-17 10:38:33] [INFO ] [notify] In-App notification stored for Imtiaz Hossain #7450034
[2026-08-17 10:38:33] [INFO ] [notify] Email sent to imtiaz.hossain@gmail.com
[2026-08-17 10:38:33] [INFO ] [notify] Imtiaz Hossain #7450034 delivered via: In-App + Email
[2026-08-17 10:38:33] [INFO ] [notify] In-App notification stored for Shanto Islam #7450035
[2026-08-17 10:38:33] [INFO ] [notify] Email sent to shanto.islam@gmail.com
[2026-08-17 10:38:33] [INFO ] [notify] Shanto Islam #7450035 delivered via: In-App + Email
[2026-08-17 10:38:33] [INFO ] [notify] In-App notification stored for Noman Khan #7450036
[2026-08-17 10:38:33] [INFO ] [notify] Email sent to noman.khan@gmail.com
[2026-08-17 10:38:33] [INFO ] [notify] Noman Khan #7450036 delivered via: In-App + Email
[2026-08-17 10:38:33] [INFO ] [notify] In-App notification stored for Ashraf Uddin #7450037
[2026-08-17 10:38:33] [INFO ] [notify] Email sent to ashraf.uddin@gmail.com
[2026-08-17 10:38:33] [INFO ] [notify] Ashraf Uddin #7450037 delivered via: In-App + Email
[2026-08-17 10:38:33] [INFO ] [notify] In-App notification stored for Tuhin Mia #7450038
[2026-08-17 10:38:33] [INFO ] [notify] Email sent to tuhin.mia@gmail.com
[2026-08-17 10:38:33] [INFO ] [notify] Tuhin Mia #7450038 delivered via: In-App + Email
[2026-08-17 10:38:33] [INFO ] [notify] In-App notification stored for Parvez Hasan #7450039
[2026-08-17 10:38:33] [INFO ] [notify] Email sent to parvez.hasan@gmail.com
[2026-08-17 10:38:33] [INFO ] [notify] Parvez Hasan #7450039 delivered via: In-App + Email
[2026-08-17 10:38:33] [INFO ] [notify] In-App notification stored for Mahfuz Rahman #7450040
[2026-08-17 10:38:33] [INFO ] [notify] Email sent to mahfuz.rahman@gmail.com
[2026-08-17 10:38:33] [INFO ] [notify] Mahfuz Rahman #7450040 delivered via: In-App + Email
[2026-08-17 10:38:33] [INFO ] [notify] In-App notification stored for Raihan Islam #7450041
[2026-08-17 10:38:33] [INFO ] [notify] Email sent to raihan.islam@gmail.com
[2026-08-17 10:38:33] [INFO ] [notify] Raihan Islam #7450041 delivered via: In-App + Email
[2026-08-17 10:38:33] [INFO ] [notify] In-App notification stored for Shamim Ahmed #7450042
[2026-08-17 10:38:33] [INFO ] [notify] Email sent to shamim.ahmed@gmail.com
[2026-08-17 10:38:33] [INFO ] [notify] Shamim Ahmed #7450042 delivered via: In-App + Email
[2026-08-17 10:38:33] [INFO ] [notify] In-App notification stored for Emon Hossain #7450043
[2026-08-17 10:38:33] [INFO ] [notify] Email sent to emon.hossain@gmail.com
[2026-08-17 10:38:33] [INFO ] [notify] Emon Hossain #7450043 delivered via: In-App + Email
[2026-08-17 10:38:33] [INFO ] [notify] In-App notification stored for Jahid Islam #7450044
[2026-08-17 10:38:33] [INFO ] [notify] Email sent to jahid.islam@gmail.com
[2026-08-17 10:38:33] [INFO ] [notify] Jahid Islam #7450044 delivered via: In-App + Email
[2026-08-17 10:38:33] [INFO ] [notify] In-App notification stored for Rifat Khan #7450045
[2026-08-17 10:38:33] [INFO ] [notify] Email sent to rifat.khan@gmail.com
[2026-08-17 10:38:33] [INFO ] [notify] Rifat Khan #7450045 delivered via: In-App + Email
[2026-08-17 10:38:33] [INFO ] [notify] In-App notification stored for Masud Rahman #7450046
[2026-08-17 10:38:33] [INFO ] [notify] Email sent to masud.rahman@gmail.com
[2026-08-17 10:38:33] [INFO ] [notify] Masud Rahman #7450046 delivered via: In-App + Email
[2026-08-17 10:38:33] [INFO ] [notify] In-App notification stored for Bashir Uddin #7450047
[2026-08-17 10:38:33] [INFO ] [notify] Email sent to bashir.uddin@gmail.com
[2026-08-17 10:38:33] [INFO ] [notify] Bashir Uddin #7450047 delivered via: In-App + Email
[2026-08-17 10:38:33] [INFO ] [notify] In-App notification stored for Shafi Islam #7450048
[2026-08-17 10:38:33] [INFO ] [notify] Email sent to shafi.islam@gmail.com
[2026-08-17 10:38:33] [INFO ] [notify] Shafi Islam #7450048 delivered via: In-App + Email
[2026-08-17 10:38:33] [INFO ] [notify] In-App notification stored for Tareq Hasan #7450049
[2026-08-17 10:38:33] [INFO ] [notify] Email sent to tareq.hasan@gmail.com
[2026-08-17 10:38:33] [INFO ] [notify] Tareq Hasan #7450049 delivered via: In-App + Email
[2026-08-17 10:38:33] [INFO ] [notify] In-App notification stored for Rashed Khan #7450050
[2026-08-17 10:38:33] [INFO ] [notify] Email sent to rashed.khan@gmail.com
[2026-08-17 10:38:33] [INFO ] [notify] Rashed Khan #7450050 delivered via: In-App + Email
[2026-08-17 10:38:33] [INFO ] [notify] In-App notification stored for Naim Islam #7450051
[2026-08-17 10:38:33] [INFO ] [notify] Email sent to naim.islam@gmail.com
[2026-08-17 10:38:33] [INFO ] [notify] Naim Islam #7450051 delivered via: In-App + Email
[2026-08-17 10:38:33] [INFO ] [notify] In-App notification stored for Firoz Ahmed #7450052
[2026-08-17 10:38:33] [INFO ] [notify] Email sent to firoz.ahmed@gmail.com
[2026-08-17 10:38:33] [INFO ] [notify] Firoz Ahmed #7450052 delivered via: In-App + Email
[2026-08-17 10:38:33] [INFO ] [notify] In-App notification stored for Iqbal Hossain #7450053
[2026-08-17 10:38:33] [INFO ] [notify] Email sent to iqbal.hossain@gmail.com
[2026-08-17 10:38:33] [INFO ] [notify] Iqbal Hossain #7450053 delivered via: In-App + Email
[2026-08-17 10:38:33] [INFO ] [notify] In-App notification stored for Nazmul Islam #7450054
[2026-08-17 10:38:33] [INFO ] [notify] Email sent to nazmul.islam@gmail.com
[2026-08-17 10:38:33] [INFO ] [notify] Nazmul Islam #7450054 delivered via: In-App + Email
[2026-08-17 10:38:33] [INFO ] [notify] In-App notification stored for Kawsar Khan #7450055
[2026-08-17 10:38:33] [INFO ] [notify] Email sent to kawsar.khan@gmail.com
[2026-08-17 10:38:33] [INFO ] [notify] Kawsar Khan #7450055 delivered via: In-App + Email
[2026-08-17 10:38:33] [INFO ] [notify] In-App notification stored for Sujon Mia #7450056
[2026-08-17 10:38:33] [INFO ] [notify] Email sent to sujon.mia@gmail.com
[2026-08-17 10:38:33] [INFO ] [notify] Sujon Mia #7450056 delivered via: In-App + Email
[2026-08-17 10:38:33] [INFO ] [notify] In-App notification stored for Habib Rahman #7450057
[2026-08-17 10:38:33] [INFO ] [notify] Email sent to habib.rahman@gmail.com
[2026-08-17 10:38:33] [INFO ] [notify] Habib Rahman #7450057 delivered via: In-App + Email
[2026-08-17 10:38:33] [INFO ] [notify] In-App notification stored for Alif Hasan #7450058
[2026-08-17 10:38:33] [INFO ] [notify] Email sent to alif.hasan@gmail.com
[2026-08-17 10:38:33] [INFO ] [notify] Alif Hasan #7450058 delivered via: In-App + Email
[2026-08-17 10:38:33] [INFO ] [notify] In-App notification stored for Rokon Uddin #7450059
[2026-08-17 10:38:33] [INFO ] [notify] Email sent to rokon.uddin@gmail.com
[2026-08-17 10:38:33] [INFO ] [notify] Rokon Uddin #7450059 delivered via: In-App + Email
[2026-08-17 10:38:33] [INFO ] [notify] In-App notification stored for Jony Islam #7450060
[2026-08-17 10:38:33] [INFO ] [notify] Email sent to jony.islam@gmail.com
[2026-08-17 10:38:33] [INFO ] [notify] Jony Islam #7450060 delivered via: In-App + Email
[2026-08-17 10:38:33] [INFO ] [notify] In-App notification stored for Sazzad Khan #7450061
[2026-08-17 10:38:33] [INFO ] [notify] Email sent to sazzad.khan@gmail.com
[2026-08-17 10:38:33] [INFO ] [notify] Sazzad Khan #7450061 delivered via: In-App + Email
[2026-08-17 10:38:33] [INFO ] [notify] In-App notification stored for Shawon Ahmed #7450062
[2026-08-17 10:38:33] [INFO ] [notify] Email sent to shawon.ahmed@gmail.com
[2026-08-17 10:38:33] [INFO ] [notify] Shawon Ahmed #7450062 delivered via: In-App + Email
[2026-08-17 10:38:33] [INFO ] [notify] In-App notification stored for Mahdi Islam #7450063
[2026-08-17 10:38:33] [INFO ] [notify] Email sent to mahdi.islam@gmail.com
[2026-08-17 10:38:33] [INFO ] [notify] Mahdi Islam #7450063 delivered via: In-App + Email
[2026-08-17 10:38:33] [INFO ] [notify] In-App notification stored for Zakir Hossain #7450064
[2026-08-17 10:38:33] [INFO ] [notify] Email sent to zakir.hossain@gmail.com
[2026-08-17 10:38:33] [INFO ] [notify] Zakir Hossain #7450064 delivered via: In-App + Email
[2026-08-17 10:38:33] [INFO ] [notify] In-App notification stored for Sami Rahman #7450065
[2026-08-17 10:38:33] [INFO ] [notify] Email sent to sami.rahman@gmail.com
[2026-08-17 10:38:33] [INFO ] [notify] Sami Rahman #7450065 delivered via: In-App + Email
[2026-08-17 10:38:33] [INFO ] [notify] In-App notification stored for Tanim Islam #7450066
[2026-08-17 10:38:33] [INFO ] [notify] Email sent to tanim.islam@gmail.com
[2026-08-17 10:38:33] [INFO ] [notify] Tanim Islam #7450066 delivered via: In-App + Email
[2026-08-17 10:38:33] [INFO ] [notify] In-App notification stored for Ishrat Jahan #7569211
[2026-08-17 10:38:33] [INFO ] [notify] Email sent to ishrat.jahan@yahoo.com
[2026-08-17 10:38:33] [INFO ] [notify] Ishrat Jahan #7569211 delivered via: In-App + Email
[2026-08-17 10:38:33] [INFO ] [notify] In-App notification stored for Amina Khatun #7600001
[2026-08-17 10:38:33] [INFO ] [notify] Email sent to amina.khatun@gmail.com
[2026-08-17 10:38:33] [INFO ] [notify] Amina Khatun #7600001 delivered via: In-App + Email
[2026-08-17 10:38:33] [INFO ] [notify] In-App notification stored for Rohan Ahmed #7600002
[2026-08-17 10:38:33] [INFO ] [notify] Email sent to rohan.ahmed@gmail.com
[2026-08-17 10:38:33] [INFO ] [notify] Rohan Ahmed #7600002 delivered via: In-App + Email
[2026-08-17 10:38:33] [INFO ] [notify] In-App notification stored for Sadia Islam #7600003
[2026-08-17 10:38:33] [INFO ] [notify] Email sent to sadia.islam@gmail.com
[2026-08-17 10:38:33] [INFO ] [notify] Sadia Islam #7600003 delivered via: In-App + Email
[2026-08-17 10:38:33] [INFO ] [notify] In-App notification stored for Imran Hossain #7600004
[2026-08-17 10:38:33] [INFO ] [notify] Email sent to imran.hossain@gmail.com
[2026-08-17 10:38:33] [INFO ] [notify] Imran Hossain #7600004 delivered via: In-App + Email
[2026-08-17 10:38:33] [INFO ] [notify] In-App notification stored for Nabila Khan #7600005
[2026-08-17 10:38:33] [INFO ] [notify] Email sent to nabila.khan@gmail.com
[2026-08-17 10:38:33] [INFO ] [notify] Nabila Khan #7600005 delivered via: In-App + Email
[2026-08-17 10:38:33] [INFO ] [notify] In-App notification stored for Saif Uddin #7600006
[2026-08-17 10:38:33] [INFO ] [notify] Email sent to saif.uddin@gmail.com
[2026-08-17 10:38:33] [INFO ] [notify] Saif Uddin #7600006 delivered via: In-App + Email
[2026-08-17 10:38:33] [INFO ] [notify] In-App notification stored for Farhan Miah #7600007
[2026-08-17 10:38:33] [INFO ] [notify] Email sent to farhan.miah@gmail.com
[2026-08-17 10:38:33] [INFO ] [notify] Farhan Miah #7600007 delivered via: In-App + Email
[2026-08-17 10:38:33] [INFO ] [notify] In-App notification stored for Lamia Chowdhury #7600008
[2026-08-17 10:38:33] [INFO ] [notify] Email sent to lamia.chowdhury@gmail.com
[2026-08-17 10:38:33] [INFO ] [notify] Lamia Chowdhury #7600008 delivered via: In-App + Email
[2026-08-17 10:38:33] [INFO ] [notify] In-App notification stored for Arif Rahman #7600009
[2026-08-17 10:38:33] [INFO ] [notify] Email sent to arif.rahman@gmail.com
[2026-08-17 10:38:33] [INFO ] [notify] Arif Rahman #7600009 delivered via: In-App + Email
[2026-08-17 10:38:33] [INFO ] [notify] In-App notification stored for Tania Sultana #7600010
[2026-08-17 10:38:33] [INFO ] [notify] Email sent to tania.sultana@gmail.com
[2026-08-17 10:38:33] [INFO ] [notify] Tania Sultana #7600010 delivered via: In-App + Email
[2026-08-17 10:38:33] [INFO ] [notify] In-App notification stored for Mehedi Hasan #7600011
[2026-08-17 10:38:33] [INFO ] [notify] Email sent to mehedi.hasan@gmail.com
[2026-08-17 10:38:33] [INFO ] [notify] Mehedi Hasan #7600011 delivered via: In-App + Email
[2026-08-17 10:38:33] [INFO ] [notify] In-App notification stored for Jarin Akter #7600012
[2026-08-17 10:38:33] [INFO ] [notify] Email sent to jarin.akter@gmail.com
[2026-08-17 10:38:33] [INFO ] [notify] Jarin Akter #7600012 delivered via: In-App + Email
[2026-08-17 10:38:33] [INFO ] [notify] In-App notification stored for Omar Faruk #7600013
[2026-08-17 10:38:33] [INFO ] [notify] Email sent to omar.faruk@gmail.com
[2026-08-17 10:38:33] [INFO ] [notify] Omar Faruk #7600013 delivered via: In-App + Email
[2026-08-17 10:38:33] [INFO ] [notify] In-App notification stored for Maliha Tasnim #7600014
[2026-08-17 10:38:33] [INFO ] [notify] SMS sent to 01820000014
[2026-08-17 10:38:33] [INFO ] [notify] Maliha Tasnim #7600014 delivered via: In-App + SMS
[2026-08-17 10:38:33] [INFO ] [notify] In-App notification stored for Ridwan Khan #7600015
[2026-08-17 10:38:33] [INFO ] [notify] Email sent to ridwan.khan@gmail.com
[2026-08-17 10:38:33] [INFO ] [notify] Ridwan Khan #7600015 delivered via: In-App + Email
[2026-08-17 10:38:33] [INFO ] [notify] In-App notification stored for Sakib Alam #7600016
[2026-08-17 10:38:33] [INFO ] [notify] Email sent to sakib.alam@gmail.com
[2026-08-17 10:38:33] [INFO ] [notify] Sakib Alam #7600016 delivered via: In-App + Email
[2026-08-17 10:38:33] [INFO ] [notify] In-App notification stored for Nusrat Jahan #7600017
[2026-08-17 10:38:33] [INFO ] [notify] Email sent to nusrat.jahan@gmail.com
[2026-08-17 10:38:33] [INFO ] [notify] Nusrat Jahan #7600017 delivered via: In-App + Email
[2026-08-17 10:38:33] [INFO ] [notify] In-App notification stored for Tahmid Ahmed #7600018
[2026-08-17 10:38:33] [INFO ] [notify] Email sent to tahmid.ahmed@gmail.com
[2026-08-17 10:38:33] [INFO ] [notify] Tahmid Ahmed #7600018 delivered via: In-App + Email
[2026-08-17 10:38:33] [INFO ] [notify] In-App notification stored for Mim Akter #7600019
[2026-08-17 10:38:33] [INFO ] [notify] Email sent to mim.akter@gmail.com
[2026-08-17 10:38:33] [INFO ] [notify] Mim Akter #7600019 delivered via: In-App + Email
[2026-08-17 10:38:33] [INFO ] [notify] In-App notification stored for Zayed Hossain #7600020
[2026-08-17 10:38:33] [INFO ] [notify] Email sent to zayed.hossain@gmail.com
[2026-08-17 10:38:33] [INFO ] [notify] Zayed Hossain #7600020 delivered via: In-App + Email
[2026-08-17 10:38:33] [INFO ] [notify] In-App notification stored for Afsana Miah #7600021
[2026-08-17 10:38:33] [INFO ] [notify] Email sent to afsana.miah@gmail.com
[2026-08-17 10:38:33] [INFO ] [notify] Afsana Miah #7600021 delivered via: In-App + Email
[2026-08-17 10:38:33] [INFO ] [notify] In-App notification stored for Rayhan Kabir #7600022
[2026-08-17 10:38:33] [INFO ] [notify] Email sent to rayhan.kabir@gmail.com
[2026-08-17 10:38:33] [INFO ] [notify] Rayhan Kabir #7600022 delivered via: In-App + Email
[2026-08-17 10:38:33] [INFO ] [notify] In-App notification stored for Shifa Tasnim #7600023
[2026-08-17 10:38:33] [INFO ] [notify] Email sent to shifa.tasnim@gmail.com
[2026-08-17 10:38:33] [INFO ] [notify] Shifa Tasnim #7600023 delivered via: In-App + Email
[2026-08-17 10:38:33] [INFO ] [notify] In-App notification stored for Abrar Rahman #7600024
[2026-08-17 10:38:33] [INFO ] [notify] Email sent to abrar.rahman@gmail.com
[2026-08-17 10:38:33] [INFO ] [notify] Abrar Rahman #7600024 delivered via: In-App + Email
[2026-08-17 10:38:33] [INFO ] [notify] In-App notification stored for Sohana Islam #7600025
[2026-08-17 10:38:33] [INFO ] [notify] Email sent to sohana.islam@gmail.com
[2026-08-17 10:38:33] [INFO ] [notify] Sohana Islam #7600025 delivered via: In-App + Email
[2026-08-17 10:38:33] [INFO ] [notify] In-App notification stored for Ehsan Khan #7600026
[2026-08-17 10:38:33] [INFO ] [notify] Email sent to ehsan.khan@gmail.com
[2026-08-17 10:38:33] [INFO ] [notify] Ehsan Khan #7600026 delivered via: In-App + Email
[2026-08-17 10:38:33] [INFO ] [notify] In-App notification stored for Raisa Khatun #7600027
[2026-08-17 10:38:33] [INFO ] [notify] Email sent to raisa.khatun@gmail.com
[2026-08-17 10:38:33] [INFO ] [notify] Raisa Khatun #7600027 delivered via: In-App + Email
[2026-08-17 10:38:33] [INFO ] [notify] In-App notification stored for Mahin Ahmed #7600028
[2026-08-17 10:38:33] [INFO ] [notify] Email sent to mahin.ahmed@gmail.com
[2026-08-17 10:38:33] [INFO ] [notify] Mahin Ahmed #7600028 delivered via: In-App + Email
[2026-08-17 10:38:33] [INFO ] [notify] In-App notification stored for Liza Akter #7600029
[2026-08-17 10:38:33] [INFO ] [notify] Email sent to liza.akter@gmail.com
[2026-08-17 10:38:33] [INFO ] [notify] Liza Akter #7600029 delivered via: In-App + Email
[2026-08-17 10:38:33] [INFO ] [notify] In-App notification stored for Jawad Hasan #7600030
[2026-08-17 10:38:33] [INFO ] [notify] Email sent to jawad.hasan@gmail.com
[2026-08-17 10:38:33] [INFO ] [notify] Jawad Hasan #7600030 delivered via: In-App + Email
[2026-08-17 10:38:33] [INFO ] [notify] In-App notification stored for Nayla Jahan #7600031
[2026-08-17 10:38:33] [INFO ] [notify] Email sent to nayla.jahan@gmail.com
[2026-08-17 10:38:33] [INFO ] [notify] Nayla Jahan #7600031 delivered via: In-App + Email
[2026-08-17 10:38:33] [INFO ] [notify] In-App notification stored for Ratul Islam #7600032
[2026-08-17 10:38:33] [INFO ] [notify] Email sent to ratul.islam@gmail.com
[2026-08-17 10:38:33] [INFO ] [notify] Ratul Islam #7600032 delivered via: In-App + Email
[2026-08-17 10:38:33] [INFO ] [notify] In-App notification stored for Iffat Sultana #7600033
[2026-08-17 10:38:33] [INFO ] [notify] Email sent to iffat.sultana@gmail.com
[2026-08-17 10:38:33] [INFO ] [notify] Iffat Sultana #7600033 delivered via: In-App + Email
[2026-08-17 10:38:33] [INFO ] [notify] In-App notification stored for Siam Khan #7600034
[2026-08-17 10:38:33] [INFO ] [notify] Email sent to siam.khan@gmail.com
[2026-08-17 10:38:33] [INFO ] [notify] Siam Khan #7600034 delivered via: In-App + Email
[2026-08-17 10:38:33] [INFO ] [notify] In-App notification stored for Ayan Faruk #7600036
[2026-08-17 10:38:33] [INFO ] [notify] Email sent to ayan.faruk@gmail.com
[2026-08-17 10:38:33] [INFO ] [notify] Ayan Faruk #7600036 delivered via: In-App + Email
[2026-08-17 10:38:33] [INFO ] [notify] In-App notification stored for Nafisa Khatun #7600037
[2026-08-17 10:38:33] [INFO ] [notify] Email sent to nafisa.khatun@gmail.com
[2026-08-17 10:38:33] [INFO ] [notify] Nafisa Khatun #7600037 delivered via: In-App + Email
[2026-08-17 10:38:33] [INFO ] [notify] In-App notification stored for Labib Ahmed #7600038
[2026-08-17 10:38:33] [INFO ] [notify] Email sent to labib.ahmed@gmail.com
[2026-08-17 10:38:33] [INFO ] [notify] Labib Ahmed #7600038 delivered via: In-App + Email
[2026-08-17 10:38:33] [INFO ] [notify] In-App notification stored for Zara Khan #7600039
[2026-08-17 10:38:33] [INFO ] [notify] Email sent to zara.khan@gmail.com
[2026-08-17 10:38:33] [INFO ] [notify] Zara Khan #7600039 delivered via: In-App + Email
[2026-08-17 10:38:33] [INFO ] [notify] In-App notification stored for Fahad Rahman #7600040
[2026-08-17 10:38:33] [INFO ] [notify] Email sent to fahad.rahman@gmail.com
[2026-08-17 10:38:33] [INFO ] [notify] Fahad Rahman #7600040 delivered via: In-App + Email
[2026-08-17 10:38:33] [INFO ] [notify] In-App notification stored for Shila Akter #7634891
[2026-08-17 10:38:33] [INFO ] [notify] Email sent to shila.akter@yahoo.com
[2026-08-17 10:38:33] [INFO ] [notify] Shila Akter #7634891 delivered via: In-App + Email
[2026-08-17 10:38:33] [INFO ] [notify] In-App notification stored for Sadia Ferdous #7644433
[2026-08-17 10:38:33] [INFO ] [notify] Email sent to sadia.ferdous@yahoo.com
[2026-08-17 10:38:33] [INFO ] [notify] Sadia Ferdous #7644433 delivered via: In-App + Email
[2026-08-17 10:38:33] [INFO ] [notify] In-App notification stored for Sumaiya Khatun #7648201
[2026-08-17 10:38:33] [INFO ] [notify] Email sent to sumaiya.khatun@gmail.com
[2026-08-17 10:38:33] [INFO ] [notify] Sumaiya Khatun #7648201 delivered via: In-App + Email
[2026-08-17 10:38:33] [INFO ] [notify] In-App notification stored for Niloy Karim #7732091
[2026-08-17 10:38:33] [INFO ] [notify] Email sent to niloy.karim@yahoo.com
[2026-08-17 10:38:33] [INFO ] [notify] Niloy Karim #7732091 delivered via: In-App + Email
[2026-08-17 10:38:33] [INFO ] [notify] In-App notification stored for Sohana Sultana #7812393
[2026-08-17 10:38:33] [INFO ] [notify] Email sent to sohana.sultana@yahoo.com
[2026-08-17 10:38:33] [INFO ] [notify] Sohana Sultana #7812393 delivered via: In-App + Email
[2026-08-17 10:38:33] [INFO ] [notify] In-App notification stored for Rasel Ahmed #7829891
[2026-08-17 10:38:33] [INFO ] [notify] Email sent to rasel.ahmed@gmail.com
[2026-08-17 10:38:33] [INFO ] [notify] Rasel Ahmed #7829891 delivered via: In-App + Email
[2026-08-17 10:38:33] [INFO ] [notify] In-App notification stored for Mamun Chowdhury #7845990
[2026-08-17 10:38:33] [INFO ] [notify] Email sent to mamun.chowdhury@gmail.com
[2026-08-17 10:38:33] [INFO ] [notify] Mamun Chowdhury #7845990 delivered via: In-App + Email
[2026-08-17 10:38:33] [INFO ] [notify] In-App notification stored for Farzana Yasmin #7882345
[2026-08-17 10:38:33] [INFO ] [notify] Email sent to farzana.yasmin@gmail.com
[2026-08-17 10:38:33] [INFO ] [notify] Farzana Yasmin #7882345 delivered via: In-App + Email
[2026-08-17 10:38:33] [INFO ] [notify] In-App notification stored for Sharmin Akhter #7932441
[2026-08-17 10:38:33] [INFO ] [notify] Email sent to sharmin.akhter@yahoo.com
[2026-08-17 10:38:33] [INFO ] [notify] Sharmin Akhter #7932441 delivered via: In-App + Email
[2026-08-17 10:38:33] [INFO ] [notify] In-App notification stored for Arif Mahmud #7940012
[2026-08-17 10:38:33] [INFO ] [notify] Email sent to arif.mahmud@gmail.com
[2026-08-17 10:38:33] [INFO ] [notify] Arif Mahmud #7940012 delivered via: In-App + Email
[2026-08-17 10:38:33] [INFO ] [notify] In-App notification stored for Rafi Islam #7993544
[2026-08-17 10:38:33] [INFO ] [notify] Email sent to rafi.islam@gmail.com
[2026-08-17 10:38:33] [INFO ] [notify] Rafi Islam #7993544 delivered via: In-App + Email
[2026-08-17 10:38:33] [INFO ] [notify] In-App notification stored for Hasan Khan #8124593
[2026-08-17 10:38:33] [INFO ] [notify] Email sent to hasan.khan@gmail.com
[2026-08-17 10:38:33] [INFO ] [notify] Hasan Khan #8124593 delivered via: In-App + Email
[2026-08-17 10:38:33] [INFO ] [notify] In-App notification stored for Nausicaaa Rren #9500105
[2026-08-17 10:38:33] [INFO ] [notify] Email sent to rn@gmail.com
[2026-08-17 10:38:33] [INFO ] [notify] Nausicaaa Rren #9500105 delivered via: In-App + Email
[2026-08-17 10:38:33] [INFO ] [notify] In-App notification stored for Ahnaf Nehal #10000000
[2026-08-17 10:38:33] [INFO ] [notify] Email sent to orpatasnimejannat@gmail.com
[2026-08-17 10:38:33] [INFO ] [notify] Ahnaf Nehal #10000000 delivered via: In-App + Email
[2026-08-17 10:38:33] [INFO ] [notify] In-App notification stored for Mumtahina Naomi #10000002
[2026-08-17 10:38:33] [INFO ] [notify] Email sent to naomi@gmail.com
[2026-08-17 10:38:33] [INFO ] [notify] Mumtahina Naomi #10000002 delivered via: In-App + Email
[2026-08-17 10:38:33] [INFO ] [notify] In-App notification stored for Sudad Masnun #10000006
[2026-08-17 10:38:33] [INFO ] [notify] Email sent to sudadmasnunnabi789@gmail.com
[2026-08-17 10:38:33] [INFO ] [notify] Sudad Masnun #10000006 delivered via: In-App + Email
[2026-08-17 10:38:33] [INFO ] [notify] In-App notification stored for Nanjiba Nisa #10000015
[2026-08-17 10:38:33] [INFO ] [notify] Email sent to n@gmail.com
[2026-08-17 10:38:33] [INFO ] [notify] Nanjiba Nisa #10000015 delivered via: In-App + Email
[2026-08-17 10:38:33] [INFO ] [notify] In-App notification stored for Habiba Meherin #10000016
[2026-08-17 10:38:33] [INFO ] [notify] Habiba Meherin #10000016 delivered via: In-App
[2026-08-17 10:51:07] [INFO ] AgriSphere C++ backend starting
[2026-08-17 10:51:07] [INFO ] Configuration loaded from config\backend.ini
[2026-08-17 10:51:07] [INFO ] DatabaseManager ready: 4 connection(s) to 127.0.0.1:3306/cse311 lab project
[2026-08-17 10:51:07] [INFO ] HTTP API listening on http://127.0.0.1:8787 (8 worker threads)
[2026-08-17 10:52:08] [INFO ] Shutdown requested, stopping the AgriSphere backend...
[2026-08-17 10:52:28] [INFO ] AgriSphere C++ backend starting
[2026-08-17 10:52:28] [INFO ] Configuration loaded from config\backend.ini
[2026-08-17 10:52:28] [INFO ] DatabaseManager ready: 4 connection(s) to 127.0.0.1:3306/cse311 lab project
[2026-08-17 10:52:28] [INFO ] HTTP API listening on http://127.0.0.1:8787 (8 worker threads)
[2026-08-17 10:53:34] [INFO ] Checkout for customer 10000006: Premium strategy (5%), 1 item(s)
[2026-08-17 10:54:58] [INFO ] DiscountService: 140 member observer(s) subscribed to the discount subject
[2026-08-17 10:54:58] [INFO ] DiscountSubject: notifying 141 observer(s) about "10% off Catfish"
[2026-08-17 10:54:58] [INFO ] [discount] Farmer Labib Miah has discounted Catfish by 10%. The price is now BDT 360.00 instead of BDT 400.00.
[2026-08-17 10:54:58] [INFO ] [notify] In-App notification stored for Ahsan Kabir #7029344
[2026-08-17 10:54:58] [INFO ] [notify] Email sent to ahsan.kabir@yahoo.com
[2026-08-17 10:54:58] [INFO ] [notify] Ahsan Kabir #7029344 delivered via: In-App + Email
[2026-08-17 10:54:58] [INFO ] [notify] In-App notification stored for Nusrat Jahan #7065411
[2026-08-17 10:54:58] [INFO ] [notify] Email sent to nusrat.jahan@yahoo.com
[2026-08-17 10:54:58] [INFO ] [notify] Nusrat Jahan #7065411 delivered via: In-App + Email
[2026-08-17 10:54:58] [INFO ] [notify] In-App notification stored for Sultana Begum #7123988
[2026-08-17 10:54:58] [INFO ] [notify] Email sent to sultana.begum@yahoo.com
[2026-08-17 10:54:58] [INFO ] [notify] Sultana Begum #7123988 delivered via: In-App + Email
[2026-08-17 10:54:58] [INFO ] [notify] In-App notification stored for Mitu Begum #7159033
[2026-08-17 10:54:58] [INFO ] [notify] Email sent to mitu.begum@yahoo.com
[2026-08-17 10:54:58] [INFO ] [notify] Mitu Begum #7159033 delivered via: In-App + Email
[2026-08-17 10:54:58] [INFO ] [notify] In-App notification stored for Rakin Hasib #7165321
[2026-08-17 10:54:58] [INFO ] [notify] Email sent to rakin.hasib@gmail.com
[2026-08-17 10:54:58] [INFO ] [notify] Rakin Hasib #7165321 delivered via: In-App + Email
[2026-08-17 10:54:58] [INFO ] [notify] In-App notification stored for Mariya Sultana #7183440
[2026-08-17 10:54:58] [INFO ] [notify] Email sent to mariya.sultana@gmail.com
[2026-08-17 10:54:58] [INFO ] [notify] Mariya Sultana #7183440 delivered via: In-App + Email
[2026-08-17 10:54:58] [INFO ] [notify] In-App notification stored for Tania Sultana #7203401
[2026-08-17 10:54:58] [INFO ] [notify] Email sent to tania.sultana@gmail.com
[2026-08-17 10:54:58] [INFO ] [notify] Tania Sultana #7203401 delivered via: In-App + Email
[2026-08-17 10:54:58] [INFO ] [notify] In-App notification stored for Sabrina Chowdhury #7219033
[2026-08-17 10:54:58] [INFO ] [notify] Email sent to sabrina.chy@gmail.com
[2026-08-17 10:54:58] [INFO ] [notify] Sabrina Chowdhury #7219033 delivered via: In-App + Email
[2026-08-17 10:54:58] [INFO ] [notify] In-App notification stored for Nahid Hasan #7250934
[2026-08-17 10:54:58] [INFO ] [notify] Email sent to nahid.hasan@yahoo.com
[2026-08-17 10:54:58] [INFO ] [notify] Nahid Hasan #7250934 delivered via: In-App + Email
[2026-08-17 10:54:58] [INFO ] [notify] In-App notification stored for Sakib Ahmed #7283590
[2026-08-17 10:54:58] [INFO ] [notify] Email sent to sakib.ahmed@gmail.com
[2026-08-17 10:54:58] [INFO ] [notify] Sakib Ahmed #7283590 delivered via: In-App + Email
[2026-08-17 10:54:58] [INFO ] [notify] In-App notification stored for Mou Akter #7331220
[2026-08-17 10:54:58] [INFO ] [notify] Email sent to mou.akter@yahoo.com
[2026-08-17 10:54:58] [INFO ] [notify] Mou Akter #7331220 delivered via: In-App + Email
[2026-08-17 10:54:58] [INFO ] [notify] In-App notification stored for Rumana Akter #7338912
[2026-08-17 10:54:58] [INFO ] [notify] Email sent to rumana.akter@gmail.com
[2026-08-17 10:54:58] [INFO ] [notify] Rumana Akter #7338912 delivered via: In-App + Email
[2026-08-17 10:54:58] [INFO ] [notify] In-App notification stored for Saif Rahman #7412891
[2026-08-17 10:54:58] [INFO ] [notify] Email sent to saif.rahman@gmail.com
[2026-08-17 10:54:58] [INFO ] [notify] Saif Rahman #7412891 delivered via: In-App + Email
[2026-08-17 10:54:58] [INFO ] [notify] In-App notification stored for Lamia Khan #7419083
[2026-08-17 10:54:58] [INFO ] [notify] Email sent to lamia.khan@gmail.com
[2026-08-17 10:54:58] [INFO ] [notify] Lamia Khan #7419083 delivered via: In-App + Email
[2026-08-17 10:54:58] [INFO ] [notify] In-App notification stored for Tamanna Akter #7429834
[2026-08-17 10:54:58] [INFO ] [notify] Email sent to tamanna.akter@gmail.com
[2026-08-17 10:54:58] [INFO ] [notify] Tamanna Akter #7429834 delivered via: In-App + Email
[2026-08-17 10:54:58] [INFO ] [notify] In-App notification stored for Jannat Khanam #7440193
[2026-08-17 10:54:58] [INFO ] [notify] Email sent to jannat.khanam@gmail.com
[2026-08-17 10:54:58] [INFO ] [notify] Jannat Khanam #7440193 delivered via: In-App + Email
[2026-08-17 10:54:58] [INFO ] [notify] In-App notification stored for Arif Hossain #7450001
[2026-08-17 10:54:58] [INFO ] [notify] Email sent to arif.hossain@gmail.com
[2026-08-17 10:54:58] [INFO ] [notify] Arif Hossain #7450001 delivered via: In-App + Email
[2026-08-17 10:54:58] [INFO ] [notify] In-App notification stored for Rafi Islam #7450002
[2026-08-17 10:54:58] [INFO ] [notify] Email sent to rafi.islam@gmail.com
[2026-08-17 10:54:58] [INFO ] [notify] Rafi Islam #7450002 delivered via: In-App + Email
[2026-08-17 10:54:58] [INFO ] [notify] In-App notification stored for Niloy Ahmed #7450003
[2026-08-17 10:54:58] [INFO ] [notify] Email sent to niloy.ahmed@gmail.com
[2026-08-17 10:54:58] [INFO ] [notify] Niloy Ahmed #7450003 delivered via: In-App + Email
[2026-08-17 10:54:58] [INFO ] [notify] In-App notification stored for Shawon Khan #7450004
[2026-08-17 10:54:58] [INFO ] [notify] Email sent to shawon.khan@gmail.com
[2026-08-17 10:54:58] [INFO ] [notify] Shawon Khan #7450004 delivered via: In-App + Email
[2026-08-17 10:54:58] [INFO ] [notify] In-App notification stored for Tamim Rahman #7450005
[2026-08-17 10:54:58] [INFO ] [notify] Email sent to tamim.rahman@gmail.com
[2026-08-17 10:54:58] [INFO ] [notify] Tamim Rahman #7450005 delivered via: In-App + Email
[2026-08-17 10:54:58] [INFO ] [notify] In-App notification stored for Sifat Hasan #7450006
[2026-08-17 10:54:58] [INFO ] [notify] Email sent to sifat.hasan@gmail.com
[2026-08-17 10:54:58] [INFO ] [notify] Sifat Hasan #7450006 delivered via: In-App + Email
[2026-08-17 10:54:58] [INFO ] [notify] In-App notification stored for Adib Mahmud #7450007
[2026-08-17 10:54:58] [INFO ] [notify] Email sent to adib.mahmud@gmail.com
[2026-08-17 10:54:58] [INFO ] [notify] Adib Mahmud #7450007 delivered via: In-App + Email
[2026-08-17 10:54:58] [INFO ] [notify] In-App notification stored for Fardin Islam #7450008
[2026-08-17 10:54:58] [INFO ] [notify] Email sent to fardin.islam@gmail.com
[2026-08-17 10:54:58] [INFO ] [notify] Fardin Islam #7450008 delivered via: In-App + Email
[2026-08-17 10:54:58] [INFO ] [notify] In-App notification stored for Nabil Haque #7450009
[2026-08-17 10:54:58] [INFO ] [notify] Email sent to nabil.haque@gmail.com
[2026-08-17 10:54:58] [INFO ] [notify] Nabil Haque #7450009 delivered via: In-App + Email
[2026-08-17 10:54:58] [INFO ] [notify] In-App notification stored for Ruhan Chowdhury #7450010
[2026-08-17 10:54:58] [INFO ] [notify] Email sent to ruhan.ch@gmail.com
[2026-08-17 10:54:58] [INFO ] [notify] Ruhan Chowdhury #7450010 delivered via: In-App + Email
[2026-08-17 10:54:58] [INFO ] [notify] In-App notification stored for Siam Uddin #7450011
[2026-08-17 10:54:58] [INFO ] [notify] Email sent to siam.uddin@gmail.com
[2026-08-17 10:54:58] [INFO ] [notify] Siam Uddin #7450011 delivered via: In-App + Email
[2026-08-17 10:54:58] [INFO ] [notify] In-App notification stored for Ayon Mia #7450012
[2026-08-17 10:54:58] [INFO ] [notify] Email sent to ayon.mia@gmail.com
[2026-08-17 10:54:58] [INFO ] [notify] Ayon Mia #7450012 delivered via: In-App + Email
[2026-08-17 10:54:58] [INFO ] [notify] In-App notification stored for Zihad Islam #7450013
[2026-08-17 10:54:58] [INFO ] [notify] Email sent to zihad.islam@gmail.com
[2026-08-17 10:54:58] [INFO ] [notify] Zihad Islam #7450013 delivered via: In-App + Email
[2026-08-17 10:54:58] [INFO ] [notify] In-App notification stored for Rakib Hossain #7450014
[2026-08-17 10:54:58] [INFO ] [notify] Email sent to rakib.h2@gmail.com
[2026-08-17 10:54:58] [INFO ] [notify] Rakib Hossain #7450014 delivered via: In-App + Email
[2026-08-17 10:54:58] [INFO ] [notify] In-App notification stored for Sajid Khan #7450015
[2026-08-17 10:54:58] [INFO ] [notify] Email sent to sajid.khan@gmail.com
[2026-08-17 10:54:58] [INFO ] [notify] Sajid Khan #7450015 delivered via: In-App + Email
[2026-08-17 10:54:58] [INFO ] [notify] In-App notification stored for Tanvir Ahmed #7450016
[2026-08-17 10:54:58] [INFO ] [notify] Email sent to tanvir.ahmed@gmail.com
[2026-08-17 10:54:58] [INFO ] [notify] Tanvir Ahmed #7450016 delivered via: In-App + Email
[2026-08-17 10:54:58] [INFO ] [notify] In-App notification stored for Riad Hasan #7450017
[2026-08-17 10:54:58] [INFO ] [notify] Email sent to riad.hasan@gmail.com
[2026-08-17 10:54:58] [INFO ] [notify] Riad Hasan #7450017 delivered via: In-App + Email
[2026-08-17 10:54:58] [INFO ] [notify] In-App notification stored for Mahin Islam #7450018
[2026-08-17 10:54:58] [INFO ] [notify] Email sent to mahin.islam@gmail.com
[2026-08-17 10:54:58] [INFO ] [notify] Mahin Islam #7450018 delivered via: In-App + Email
[2026-08-17 10:54:58] [INFO ] [notify] In-App notification stored for Iftekhar Rahman #7450019
[2026-08-17 10:54:58] [INFO ] [notify] Email sent to iftekhar.rahman@gmail.com
[2026-08-17 10:54:58] [INFO ] [notify] Iftekhar Rahman #7450019 delivered via: In-App + Email
[2026-08-17 10:54:58] [INFO ] [notify] In-App notification stored for Anik Sarkar #7450020
[2026-08-17 10:54:58] [INFO ] [notify] Email sent to anik.sarkar@gmail.com
[2026-08-17 10:54:58] [INFO ] [notify] Anik Sarkar #7450020 delivered via: In-App + Email
[2026-08-17 10:54:58] [INFO ] [notify] In-App notification stored for Shihab Uddin #7450021
[2026-08-17 10:54:58] [INFO ] [notify] Email sent to shihab.uddin@gmail.com
[2026-08-17 10:54:58] [INFO ] [notify] Shihab Uddin #7450021 delivered via: In-App + Email
[2026-08-17 10:54:58] [INFO ] [notify] In-App notification stored for Foysal Mia #7450022
[2026-08-17 10:54:58] [INFO ] [notify] Email sent to foysal.mia@gmail.com
[2026-08-17 10:54:58] [INFO ] [notify] Foysal Mia #7450022 delivered via: In-App + Email
[2026-08-17 10:54:58] [INFO ] [notify] In-App notification stored for Ashik Hassan #7450023
[2026-08-17 10:54:58] [INFO ] [notify] Email sent to ashik.hassan@gmail.com
[2026-08-17 10:54:58] [INFO ] [notify] Ashik Hassan #7450023 delivered via: In-App + Email
[2026-08-17 10:54:58] [INFO ] [notify] In-App notification stored for Rony Islam #7450024
[2026-08-17 10:54:58] [INFO ] [notify] Email sent to rony.islam@gmail.com
[2026-08-17 10:54:58] [INFO ] [notify] Rony Islam #7450024 delivered via: In-App + Email
[2026-08-17 10:54:58] [INFO ] [notify] In-App notification stored for Jubayer Ahmed #7450025
[2026-08-17 10:54:58] [INFO ] [notify] Email sent to jubayer.ahmed@gmail.com
[2026-08-17 10:54:58] [INFO ] [notify] Jubayer Ahmed #7450025 delivered via: In-App + Email
[2026-08-17 10:54:58] [INFO ] [notify] In-App notification stored for Sabbir Rahman #7450026
[2026-08-17 10:54:58] [INFO ] [notify] Email sent to sabbir.rahman@gmail.com
[2026-08-17 10:54:58] [INFO ] [notify] Sabbir Rahman #7450026 delivered via: In-App + Email
[2026-08-17 10:54:58] [INFO ] [notify] In-App notification stored for Rasel Hossain #7450027
[2026-08-17 10:54:58] [INFO ] [notify] Email sent to rasel.h2@gmail.com
[2026-08-17 10:54:58] [INFO ] [notify] Rasel Hossain #7450027 delivered via: In-App + Email
[2026-08-17 10:54:58] [INFO ] [notify] In-App notification stored for Arafat Islam #7450028
[2026-08-17 10:54:58] [INFO ] [notify] Email sent to arafat.islam@gmail.com
[2026-08-17 10:54:58] [INFO ] [notify] Arafat Islam #7450028 delivered via: In-App + Email
[2026-08-17 10:54:58] [INFO ] [notify] In-App notification stored for Sohan Khan #7450029
[2026-08-17 10:54:58] [INFO ] [notify] Email sent to sohan.khan@gmail.com
[2026-08-17 10:54:58] [INFO ] [notify] Sohan Khan #7450029 delivered via: In-App + Email
[2026-08-17 10:54:58] [INFO ] [notify] In-App notification stored for Minhaz Rahman #7450030
[2026-08-17 10:54:58] [INFO ] [notify] Email sent to minhaz.rahman@gmail.com
[2026-08-17 10:54:58] [INFO ] [notify] Minhaz Rahman #7450030 delivered via: In-App + Email
[2026-08-17 10:54:58] [INFO ] [notify] In-App notification stored for Riyad Hasan #7450031
[2026-08-17 10:54:58] [INFO ] [notify] Email sent to riyad.hasan@gmail.com
[2026-08-17 10:54:58] [INFO ] [notify] Riyad Hasan #7450031 delivered via: In-App + Email
[2026-08-17 10:54:58] [INFO ] [notify] In-App notification stored for Fahad Islam #7450032
[2026-08-17 10:54:58] [INFO ] [notify] Email sent to fahad.islam@gmail.com
[2026-08-17 10:54:58] [INFO ] [notify] Fahad Islam #7450032 delivered via: In-App + Email
[2026-08-17 10:54:58] [INFO ] [notify] In-App notification stored for Sakib Ahmed #7450033
[2026-08-17 10:54:58] [INFO ] [notify] Email sent to sakib.ahmed@gmail.com
[2026-08-17 10:54:58] [INFO ] [notify] Sakib Ahmed #7450033 delivered via: In-App + Email
[2026-08-17 10:54:58] [INFO ] [notify] In-App notification stored for Imtiaz Hossain #7450034
[2026-08-17 10:54:58] [INFO ] [notify] Email sent to imtiaz.hossain@gmail.com
[2026-08-17 10:54:58] [INFO ] [notify] Imtiaz Hossain #7450034 delivered via: In-App + Email
[2026-08-17 10:54:58] [INFO ] [notify] In-App notification stored for Shanto Islam #7450035
[2026-08-17 10:54:58] [INFO ] [notify] Email sent to shanto.islam@gmail.com
[2026-08-17 10:54:58] [INFO ] [notify] Shanto Islam #7450035 delivered via: In-App + Email
[2026-08-17 10:54:58] [INFO ] [notify] In-App notification stored for Noman Khan #7450036
[2026-08-17 10:54:58] [INFO ] [notify] Email sent to noman.khan@gmail.com
[2026-08-17 10:54:58] [INFO ] [notify] Noman Khan #7450036 delivered via: In-App + Email
[2026-08-17 10:54:58] [INFO ] [notify] In-App notification stored for Ashraf Uddin #7450037
[2026-08-17 10:54:58] [INFO ] [notify] Email sent to ashraf.uddin@gmail.com
[2026-08-17 10:54:58] [INFO ] [notify] Ashraf Uddin #7450037 delivered via: In-App + Email
[2026-08-17 10:54:58] [INFO ] [notify] In-App notification stored for Tuhin Mia #7450038
[2026-08-17 10:54:58] [INFO ] [notify] Email sent to tuhin.mia@gmail.com
[2026-08-17 10:54:58] [INFO ] [notify] Tuhin Mia #7450038 delivered via: In-App + Email
[2026-08-17 10:54:58] [INFO ] [notify] In-App notification stored for Parvez Hasan #7450039
[2026-08-17 10:54:58] [INFO ] [notify] Email sent to parvez.hasan@gmail.com
[2026-08-17 10:54:58] [INFO ] [notify] Parvez Hasan #7450039 delivered via: In-App + Email
[2026-08-17 10:54:58] [INFO ] [notify] In-App notification stored for Mahfuz Rahman #7450040
[2026-08-17 10:54:58] [INFO ] [notify] Email sent to mahfuz.rahman@gmail.com
[2026-08-17 10:54:58] [INFO ] [notify] Mahfuz Rahman #7450040 delivered via: In-App + Email
[2026-08-17 10:54:58] [INFO ] [notify] In-App notification stored for Raihan Islam #7450041
[2026-08-17 10:54:58] [INFO ] [notify] Email sent to raihan.islam@gmail.com
[2026-08-17 10:54:58] [INFO ] [notify] Raihan Islam #7450041 delivered via: In-App + Email
[2026-08-17 10:54:58] [INFO ] [notify] In-App notification stored for Shamim Ahmed #7450042
[2026-08-17 10:54:58] [INFO ] [notify] Email sent to shamim.ahmed@gmail.com
[2026-08-17 10:54:58] [INFO ] [notify] Shamim Ahmed #7450042 delivered via: In-App + Email
[2026-08-17 10:54:58] [INFO ] [notify] In-App notification stored for Emon Hossain #7450043
[2026-08-17 10:54:58] [INFO ] [notify] Email sent to emon.hossain@gmail.com
[2026-08-17 10:54:58] [INFO ] [notify] Emon Hossain #7450043 delivered via: In-App + Email
[2026-08-17 10:54:58] [INFO ] [notify] In-App notification stored for Jahid Islam #7450044
[2026-08-17 10:54:58] [INFO ] [notify] Email sent to jahid.islam@gmail.com
[2026-08-17 10:54:58] [INFO ] [notify] Jahid Islam #7450044 delivered via: In-App + Email
[2026-08-17 10:54:58] [INFO ] [notify] In-App notification stored for Rifat Khan #7450045
[2026-08-17 10:54:58] [INFO ] [notify] Email sent to rifat.khan@gmail.com
[2026-08-17 10:54:58] [INFO ] [notify] Rifat Khan #7450045 delivered via: In-App + Email
[2026-08-17 10:54:58] [INFO ] [notify] In-App notification stored for Masud Rahman #7450046
[2026-08-17 10:54:58] [INFO ] [notify] Email sent to masud.rahman@gmail.com
[2026-08-17 10:54:58] [INFO ] [notify] Masud Rahman #7450046 delivered via: In-App + Email
[2026-08-17 10:54:58] [INFO ] [notify] In-App notification stored for Bashir Uddin #7450047
[2026-08-17 10:54:58] [INFO ] [notify] Email sent to bashir.uddin@gmail.com
[2026-08-17 10:54:58] [INFO ] [notify] Bashir Uddin #7450047 delivered via: In-App + Email
[2026-08-17 10:54:58] [INFO ] [notify] In-App notification stored for Shafi Islam #7450048
[2026-08-17 10:54:58] [INFO ] [notify] Email sent to shafi.islam@gmail.com
[2026-08-17 10:54:58] [INFO ] [notify] Shafi Islam #7450048 delivered via: In-App + Email
[2026-08-17 10:54:58] [INFO ] [notify] In-App notification stored for Tareq Hasan #7450049
[2026-08-17 10:54:58] [INFO ] [notify] Email sent to tareq.hasan@gmail.com
[2026-08-17 10:54:58] [INFO ] [notify] Tareq Hasan #7450049 delivered via: In-App + Email
[2026-08-17 10:54:58] [INFO ] [notify] In-App notification stored for Rashed Khan #7450050
[2026-08-17 10:54:58] [INFO ] [notify] Email sent to rashed.khan@gmail.com
[2026-08-17 10:54:58] [INFO ] [notify] Rashed Khan #7450050 delivered via: In-App + Email
[2026-08-17 10:54:58] [INFO ] [notify] In-App notification stored for Naim Islam #7450051
[2026-08-17 10:54:58] [INFO ] [notify] Email sent to naim.islam@gmail.com
[2026-08-17 10:54:58] [INFO ] [notify] Naim Islam #7450051 delivered via: In-App + Email
[2026-08-17 10:54:58] [INFO ] [notify] In-App notification stored for Firoz Ahmed #7450052
[2026-08-17 10:54:58] [INFO ] [notify] Email sent to firoz.ahmed@gmail.com
[2026-08-17 10:54:58] [INFO ] [notify] Firoz Ahmed #7450052 delivered via: In-App + Email
[2026-08-17 10:54:58] [INFO ] [notify] In-App notification stored for Iqbal Hossain #7450053
[2026-08-17 10:54:58] [INFO ] [notify] Email sent to iqbal.hossain@gmail.com
[2026-08-17 10:54:58] [INFO ] [notify] Iqbal Hossain #7450053 delivered via: In-App + Email
[2026-08-17 10:54:58] [INFO ] [notify] In-App notification stored for Nazmul Islam #7450054
[2026-08-17 10:54:58] [INFO ] [notify] Email sent to nazmul.islam@gmail.com
[2026-08-17 10:54:58] [INFO ] [notify] Nazmul Islam #7450054 delivered via: In-App + Email
[2026-08-17 10:54:58] [INFO ] [notify] In-App notification stored for Kawsar Khan #7450055
[2026-08-17 10:54:58] [INFO ] [notify] Email sent to kawsar.khan@gmail.com
[2026-08-17 10:54:58] [INFO ] [notify] Kawsar Khan #7450055 delivered via: In-App + Email
[2026-08-17 10:54:58] [INFO ] [notify] In-App notification stored for Sujon Mia #7450056
[2026-08-17 10:54:58] [INFO ] [notify] Email sent to sujon.mia@gmail.com
[2026-08-17 10:54:58] [INFO ] [notify] Sujon Mia #7450056 delivered via: In-App + Email
[2026-08-17 10:54:58] [INFO ] [notify] In-App notification stored for Habib Rahman #7450057
[2026-08-17 10:54:58] [INFO ] [notify] Email sent to habib.rahman@gmail.com
[2026-08-17 10:54:58] [INFO ] [notify] Habib Rahman #7450057 delivered via: In-App + Email
[2026-08-17 10:54:58] [INFO ] [notify] In-App notification stored for Alif Hasan #7450058
[2026-08-17 10:54:58] [INFO ] [notify] Email sent to alif.hasan@gmail.com
[2026-08-17 10:54:58] [INFO ] [notify] Alif Hasan #7450058 delivered via: In-App + Email
[2026-08-17 10:54:58] [INFO ] [notify] In-App notification stored for Rokon Uddin #7450059
[2026-08-17 10:54:58] [INFO ] [notify] Email sent to rokon.uddin@gmail.com
[2026-08-17 10:54:58] [INFO ] [notify] Rokon Uddin #7450059 delivered via: In-App + Email
[2026-08-17 10:54:58] [INFO ] [notify] In-App notification stored for Jony Islam #7450060
[2026-08-17 10:54:58] [INFO ] [notify] Email sent to jony.islam@gmail.com
[2026-08-17 10:54:58] [INFO ] [notify] Jony Islam #7450060 delivered via: In-App + Email
[2026-08-17 10:54:58] [INFO ] [notify] In-App notification stored for Sazzad Khan #7450061
[2026-08-17 10:54:58] [INFO ] [notify] Email sent to sazzad.khan@gmail.com
[2026-08-17 10:54:58] [INFO ] [notify] Sazzad Khan #7450061 delivered via: In-App + Email
[2026-08-17 10:54:58] [INFO ] [notify] In-App notification stored for Shawon Ahmed #7450062
[2026-08-17 10:54:58] [INFO ] [notify] Email sent to shawon.ahmed@gmail.com
[2026-08-17 10:54:58] [INFO ] [notify] Shawon Ahmed #7450062 delivered via: In-App + Email
[2026-08-17 10:54:58] [INFO ] [notify] In-App notification stored for Mahdi Islam #7450063
[2026-08-17 10:54:58] [INFO ] [notify] Email sent to mahdi.islam@gmail.com
[2026-08-17 10:54:58] [INFO ] [notify] Mahdi Islam #7450063 delivered via: In-App + Email
[2026-08-17 10:54:58] [INFO ] [notify] In-App notification stored for Zakir Hossain #7450064
[2026-08-17 10:54:58] [INFO ] [notify] Email sent to zakir.hossain@gmail.com
[2026-08-17 10:54:58] [INFO ] [notify] Zakir Hossain #7450064 delivered via: In-App + Email
[2026-08-17 10:54:58] [INFO ] [notify] In-App notification stored for Sami Rahman #7450065
[2026-08-17 10:54:58] [INFO ] [notify] Email sent to sami.rahman@gmail.com
[2026-08-17 10:54:58] [INFO ] [notify] Sami Rahman #7450065 delivered via: In-App + Email
[2026-08-17 10:54:58] [INFO ] [notify] In-App notification stored for Tanim Islam #7450066
[2026-08-17 10:54:58] [INFO ] [notify] Email sent to tanim.islam@gmail.com
[2026-08-17 10:54:58] [INFO ] [notify] Tanim Islam #7450066 delivered via: In-App + Email
[2026-08-17 10:54:58] [INFO ] [notify] In-App notification stored for Ishrat Jahan #7569211
[2026-08-17 10:54:58] [INFO ] [notify] Email sent to ishrat.jahan@yahoo.com
[2026-08-17 10:54:58] [INFO ] [notify] Ishrat Jahan #7569211 delivered via: In-App + Email
[2026-08-17 10:54:58] [INFO ] [notify] In-App notification stored for Amina Khatun #7600001
[2026-08-17 10:54:58] [INFO ] [notify] Email sent to amina.khatun@gmail.com
[2026-08-17 10:54:58] [INFO ] [notify] Amina Khatun #7600001 delivered via: In-App + Email
[2026-08-17 10:54:58] [INFO ] [notify] In-App notification stored for Rohan Ahmed #7600002
[2026-08-17 10:54:58] [INFO ] [notify] Email sent to rohan.ahmed@gmail.com
[2026-08-17 10:54:58] [INFO ] [notify] Rohan Ahmed #7600002 delivered via: In-App + Email
[2026-08-17 10:54:58] [INFO ] [notify] In-App notification stored for Sadia Islam #7600003
[2026-08-17 10:54:58] [INFO ] [notify] Email sent to sadia.islam@gmail.com
[2026-08-17 10:54:58] [INFO ] [notify] Sadia Islam #7600003 delivered via: In-App + Email
[2026-08-17 10:54:58] [INFO ] [notify] In-App notification stored for Imran Hossain #7600004
[2026-08-17 10:54:58] [INFO ] [notify] Email sent to imran.hossain@gmail.com
[2026-08-17 10:54:58] [INFO ] [notify] Imran Hossain #7600004 delivered via: In-App + Email
[2026-08-17 10:54:58] [INFO ] [notify] In-App notification stored for Nabila Khan #7600005
[2026-08-17 10:54:58] [INFO ] [notify] Email sent to nabila.khan@gmail.com
[2026-08-17 10:54:58] [INFO ] [notify] Nabila Khan #7600005 delivered via: In-App + Email
[2026-08-17 10:54:58] [INFO ] [notify] In-App notification stored for Saif Uddin #7600006
[2026-08-17 10:54:58] [INFO ] [notify] Email sent to saif.uddin@gmail.com
[2026-08-17 10:54:58] [INFO ] [notify] Saif Uddin #7600006 delivered via: In-App + Email
[2026-08-17 10:54:58] [INFO ] [notify] In-App notification stored for Farhan Miah #7600007
[2026-08-17 10:54:58] [INFO ] [notify] Email sent to farhan.miah@gmail.com
[2026-08-17 10:54:58] [INFO ] [notify] Farhan Miah #7600007 delivered via: In-App + Email
[2026-08-17 10:54:58] [INFO ] [notify] In-App notification stored for Lamia Chowdhury #7600008
[2026-08-17 10:54:58] [INFO ] [notify] Email sent to lamia.chowdhury@gmail.com
[2026-08-17 10:54:58] [INFO ] [notify] Lamia Chowdhury #7600008 delivered via: In-App + Email
[2026-08-17 10:54:58] [INFO ] [notify] In-App notification stored for Arif Rahman #7600009
[2026-08-17 10:54:58] [INFO ] [notify] Email sent to arif.rahman@gmail.com
[2026-08-17 10:54:58] [INFO ] [notify] Arif Rahman #7600009 delivered via: In-App + Email
[2026-08-17 10:54:58] [INFO ] [notify] In-App notification stored for Tania Sultana #7600010
[2026-08-17 10:54:58] [INFO ] [notify] Email sent to tania.sultana@gmail.com
[2026-08-17 10:54:58] [INFO ] [notify] Tania Sultana #7600010 delivered via: In-App + Email
[2026-08-17 10:54:58] [INFO ] [notify] In-App notification stored for Mehedi Hasan #7600011
[2026-08-17 10:54:58] [INFO ] [notify] Email sent to mehedi.hasan@gmail.com
[2026-08-17 10:54:58] [INFO ] [notify] Mehedi Hasan #7600011 delivered via: In-App + Email
[2026-08-17 10:54:58] [INFO ] [notify] In-App notification stored for Jarin Akter #7600012
[2026-08-17 10:54:58] [INFO ] [notify] Email sent to jarin.akter@gmail.com
[2026-08-17 10:54:58] [INFO ] [notify] Jarin Akter #7600012 delivered via: In-App + Email
[2026-08-17 10:54:58] [INFO ] [notify] In-App notification stored for Omar Faruk #7600013
[2026-08-17 10:54:58] [INFO ] [notify] Email sent to omar.faruk@gmail.com
[2026-08-17 10:54:58] [INFO ] [notify] Omar Faruk #7600013 delivered via: In-App + Email
[2026-08-17 10:54:58] [INFO ] [notify] In-App notification stored for Maliha Tasnim #7600014
[2026-08-17 10:54:58] [INFO ] [notify] Email sent to maliha.tasnim@gmail.com
[2026-08-17 10:54:58] [INFO ] [notify] Maliha Tasnim #7600014 delivered via: In-App + Email
[2026-08-17 10:54:58] [INFO ] [notify] In-App notification stored for Ridwan Khan #7600015
[2026-08-17 10:54:58] [INFO ] [notify] Email sent to ridwan.khan@gmail.com
[2026-08-17 10:54:58] [INFO ] [notify] Ridwan Khan #7600015 delivered via: In-App + Email
[2026-08-17 10:54:58] [INFO ] [notify] In-App notification stored for Sakib Alam #7600016
[2026-08-17 10:54:58] [INFO ] [notify] Email sent to sakib.alam@gmail.com
[2026-08-17 10:54:58] [INFO ] [notify] Sakib Alam #7600016 delivered via: In-App + Email
[2026-08-17 10:54:58] [INFO ] [notify] In-App notification stored for Nusrat Jahan #7600017
[2026-08-17 10:54:58] [INFO ] [notify] Email sent to nusrat.jahan@gmail.com
[2026-08-17 10:54:58] [INFO ] [notify] Nusrat Jahan #7600017 delivered via: In-App + Email
[2026-08-17 10:54:58] [INFO ] [notify] In-App notification stored for Tahmid Ahmed #7600018
[2026-08-17 10:54:58] [INFO ] [notify] Email sent to tahmid.ahmed@gmail.com
[2026-08-17 10:54:58] [INFO ] [notify] Tahmid Ahmed #7600018 delivered via: In-App + Email
[2026-08-17 10:54:58] [INFO ] [notify] In-App notification stored for Mim Akter #7600019
[2026-08-17 10:54:58] [INFO ] [notify] Email sent to mim.akter@gmail.com
[2026-08-17 10:54:58] [INFO ] [notify] Mim Akter #7600019 delivered via: In-App + Email
[2026-08-17 10:54:58] [INFO ] [notify] In-App notification stored for Zayed Hossain #7600020
[2026-08-17 10:54:58] [INFO ] [notify] Email sent to zayed.hossain@gmail.com
[2026-08-17 10:54:58] [INFO ] [notify] Zayed Hossain #7600020 delivered via: In-App + Email
[2026-08-17 10:54:58] [INFO ] [notify] In-App notification stored for Afsana Miah #7600021
[2026-08-17 10:54:58] [INFO ] [notify] Email sent to afsana.miah@gmail.com
[2026-08-17 10:54:58] [INFO ] [notify] Afsana Miah #7600021 delivered via: In-App + Email
[2026-08-17 10:54:58] [INFO ] [notify] In-App notification stored for Rayhan Kabir #7600022
[2026-08-17 10:54:58] [INFO ] [notify] Email sent to rayhan.kabir@gmail.com
[2026-08-17 10:54:58] [INFO ] [notify] Rayhan Kabir #7600022 delivered via: In-App + Email
[2026-08-17 10:54:58] [INFO ] [notify] In-App notification stored for Shifa Tasnim #7600023
[2026-08-17 10:54:58] [INFO ] [notify] Email sent to shifa.tasnim@gmail.com
[2026-08-17 10:54:58] [INFO ] [notify] Shifa Tasnim #7600023 delivered via: In-App + Email
[2026-08-17 10:54:58] [INFO ] [notify] In-App notification stored for Abrar Rahman #7600024
[2026-08-17 10:54:58] [INFO ] [notify] Email sent to abrar.rahman@gmail.com
[2026-08-17 10:54:58] [INFO ] [notify] Abrar Rahman #7600024 delivered via: In-App + Email
[2026-08-17 10:54:58] [INFO ] [notify] In-App notification stored for Sohana Islam #7600025
[2026-08-17 10:54:58] [INFO ] [notify] Email sent to sohana.islam@gmail.com
[2026-08-17 10:54:58] [INFO ] [notify] Sohana Islam #7600025 delivered via: In-App + Email
[2026-08-17 10:54:58] [INFO ] [notify] In-App notification stored for Ehsan Khan #7600026
[2026-08-17 10:54:58] [INFO ] [notify] Email sent to ehsan.khan@gmail.com
[2026-08-17 10:54:58] [INFO ] [notify] Ehsan Khan #7600026 delivered via: In-App + Email
[2026-08-17 10:54:58] [INFO ] [notify] In-App notification stored for Raisa Khatun #7600027
[2026-08-17 10:54:58] [INFO ] [notify] Email sent to raisa.khatun@gmail.com
[2026-08-17 10:54:58] [INFO ] [notify] Raisa Khatun #7600027 delivered via: In-App + Email
[2026-08-17 10:54:58] [INFO ] [notify] In-App notification stored for Mahin Ahmed #7600028
[2026-08-17 10:54:58] [INFO ] [notify] Email sent to mahin.ahmed@gmail.com
[2026-08-17 10:54:58] [INFO ] [notify] Mahin Ahmed #7600028 delivered via: In-App + Email
[2026-08-17 10:54:58] [INFO ] [notify] In-App notification stored for Liza Akter #7600029
[2026-08-17 10:54:58] [INFO ] [notify] Email sent to liza.akter@gmail.com
[2026-08-17 10:54:58] [INFO ] [notify] Liza Akter #7600029 delivered via: In-App + Email
[2026-08-17 10:54:58] [INFO ] [notify] In-App notification stored for Jawad Hasan #7600030
[2026-08-17 10:54:58] [INFO ] [notify] Email sent to jawad.hasan@gmail.com
[2026-08-17 10:54:58] [INFO ] [notify] Jawad Hasan #7600030 delivered via: In-App + Email
[2026-08-17 10:54:58] [INFO ] [notify] In-App notification stored for Nayla Jahan #7600031
[2026-08-17 10:54:58] [INFO ] [notify] Email sent to nayla.jahan@gmail.com
[2026-08-17 10:54:58] [INFO ] [notify] Nayla Jahan #7600031 delivered via: In-App + Email
[2026-08-17 10:54:58] [INFO ] [notify] In-App notification stored for Ratul Islam #7600032
[2026-08-17 10:54:58] [INFO ] [notify] Email sent to ratul.islam@gmail.com
[2026-08-17 10:54:58] [INFO ] [notify] Ratul Islam #7600032 delivered via: In-App + Email
[2026-08-17 10:54:58] [INFO ] [notify] In-App notification stored for Iffat Sultana #7600033
[2026-08-17 10:54:58] [INFO ] [notify] Email sent to iffat.sultana@gmail.com
[2026-08-17 10:54:58] [INFO ] [notify] Iffat Sultana #7600033 delivered via: In-App + Email
[2026-08-17 10:54:58] [INFO ] [notify] In-App notification stored for Siam Khan #7600034
[2026-08-17 10:54:58] [INFO ] [notify] Email sent to siam.khan@gmail.com
[2026-08-17 10:54:58] [INFO ] [notify] Siam Khan #7600034 delivered via: In-App + Email
[2026-08-17 10:54:58] [INFO ] [notify] In-App notification stored for Ayan Faruk #7600036
[2026-08-17 10:54:58] [INFO ] [notify] Email sent to ayan.faruk@gmail.com
[2026-08-17 10:54:58] [INFO ] [notify] Ayan Faruk #7600036 delivered via: In-App + Email
[2026-08-17 10:54:58] [INFO ] [notify] In-App notification stored for Nafisa Khatun #7600037
[2026-08-17 10:54:58] [INFO ] [notify] Email sent to nafisa.khatun@gmail.com
[2026-08-17 10:54:58] [INFO ] [notify] Nafisa Khatun #7600037 delivered via: In-App + Email
[2026-08-17 10:54:58] [INFO ] [notify] In-App notification stored for Labib Ahmed #7600038
[2026-08-17 10:54:58] [INFO ] [notify] Email sent to labib.ahmed@gmail.com
[2026-08-17 10:54:58] [INFO ] [notify] Labib Ahmed #7600038 delivered via: In-App + Email
[2026-08-17 10:54:58] [INFO ] [notify] In-App notification stored for Zara Khan #7600039
[2026-08-17 10:54:58] [INFO ] [notify] Email sent to zara.khan@gmail.com
[2026-08-17 10:54:58] [INFO ] [notify] Zara Khan #7600039 delivered via: In-App + Email
[2026-08-17 10:54:58] [INFO ] [notify] In-App notification stored for Fahad Rahman #7600040
[2026-08-17 10:54:58] [INFO ] [notify] Email sent to fahad.rahman@gmail.com
[2026-08-17 10:54:58] [INFO ] [notify] Fahad Rahman #7600040 delivered via: In-App + Email
[2026-08-17 10:54:58] [INFO ] [notify] In-App notification stored for Shila Akter #7634891
[2026-08-17 10:54:58] [INFO ] [notify] Email sent to shila.akter@yahoo.com
[2026-08-17 10:54:58] [INFO ] [notify] Shila Akter #7634891 delivered via: In-App + Email
[2026-08-17 10:54:58] [INFO ] [notify] In-App notification stored for Sadia Ferdous #7644433
[2026-08-17 10:54:58] [INFO ] [notify] Email sent to sadia.ferdous@yahoo.com
[2026-08-17 10:54:58] [INFO ] [notify] Sadia Ferdous #7644433 delivered via: In-App + Email
[2026-08-17 10:54:58] [INFO ] [notify] In-App notification stored for Sumaiya Khatun #7648201
[2026-08-17 10:54:58] [INFO ] [notify] Email sent to sumaiya.khatun@gmail.com
[2026-08-17 10:54:58] [INFO ] [notify] Sumaiya Khatun #7648201 delivered via: In-App + Email
[2026-08-17 10:54:58] [INFO ] [notify] In-App notification stored for Niloy Karim #7732091
[2026-08-17 10:54:58] [INFO ] [notify] Email sent to niloy.karim@yahoo.com
[2026-08-17 10:54:58] [INFO ] [notify] Niloy Karim #7732091 delivered via: In-App + Email
[2026-08-17 10:54:58] [INFO ] [notify] In-App notification stored for Sohana Sultana #7812393
[2026-08-17 10:54:58] [INFO ] [notify] Email sent to sohana.sultana@yahoo.com
[2026-08-17 10:54:58] [INFO ] [notify] Sohana Sultana #7812393 delivered via: In-App + Email
[2026-08-17 10:54:58] [INFO ] [notify] In-App notification stored for Rasel Ahmed #7829891
[2026-08-17 10:54:58] [INFO ] [notify] Email sent to rasel.ahmed@gmail.com
[2026-08-17 10:54:58] [INFO ] [notify] Rasel Ahmed #7829891 delivered via: In-App + Email
[2026-08-17 10:54:58] [INFO ] [notify] In-App notification stored for Mamun Chowdhury #7845990
[2026-08-17 10:54:58] [INFO ] [notify] Email sent to mamun.chowdhury@gmail.com
[2026-08-17 10:54:58] [INFO ] [notify] Mamun Chowdhury #7845990 delivered via: In-App + Email
[2026-08-17 10:54:58] [INFO ] [notify] In-App notification stored for Farzana Yasmin #7882345
[2026-08-17 10:54:58] [INFO ] [notify] Email sent to farzana.yasmin@gmail.com
[2026-08-17 10:54:58] [INFO ] [notify] Farzana Yasmin #7882345 delivered via: In-App + Email
[2026-08-17 10:54:58] [INFO ] [notify] In-App notification stored for Sharmin Akhter #7932441
[2026-08-17 10:54:58] [INFO ] [notify] Email sent to sharmin.akhter@yahoo.com
[2026-08-17 10:54:58] [INFO ] [notify] Sharmin Akhter #7932441 delivered via: In-App + Email
[2026-08-17 10:54:58] [INFO ] [notify] In-App notification stored for Arif Mahmud #7940012
[2026-08-17 10:54:58] [INFO ] [notify] Email sent to arif.mahmud@gmail.com
[2026-08-17 10:54:58] [INFO ] [notify] Arif Mahmud #7940012 delivered via: In-App + Email
[2026-08-17 10:54:58] [INFO ] [notify] In-App notification stored for Rafi Islam #7993544
[2026-08-17 10:54:58] [INFO ] [notify] Email sent to rafi.islam@gmail.com
[2026-08-17 10:54:58] [INFO ] [notify] Rafi Islam #7993544 delivered via: In-App + Email
[2026-08-17 10:54:58] [INFO ] [notify] In-App notification stored for Hasan Khan #8124593
[2026-08-17 10:54:58] [INFO ] [notify] Email sent to hasan.khan@gmail.com
[2026-08-17 10:54:58] [INFO ] [notify] Hasan Khan #8124593 delivered via: In-App + Email
[2026-08-17 10:54:58] [INFO ] [notify] In-App notification stored for Nausicaaa Rren #9500105
[2026-08-17 10:54:58] [INFO ] [notify] Email sent to rn@gmail.com
[2026-08-17 10:54:58] [INFO ] [notify] Nausicaaa Rren #9500105 delivered via: In-App + Email
[2026-08-17 10:54:58] [INFO ] [notify] In-App notification stored for Ahnaf Nehal #10000000
[2026-08-17 10:54:58] [INFO ] [notify] Email sent to orpatasnimejannat@gmail.com
[2026-08-17 10:54:58] [INFO ] [notify] Ahnaf Nehal #10000000 delivered via: In-App + Email
[2026-08-17 10:54:58] [INFO ] [notify] In-App notification stored for Mumtahina Naomi #10000002
[2026-08-17 10:54:58] [INFO ] [notify] Email sent to naomi@gmail.com
[2026-08-17 10:54:58] [INFO ] [notify] Mumtahina Naomi #10000002 delivered via: In-App + Email
[2026-08-17 10:54:58] [INFO ] [notify] In-App notification stored for Sudad Masnun #10000006
[2026-08-17 10:54:58] [INFO ] [notify] SMS sent to Sudad0_0
[2026-08-17 10:54:58] [INFO ] [notify] Email sent to sudadmasnunnabi789@gmail.com
[2026-08-17 10:54:58] [INFO ] [notify] Push sent to the device of Sudad Masnun
[2026-08-17 10:54:58] [INFO ] [notify] Sudad Masnun #10000006 delivered via: In-App + SMS + Email + Push
[2026-08-17 10:54:58] [INFO ] [notify] In-App notification stored for Nanjiba Nisa #10000015
[2026-08-17 10:54:58] [INFO ] [notify] Email sent to n@gmail.com
[2026-08-17 10:54:58] [INFO ] [notify] Nanjiba Nisa #10000015 delivered via: In-App + Email
[2026-08-17 10:54:58] [INFO ] [notify] In-App notification stored for Habiba Meherin #10000016
[2026-08-17 10:54:58] [INFO ] [notify] Email sent to habu@gmail.com
[2026-08-17 10:54:58] [INFO ] [notify] Habiba Meherin #10000016 delivered via: In-App + Email
[2026-08-17 11:05:42] [INFO ] AgriSphere C++ backend starting
[2026-08-17 11:05:42] [INFO ] Configuration loaded from d:\XAMPP\htdocs\Agrisphere\backend\config\backend.ini
[2026-08-17 11:05:42] [INFO ] DatabaseManager ready: 4 connection(s) to 127.0.0.1:3306/cse311 lab project
[2026-08-17 11:05:42] [INFO ] HTTP API listening on http://127.0.0.1:8787 (8 worker threads)
[2026-08-17 11:06:12] [INFO ] DiscountService: 140 member observer(s) subscribed to the discount subject
[2026-08-17 11:06:12] [INFO ] DiscountSubject: notifying 141 observer(s) about "10% off Katla"
[2026-08-17 11:06:12] [INFO ] [discount] Farmer Labib Miah has discounted Katla by 10%. The price is now BDT 270.00 instead of BDT 300.00.
[2026-08-17 11:06:12] [INFO ] [notify] In-App notification stored for Ahsan Kabir #7029344
[2026-08-17 11:06:12] [INFO ] [notify] Email notification shown in-app for ahsan.kabir@yahoo.com
[2026-08-17 11:06:12] [INFO ] [notify] Ahsan Kabir #7029344 delivered via: In-App + Email
[2026-08-17 11:06:12] [INFO ] [notify] In-App notification stored for Nusrat Jahan #7065411
[2026-08-17 11:06:12] [INFO ] [notify] Push notification shown in-app for Nusrat Jahan
[2026-08-17 11:06:12] [INFO ] [notify] Nusrat Jahan #7065411 delivered via: In-App + Push
[2026-08-17 11:06:12] [INFO ] [notify] In-App notification stored for Sultana Begum #7123988
[2026-08-17 11:06:12] [INFO ] [notify] SMS notification shown in-app for 01766778812
[2026-08-17 11:06:12] [INFO ] [notify] Email notification shown in-app for sultana.begum@yahoo.com
[2026-08-17 11:06:12] [INFO ] [notify] Push notification shown in-app for Sultana Begum
[2026-08-17 11:06:12] [INFO ] [notify] Sultana Begum #7123988 delivered via: In-App + SMS + Email + Push
[2026-08-17 11:06:12] [INFO ] [notify] In-App notification stored for Mitu Begum #7159033
[2026-08-17 11:06:12] [INFO ] [notify] Email notification shown in-app for mitu.begum@yahoo.com
[2026-08-17 11:06:12] [INFO ] [notify] Mitu Begum #7159033 delivered via: In-App + Email
[2026-08-17 11:06:12] [INFO ] [notify] In-App notification stored for Rakin Hasib #7165321
[2026-08-17 11:06:12] [INFO ] [notify] Email notification shown in-app for rakin.hasib@gmail.com
[2026-08-17 11:06:12] [INFO ] [notify] Rakin Hasib #7165321 delivered via: In-App + Email
[2026-08-17 11:06:12] [INFO ] [notify] In-App notification stored for Mariya Sultana #7183440
[2026-08-17 11:06:12] [INFO ] [notify] Email notification shown in-app for mariya.sultana@gmail.com
[2026-08-17 11:06:12] [INFO ] [notify] Mariya Sultana #7183440 delivered via: In-App + Email
[2026-08-17 11:06:12] [INFO ] [notify] In-App notification stored for Tania Sultana #7203401
[2026-08-17 11:06:12] [INFO ] [notify] Email notification shown in-app for tania.sultana@gmail.com
[2026-08-17 11:06:12] [INFO ] [notify] Tania Sultana #7203401 delivered via: In-App + Email
[2026-08-17 11:06:12] [INFO ] [notify] In-App notification stored for Sabrina Chowdhury #7219033
[2026-08-17 11:06:12] [INFO ] [notify] Email notification shown in-app for sabrina.chy@gmail.com
[2026-08-17 11:06:12] [INFO ] [notify] Sabrina Chowdhury #7219033 delivered via: In-App + Email
[2026-08-17 11:06:12] [INFO ] [notify] In-App notification stored for Nahid Hasan #7250934
[2026-08-17 11:06:12] [INFO ] [notify] Email notification shown in-app for nahid.hasan@yahoo.com
[2026-08-17 11:06:12] [INFO ] [notify] Nahid Hasan #7250934 delivered via: In-App + Email
[2026-08-17 11:06:12] [INFO ] [notify] In-App notification stored for Sakib Ahmed #7283590
[2026-08-17 11:06:12] [INFO ] [notify] Email notification shown in-app for sakib.ahmed@gmail.com
[2026-08-17 11:06:12] [INFO ] [notify] Sakib Ahmed #7283590 delivered via: In-App + Email
[2026-08-17 11:06:12] [INFO ] [notify] In-App notification stored for Mou Akter #7331220
[2026-08-17 11:06:12] [INFO ] [notify] Email notification shown in-app for mou.akter@yahoo.com
[2026-08-17 11:06:12] [INFO ] [notify] Mou Akter #7331220 delivered via: In-App + Email
[2026-08-17 11:06:12] [INFO ] [notify] In-App notification stored for Rumana Akter #7338912
[2026-08-17 11:06:12] [INFO ] [notify] Email notification shown in-app for rumana.akter@gmail.com
[2026-08-17 11:06:12] [INFO ] [notify] Rumana Akter #7338912 delivered via: In-App + Email
[2026-08-17 11:06:12] [INFO ] [notify] In-App notification stored for Saif Rahman #7412891
[2026-08-17 11:06:12] [INFO ] [notify] Email notification shown in-app for saif.rahman@gmail.com
[2026-08-17 11:06:12] [INFO ] [notify] Saif Rahman #7412891 delivered via: In-App + Email
[2026-08-17 11:06:12] [INFO ] [notify] In-App notification stored for Lamia Khan #7419083
[2026-08-17 11:06:12] [INFO ] [notify] Email notification shown in-app for lamia.khan@gmail.com
[2026-08-17 11:06:12] [INFO ] [notify] Lamia Khan #7419083 delivered via: In-App + Email
[2026-08-17 11:06:12] [INFO ] [notify] In-App notification stored for Tamanna Akter #7429834
[2026-08-17 11:06:12] [INFO ] [notify] Email notification shown in-app for tamanna.akter@gmail.com
[2026-08-17 11:06:12] [INFO ] [notify] Tamanna Akter #7429834 delivered via: In-App + Email
[2026-08-17 11:06:12] [INFO ] [notify] In-App notification stored for Jannat Khanam #7440193
[2026-08-17 11:06:12] [INFO ] [notify] Email notification shown in-app for jannat.khanam@gmail.com
[2026-08-17 11:06:12] [INFO ] [notify] Jannat Khanam #7440193 delivered via: In-App + Email
[2026-08-17 11:06:12] [INFO ] [notify] In-App notification stored for Arif Hossain #7450001
[2026-08-17 11:06:12] [INFO ] [notify] Email notification shown in-app for arif.hossain@gmail.com
[2026-08-17 11:06:12] [INFO ] [notify] Arif Hossain #7450001 delivered via: In-App + Email
[2026-08-17 11:06:12] [INFO ] [notify] In-App notification stored for Rafi Islam #7450002
[2026-08-17 11:06:12] [INFO ] [notify] Email notification shown in-app for rafi.islam@gmail.com
[2026-08-17 11:06:12] [INFO ] [notify] Rafi Islam #7450002 delivered via: In-App + Email
[2026-08-17 11:06:12] [INFO ] [notify] In-App notification stored for Niloy Ahmed #7450003
[2026-08-17 11:06:12] [INFO ] [notify] Email notification shown in-app for niloy.ahmed@gmail.com
[2026-08-17 11:06:12] [INFO ] [notify] Niloy Ahmed #7450003 delivered via: In-App + Email
[2026-08-17 11:06:12] [INFO ] [notify] In-App notification stored for Shawon Khan #7450004
[2026-08-17 11:06:12] [INFO ] [notify] Email notification shown in-app for shawon.khan@gmail.com
[2026-08-17 11:06:12] [INFO ] [notify] Shawon Khan #7450004 delivered via: In-App + Email
[2026-08-17 11:06:12] [INFO ] [notify] In-App notification stored for Tamim Rahman #7450005
[2026-08-17 11:06:12] [INFO ] [notify] Email notification shown in-app for tamim.rahman@gmail.com
[2026-08-17 11:06:12] [INFO ] [notify] Tamim Rahman #7450005 delivered via: In-App + Email
[2026-08-17 11:06:12] [INFO ] [notify] In-App notification stored for Sifat Hasan #7450006
[2026-08-17 11:06:12] [INFO ] [notify] Email notification shown in-app for sifat.hasan@gmail.com
[2026-08-17 11:06:12] [INFO ] [notify] Sifat Hasan #7450006 delivered via: In-App + Email
[2026-08-17 11:06:12] [INFO ] [notify] In-App notification stored for Adib Mahmud #7450007
[2026-08-17 11:06:12] [INFO ] [notify] Email notification shown in-app for adib.mahmud@gmail.com
[2026-08-17 11:06:12] [INFO ] [notify] Adib Mahmud #7450007 delivered via: In-App + Email
[2026-08-17 11:06:12] [INFO ] [notify] In-App notification stored for Fardin Islam #7450008
[2026-08-17 11:06:12] [INFO ] [notify] Email notification shown in-app for fardin.islam@gmail.com
[2026-08-17 11:06:12] [INFO ] [notify] Fardin Islam #7450008 delivered via: In-App + Email
[2026-08-17 11:06:12] [INFO ] [notify] In-App notification stored for Nabil Haque #7450009
[2026-08-17 11:06:12] [INFO ] [notify] Email notification shown in-app for nabil.haque@gmail.com
[2026-08-17 11:06:12] [INFO ] [notify] Nabil Haque #7450009 delivered via: In-App + Email
[2026-08-17 11:06:12] [INFO ] [notify] In-App notification stored for Ruhan Chowdhury #7450010
[2026-08-17 11:06:12] [INFO ] [notify] Email notification shown in-app for ruhan.ch@gmail.com
[2026-08-17 11:06:12] [INFO ] [notify] Ruhan Chowdhury #7450010 delivered via: In-App + Email
[2026-08-17 11:06:12] [INFO ] [notify] In-App notification stored for Siam Uddin #7450011
[2026-08-17 11:06:12] [INFO ] [notify] Email notification shown in-app for siam.uddin@gmail.com
[2026-08-17 11:06:12] [INFO ] [notify] Siam Uddin #7450011 delivered via: In-App + Email
[2026-08-17 11:06:12] [INFO ] [notify] In-App notification stored for Ayon Mia #7450012
[2026-08-17 11:06:12] [INFO ] [notify] Email notification shown in-app for ayon.mia@gmail.com
[2026-08-17 11:06:12] [INFO ] [notify] Ayon Mia #7450012 delivered via: In-App + Email
[2026-08-17 11:06:12] [INFO ] [notify] In-App notification stored for Zihad Islam #7450013
[2026-08-17 11:06:12] [INFO ] [notify] Email notification shown in-app for zihad.islam@gmail.com
[2026-08-17 11:06:12] [INFO ] [notify] Zihad Islam #7450013 delivered via: In-App + Email
[2026-08-17 11:06:12] [INFO ] [notify] In-App notification stored for Rakib Hossain #7450014
[2026-08-17 11:06:12] [INFO ] [notify] Email notification shown in-app for rakib.h2@gmail.com
[2026-08-17 11:06:12] [INFO ] [notify] Rakib Hossain #7450014 delivered via: In-App + Email
[2026-08-17 11:06:12] [INFO ] [notify] In-App notification stored for Sajid Khan #7450015
[2026-08-17 11:06:12] [INFO ] [notify] Email notification shown in-app for sajid.khan@gmail.com
[2026-08-17 11:06:12] [INFO ] [notify] Sajid Khan #7450015 delivered via: In-App + Email
[2026-08-17 11:06:12] [INFO ] [notify] In-App notification stored for Tanvir Ahmed #7450016
[2026-08-17 11:06:12] [INFO ] [notify] Email notification shown in-app for tanvir.ahmed@gmail.com
[2026-08-17 11:06:12] [INFO ] [notify] Tanvir Ahmed #7450016 delivered via: In-App + Email
[2026-08-17 11:06:12] [INFO ] [notify] In-App notification stored for Riad Hasan #7450017
[2026-08-17 11:06:12] [INFO ] [notify] Email notification shown in-app for riad.hasan@gmail.com
[2026-08-17 11:06:12] [INFO ] [notify] Riad Hasan #7450017 delivered via: In-App + Email
[2026-08-17 11:06:12] [INFO ] [notify] In-App notification stored for Mahin Islam #7450018
[2026-08-17 11:06:12] [INFO ] [notify] Email notification shown in-app for mahin.islam@gmail.com
[2026-08-17 11:06:12] [INFO ] [notify] Mahin Islam #7450018 delivered via: In-App + Email
[2026-08-17 11:06:12] [INFO ] [notify] In-App notification stored for Iftekhar Rahman #7450019
[2026-08-17 11:06:12] [INFO ] [notify] Email notification shown in-app for iftekhar.rahman@gmail.com
[2026-08-17 11:06:12] [INFO ] [notify] Iftekhar Rahman #7450019 delivered via: In-App + Email
[2026-08-17 11:06:12] [INFO ] [notify] In-App notification stored for Anik Sarkar #7450020
[2026-08-17 11:06:12] [INFO ] [notify] Email notification shown in-app for anik.sarkar@gmail.com
[2026-08-17 11:06:12] [INFO ] [notify] Anik Sarkar #7450020 delivered via: In-App + Email
[2026-08-17 11:06:12] [INFO ] [notify] In-App notification stored for Shihab Uddin #7450021
[2026-08-17 11:06:12] [INFO ] [notify] Email notification shown in-app for shihab.uddin@gmail.com
[2026-08-17 11:06:12] [INFO ] [notify] Shihab Uddin #7450021 delivered via: In-App + Email
[2026-08-17 11:06:12] [INFO ] [notify] In-App notification stored for Foysal Mia #7450022
[2026-08-17 11:06:12] [INFO ] [notify] Email notification shown in-app for foysal.mia@gmail.com
[2026-08-17 11:06:12] [INFO ] [notify] Foysal Mia #7450022 delivered via: In-App + Email
[2026-08-17 11:06:12] [INFO ] [notify] In-App notification stored for Ashik Hassan #7450023
[2026-08-17 11:06:12] [INFO ] [notify] Email notification shown in-app for ashik.hassan@gmail.com
[2026-08-17 11:06:12] [INFO ] [notify] Ashik Hassan #7450023 delivered via: In-App + Email
[2026-08-17 11:06:12] [INFO ] [notify] In-App notification stored for Rony Islam #7450024
[2026-08-17 11:06:12] [INFO ] [notify] Email notification shown in-app for rony.islam@gmail.com
[2026-08-17 11:06:12] [INFO ] [notify] Rony Islam #7450024 delivered via: In-App + Email
[2026-08-17 11:06:12] [INFO ] [notify] In-App notification stored for Jubayer Ahmed #7450025
[2026-08-17 11:06:12] [INFO ] [notify] Email notification shown in-app for jubayer.ahmed@gmail.com
[2026-08-17 11:06:12] [INFO ] [notify] Jubayer Ahmed #7450025 delivered via: In-App + Email
[2026-08-17 11:06:12] [INFO ] [notify] In-App notification stored for Sabbir Rahman #7450026
[2026-08-17 11:06:12] [INFO ] [notify] Email notification shown in-app for sabbir.rahman@gmail.com
[2026-08-17 11:06:12] [INFO ] [notify] Sabbir Rahman #7450026 delivered via: In-App + Email
[2026-08-17 11:06:12] [INFO ] [notify] In-App notification stored for Rasel Hossain #7450027
[2026-08-17 11:06:12] [INFO ] [notify] Email notification shown in-app for rasel.h2@gmail.com
[2026-08-17 11:06:12] [INFO ] [notify] Rasel Hossain #7450027 delivered via: In-App + Email
[2026-08-17 11:06:12] [INFO ] [notify] In-App notification stored for Arafat Islam #7450028
[2026-08-17 11:06:12] [INFO ] [notify] Email notification shown in-app for arafat.islam@gmail.com
[2026-08-17 11:06:12] [INFO ] [notify] Arafat Islam #7450028 delivered via: In-App + Email
[2026-08-17 11:06:12] [INFO ] [notify] In-App notification stored for Sohan Khan #7450029
[2026-08-17 11:06:12] [INFO ] [notify] Email notification shown in-app for sohan.khan@gmail.com
[2026-08-17 11:06:12] [INFO ] [notify] Sohan Khan #7450029 delivered via: In-App + Email
[2026-08-17 11:06:12] [INFO ] [notify] In-App notification stored for Minhaz Rahman #7450030
[2026-08-17 11:06:12] [INFO ] [notify] Email notification shown in-app for minhaz.rahman@gmail.com
[2026-08-17 11:06:12] [INFO ] [notify] Minhaz Rahman #7450030 delivered via: In-App + Email
[2026-08-17 11:06:12] [INFO ] [notify] In-App notification stored for Riyad Hasan #7450031
[2026-08-17 11:06:12] [INFO ] [notify] Email notification shown in-app for riyad.hasan@gmail.com
[2026-08-17 11:06:12] [INFO ] [notify] Riyad Hasan #7450031 delivered via: In-App + Email
[2026-08-17 11:06:12] [INFO ] [notify] In-App notification stored for Fahad Islam #7450032
[2026-08-17 11:06:12] [INFO ] [notify] Email notification shown in-app for fahad.islam@gmail.com
[2026-08-17 11:06:12] [INFO ] [notify] Fahad Islam #7450032 delivered via: In-App + Email
[2026-08-17 11:06:12] [INFO ] [notify] In-App notification stored for Sakib Ahmed #7450033
[2026-08-17 11:06:12] [INFO ] [notify] Email notification shown in-app for sakib.ahmed@gmail.com
[2026-08-17 11:06:12] [INFO ] [notify] Sakib Ahmed #7450033 delivered via: In-App + Email
[2026-08-17 11:06:12] [INFO ] [notify] In-App notification stored for Imtiaz Hossain #7450034
[2026-08-17 11:06:12] [INFO ] [notify] Email notification shown in-app for imtiaz.hossain@gmail.com
[2026-08-17 11:06:12] [INFO ] [notify] Imtiaz Hossain #7450034 delivered via: In-App + Email
[2026-08-17 11:06:12] [INFO ] [notify] In-App notification stored for Shanto Islam #7450035
[2026-08-17 11:06:12] [INFO ] [notify] Email notification shown in-app for shanto.islam@gmail.com
[2026-08-17 11:06:12] [INFO ] [notify] Shanto Islam #7450035 delivered via: In-App + Email
[2026-08-17 11:06:12] [INFO ] [notify] In-App notification stored for Noman Khan #7450036
[2026-08-17 11:06:12] [INFO ] [notify] Email notification shown in-app for noman.khan@gmail.com
[2026-08-17 11:06:12] [INFO ] [notify] Noman Khan #7450036 delivered via: In-App + Email
[2026-08-17 11:06:12] [INFO ] [notify] In-App notification stored for Ashraf Uddin #7450037
[2026-08-17 11:06:12] [INFO ] [notify] Email notification shown in-app for ashraf.uddin@gmail.com
[2026-08-17 11:06:12] [INFO ] [notify] Ashraf Uddin #7450037 delivered via: In-App + Email
[2026-08-17 11:06:12] [INFO ] [notify] In-App notification stored for Tuhin Mia #7450038
[2026-08-17 11:06:12] [INFO ] [notify] Email notification shown in-app for tuhin.mia@gmail.com
[2026-08-17 11:06:12] [INFO ] [notify] Tuhin Mia #7450038 delivered via: In-App + Email
[2026-08-17 11:06:12] [INFO ] [notify] In-App notification stored for Parvez Hasan #7450039
[2026-08-17 11:06:12] [INFO ] [notify] Email notification shown in-app for parvez.hasan@gmail.com
[2026-08-17 11:06:12] [INFO ] [notify] Parvez Hasan #7450039 delivered via: In-App + Email
[2026-08-17 11:06:12] [INFO ] [notify] In-App notification stored for Mahfuz Rahman #7450040
[2026-08-17 11:06:12] [INFO ] [notify] Email notification shown in-app for mahfuz.rahman@gmail.com
[2026-08-17 11:06:12] [INFO ] [notify] Mahfuz Rahman #7450040 delivered via: In-App + Email
[2026-08-17 11:06:12] [INFO ] [notify] In-App notification stored for Raihan Islam #7450041
[2026-08-17 11:06:12] [INFO ] [notify] Email notification shown in-app for raihan.islam@gmail.com
[2026-08-17 11:06:12] [INFO ] [notify] Raihan Islam #7450041 delivered via: In-App + Email
[2026-08-17 11:06:12] [INFO ] [notify] In-App notification stored for Shamim Ahmed #7450042
[2026-08-17 11:06:12] [INFO ] [notify] Email notification shown in-app for shamim.ahmed@gmail.com
[2026-08-17 11:06:12] [INFO ] [notify] Shamim Ahmed #7450042 delivered via: In-App + Email
[2026-08-17 11:06:12] [INFO ] [notify] In-App notification stored for Emon Hossain #7450043
[2026-08-17 11:06:12] [INFO ] [notify] Email notification shown in-app for emon.hossain@gmail.com
[2026-08-17 11:06:12] [INFO ] [notify] Emon Hossain #7450043 delivered via: In-App + Email
[2026-08-17 11:06:12] [INFO ] [notify] In-App notification stored for Jahid Islam #7450044
[2026-08-17 11:06:12] [INFO ] [notify] Email notification shown in-app for jahid.islam@gmail.com
[2026-08-17 11:06:12] [INFO ] [notify] Jahid Islam #7450044 delivered via: In-App + Email
[2026-08-17 11:06:12] [INFO ] [notify] In-App notification stored for Rifat Khan #7450045
[2026-08-17 11:06:12] [INFO ] [notify] Email notification shown in-app for rifat.khan@gmail.com
[2026-08-17 11:06:12] [INFO ] [notify] Rifat Khan #7450045 delivered via: In-App + Email
[2026-08-17 11:06:12] [INFO ] [notify] In-App notification stored for Masud Rahman #7450046
[2026-08-17 11:06:12] [INFO ] [notify] Email notification shown in-app for masud.rahman@gmail.com
[2026-08-17 11:06:12] [INFO ] [notify] Masud Rahman #7450046 delivered via: In-App + Email
[2026-08-17 11:06:12] [INFO ] [notify] In-App notification stored for Bashir Uddin #7450047
[2026-08-17 11:06:12] [INFO ] [notify] Email notification shown in-app for bashir.uddin@gmail.com
[2026-08-17 11:06:12] [INFO ] [notify] Bashir Uddin #7450047 delivered via: In-App + Email
[2026-08-17 11:06:12] [INFO ] [notify] In-App notification stored for Shafi Islam #7450048
[2026-08-17 11:06:12] [INFO ] [notify] Email notification shown in-app for shafi.islam@gmail.com
[2026-08-17 11:06:12] [INFO ] [notify] Shafi Islam #7450048 delivered via: In-App + Email
[2026-08-17 11:06:12] [INFO ] [notify] In-App notification stored for Tareq Hasan #7450049
[2026-08-17 11:06:12] [INFO ] [notify] Email notification shown in-app for tareq.hasan@gmail.com
[2026-08-17 11:06:12] [INFO ] [notify] Tareq Hasan #7450049 delivered via: In-App + Email
[2026-08-17 11:06:12] [INFO ] [notify] In-App notification stored for Rashed Khan #7450050
[2026-08-17 11:06:12] [INFO ] [notify] Email notification shown in-app for rashed.khan@gmail.com
[2026-08-17 11:06:12] [INFO ] [notify] Rashed Khan #7450050 delivered via: In-App + Email
[2026-08-17 11:06:12] [INFO ] [notify] In-App notification stored for Naim Islam #7450051
[2026-08-17 11:06:12] [INFO ] [notify] Email notification shown in-app for naim.islam@gmail.com
[2026-08-17 11:06:12] [INFO ] [notify] Naim Islam #7450051 delivered via: In-App + Email
[2026-08-17 11:06:12] [INFO ] [notify] In-App notification stored for Firoz Ahmed #7450052
[2026-08-17 11:06:12] [INFO ] [notify] Email notification shown in-app for firoz.ahmed@gmail.com
[2026-08-17 11:06:12] [INFO ] [notify] Firoz Ahmed #7450052 delivered via: In-App + Email
[2026-08-17 11:06:12] [INFO ] [notify] In-App notification stored for Iqbal Hossain #7450053
[2026-08-17 11:06:12] [INFO ] [notify] Email notification shown in-app for iqbal.hossain@gmail.com
[2026-08-17 11:06:12] [INFO ] [notify] Iqbal Hossain #7450053 delivered via: In-App + Email
[2026-08-17 11:06:12] [INFO ] [notify] In-App notification stored for Nazmul Islam #7450054
[2026-08-17 11:06:12] [INFO ] [notify] Email notification shown in-app for nazmul.islam@gmail.com
[2026-08-17 11:06:12] [INFO ] [notify] Nazmul Islam #7450054 delivered via: In-App + Email
[2026-08-17 11:06:12] [INFO ] [notify] In-App notification stored for Kawsar Khan #7450055
[2026-08-17 11:06:12] [INFO ] [notify] Email notification shown in-app for kawsar.khan@gmail.com
[2026-08-17 11:06:12] [INFO ] [notify] Kawsar Khan #7450055 delivered via: In-App + Email
[2026-08-17 11:06:12] [INFO ] [notify] In-App notification stored for Sujon Mia #7450056
[2026-08-17 11:06:12] [INFO ] [notify] Email notification shown in-app for sujon.mia@gmail.com
[2026-08-17 11:06:12] [INFO ] [notify] Sujon Mia #7450056 delivered via: In-App + Email
[2026-08-17 11:06:12] [INFO ] [notify] In-App notification stored for Habib Rahman #7450057
[2026-08-17 11:06:12] [INFO ] [notify] Email notification shown in-app for habib.rahman@gmail.com
[2026-08-17 11:06:12] [INFO ] [notify] Habib Rahman #7450057 delivered via: In-App + Email
[2026-08-17 11:06:12] [INFO ] [notify] In-App notification stored for Alif Hasan #7450058
[2026-08-17 11:06:12] [INFO ] [notify] Email notification shown in-app for alif.hasan@gmail.com
[2026-08-17 11:06:12] [INFO ] [notify] Alif Hasan #7450058 delivered via: In-App + Email
[2026-08-17 11:06:12] [INFO ] [notify] In-App notification stored for Rokon Uddin #7450059
[2026-08-17 11:06:12] [INFO ] [notify] Email notification shown in-app for rokon.uddin@gmail.com
[2026-08-17 11:06:12] [INFO ] [notify] Rokon Uddin #7450059 delivered via: In-App + Email
[2026-08-17 11:06:12] [INFO ] [notify] In-App notification stored for Jony Islam #7450060
[2026-08-17 11:06:12] [INFO ] [notify] Email notification shown in-app for jony.islam@gmail.com
[2026-08-17 11:06:12] [INFO ] [notify] Jony Islam #7450060 delivered via: In-App + Email
[2026-08-17 11:06:12] [INFO ] [notify] In-App notification stored for Sazzad Khan #7450061
[2026-08-17 11:06:12] [INFO ] [notify] Email notification shown in-app for sazzad.khan@gmail.com
[2026-08-17 11:06:12] [INFO ] [notify] Sazzad Khan #7450061 delivered via: In-App + Email
[2026-08-17 11:06:12] [INFO ] [notify] In-App notification stored for Shawon Ahmed #7450062
[2026-08-17 11:06:12] [INFO ] [notify] Email notification shown in-app for shawon.ahmed@gmail.com
[2026-08-17 11:06:12] [INFO ] [notify] Shawon Ahmed #7450062 delivered via: In-App + Email
[2026-08-17 11:06:12] [INFO ] [notify] In-App notification stored for Mahdi Islam #7450063
[2026-08-17 11:06:12] [INFO ] [notify] Email notification shown in-app for mahdi.islam@gmail.com
[2026-08-17 11:06:12] [INFO ] [notify] Mahdi Islam #7450063 delivered via: In-App + Email
[2026-08-17 11:06:12] [INFO ] [notify] In-App notification stored for Zakir Hossain #7450064
[2026-08-17 11:06:12] [INFO ] [notify] Email notification shown in-app for zakir.hossain@gmail.com
[2026-08-17 11:06:12] [INFO ] [notify] Zakir Hossain #7450064 delivered via: In-App + Email
[2026-08-17 11:06:12] [INFO ] [notify] In-App notification stored for Sami Rahman #7450065
[2026-08-17 11:06:12] [INFO ] [notify] Email notification shown in-app for sami.rahman@gmail.com
[2026-08-17 11:06:12] [INFO ] [notify] Sami Rahman #7450065 delivered via: In-App + Email
[2026-08-17 11:06:12] [INFO ] [notify] In-App notification stored for Tanim Islam #7450066
[2026-08-17 11:06:12] [INFO ] [notify] Email notification shown in-app for tanim.islam@gmail.com
[2026-08-17 11:06:12] [INFO ] [notify] Tanim Islam #7450066 delivered via: In-App + Email
[2026-08-17 11:06:12] [INFO ] [notify] In-App notification stored for Ishrat Jahan #7569211
[2026-08-17 11:06:12] [INFO ] [notify] Email notification shown in-app for ishrat.jahan@yahoo.com
[2026-08-17 11:06:12] [INFO ] [notify] Ishrat Jahan #7569211 delivered via: In-App + Email
[2026-08-17 11:06:12] [INFO ] [notify] In-App notification stored for Amina Khatun #7600001
[2026-08-17 11:06:12] [INFO ] [notify] Email notification shown in-app for amina.khatun@gmail.com
[2026-08-17 11:06:12] [INFO ] [notify] Amina Khatun #7600001 delivered via: In-App + Email
[2026-08-17 11:06:12] [INFO ] [notify] In-App notification stored for Rohan Ahmed #7600002
[2026-08-17 11:06:12] [INFO ] [notify] Email notification shown in-app for rohan.ahmed@gmail.com
[2026-08-17 11:06:12] [INFO ] [notify] Rohan Ahmed #7600002 delivered via: In-App + Email
[2026-08-17 11:06:12] [INFO ] [notify] In-App notification stored for Sadia Islam #7600003
[2026-08-17 11:06:12] [INFO ] [notify] Email notification shown in-app for sadia.islam@gmail.com
[2026-08-17 11:06:12] [INFO ] [notify] Sadia Islam #7600003 delivered via: In-App + Email
[2026-08-17 11:06:12] [INFO ] [notify] In-App notification stored for Imran Hossain #7600004
[2026-08-17 11:06:12] [INFO ] [notify] Email notification shown in-app for imran.hossain@gmail.com
[2026-08-17 11:06:12] [INFO ] [notify] Imran Hossain #7600004 delivered via: In-App + Email
[2026-08-17 11:06:12] [INFO ] [notify] In-App notification stored for Nabila Khan #7600005
[2026-08-17 11:06:12] [INFO ] [notify] Email notification shown in-app for nabila.khan@gmail.com
[2026-08-17 11:06:12] [INFO ] [notify] Nabila Khan #7600005 delivered via: In-App + Email
[2026-08-17 11:06:12] [INFO ] [notify] In-App notification stored for Saif Uddin #7600006
[2026-08-17 11:06:12] [INFO ] [notify] Email notification shown in-app for saif.uddin@gmail.com
[2026-08-17 11:06:12] [INFO ] [notify] Saif Uddin #7600006 delivered via: In-App + Email
[2026-08-17 11:06:12] [INFO ] [notify] In-App notification stored for Farhan Miah #7600007
[2026-08-17 11:06:12] [INFO ] [notify] Email notification shown in-app for farhan.miah@gmail.com
[2026-08-17 11:06:12] [INFO ] [notify] Farhan Miah #7600007 delivered via: In-App + Email
[2026-08-17 11:06:12] [INFO ] [notify] In-App notification stored for Lamia Chowdhury #7600008
[2026-08-17 11:06:12] [INFO ] [notify] Email notification shown in-app for lamia.chowdhury@gmail.com
[2026-08-17 11:06:12] [INFO ] [notify] Lamia Chowdhury #7600008 delivered via: In-App + Email
[2026-08-17 11:06:12] [INFO ] [notify] In-App notification stored for Arif Rahman #7600009
[2026-08-17 11:06:12] [INFO ] [notify] Email notification shown in-app for arif.rahman@gmail.com
[2026-08-17 11:06:12] [INFO ] [notify] Arif Rahman #7600009 delivered via: In-App + Email
[2026-08-17 11:06:12] [INFO ] [notify] In-App notification stored for Tania Sultana #7600010
[2026-08-17 11:06:12] [INFO ] [notify] Email notification shown in-app for tania.sultana@gmail.com
[2026-08-17 11:06:12] [INFO ] [notify] Tania Sultana #7600010 delivered via: In-App + Email
[2026-08-17 11:06:12] [INFO ] [notify] In-App notification stored for Mehedi Hasan #7600011
[2026-08-17 11:06:12] [INFO ] [notify] Email notification shown in-app for mehedi.hasan@gmail.com
[2026-08-17 11:06:12] [INFO ] [notify] Mehedi Hasan #7600011 delivered via: In-App + Email
[2026-08-17 11:06:12] [INFO ] [notify] In-App notification stored for Jarin Akter #7600012
[2026-08-17 11:06:12] [INFO ] [notify] Email notification shown in-app for jarin.akter@gmail.com
[2026-08-17 11:06:12] [INFO ] [notify] Jarin Akter #7600012 delivered via: In-App + Email
[2026-08-17 11:06:12] [INFO ] [notify] In-App notification stored for Omar Faruk #7600013
[2026-08-17 11:06:12] [INFO ] [notify] Email notification shown in-app for omar.faruk@gmail.com
[2026-08-17 11:06:12] [INFO ] [notify] Omar Faruk #7600013 delivered via: In-App + Email
[2026-08-17 11:06:12] [INFO ] [notify] In-App notification stored for Maliha Tasnim #7600014
[2026-08-17 11:06:12] [INFO ] [notify] Email notification shown in-app for maliha.tasnim@gmail.com
[2026-08-17 11:06:12] [INFO ] [notify] Maliha Tasnim #7600014 delivered via: In-App + Email
[2026-08-17 11:06:12] [INFO ] [notify] In-App notification stored for Ridwan Khan #7600015
[2026-08-17 11:06:12] [INFO ] [notify] Email notification shown in-app for ridwan.khan@gmail.com
[2026-08-17 11:06:12] [INFO ] [notify] Ridwan Khan #7600015 delivered via: In-App + Email
[2026-08-17 11:06:12] [INFO ] [notify] In-App notification stored for Sakib Alam #7600016
[2026-08-17 11:06:12] [INFO ] [notify] Email notification shown in-app for sakib.alam@gmail.com
[2026-08-17 11:06:12] [INFO ] [notify] Sakib Alam #7600016 delivered via: In-App + Email
[2026-08-17 11:06:12] [INFO ] [notify] In-App notification stored for Nusrat Jahan #7600017
[2026-08-17 11:06:12] [INFO ] [notify] Email notification shown in-app for nusrat.jahan@gmail.com
[2026-08-17 11:06:12] [INFO ] [notify] Nusrat Jahan #7600017 delivered via: In-App + Email
[2026-08-17 11:06:12] [INFO ] [notify] In-App notification stored for Tahmid Ahmed #7600018
[2026-08-17 11:06:12] [INFO ] [notify] Email notification shown in-app for tahmid.ahmed@gmail.com
[2026-08-17 11:06:12] [INFO ] [notify] Tahmid Ahmed #7600018 delivered via: In-App + Email
[2026-08-17 11:06:12] [INFO ] [notify] In-App notification stored for Mim Akter #7600019
[2026-08-17 11:06:12] [INFO ] [notify] Email notification shown in-app for mim.akter@gmail.com
[2026-08-17 11:06:12] [INFO ] [notify] Mim Akter #7600019 delivered via: In-App + Email
[2026-08-17 11:06:12] [INFO ] [notify] In-App notification stored for Zayed Hossain #7600020
[2026-08-17 11:06:12] [INFO ] [notify] Email notification shown in-app for zayed.hossain@gmail.com
[2026-08-17 11:06:12] [INFO ] [notify] Zayed Hossain #7600020 delivered via: In-App + Email
[2026-08-17 11:06:12] [INFO ] [notify] In-App notification stored for Afsana Miah #7600021
[2026-08-17 11:06:12] [INFO ] [notify] Email notification shown in-app for afsana.miah@gmail.com
[2026-08-17 11:06:12] [INFO ] [notify] Afsana Miah #7600021 delivered via: In-App + Email
[2026-08-17 11:06:12] [INFO ] [notify] In-App notification stored for Rayhan Kabir #7600022
[2026-08-17 11:06:12] [INFO ] [notify] Email notification shown in-app for rayhan.kabir@gmail.com
[2026-08-17 11:06:12] [INFO ] [notify] Rayhan Kabir #7600022 delivered via: In-App + Email
[2026-08-17 11:06:12] [INFO ] [notify] In-App notification stored for Shifa Tasnim #7600023
[2026-08-17 11:06:12] [INFO ] [notify] Email notification shown in-app for shifa.tasnim@gmail.com
[2026-08-17 11:06:12] [INFO ] [notify] Shifa Tasnim #7600023 delivered via: In-App + Email
[2026-08-17 11:06:12] [INFO ] [notify] In-App notification stored for Abrar Rahman #7600024
[2026-08-17 11:06:12] [INFO ] [notify] Email notification shown in-app for abrar.rahman@gmail.com
[2026-08-17 11:06:12] [INFO ] [notify] Abrar Rahman #7600024 delivered via: In-App + Email
[2026-08-17 11:06:12] [INFO ] [notify] In-App notification stored for Sohana Islam #7600025
[2026-08-17 11:06:12] [INFO ] [notify] Email notification shown in-app for sohana.islam@gmail.com
[2026-08-17 11:06:12] [INFO ] [notify] Sohana Islam #7600025 delivered via: In-App + Email
[2026-08-17 11:06:12] [INFO ] [notify] In-App notification stored for Ehsan Khan #7600026
[2026-08-17 11:06:12] [INFO ] [notify] Email notification shown in-app for ehsan.khan@gmail.com
[2026-08-17 11:06:12] [INFO ] [notify] Ehsan Khan #7600026 delivered via: In-App + Email
[2026-08-17 11:06:12] [INFO ] [notify] In-App notification stored for Raisa Khatun #7600027
[2026-08-17 11:06:12] [INFO ] [notify] Email notification shown in-app for raisa.khatun@gmail.com
[2026-08-17 11:06:12] [INFO ] [notify] Raisa Khatun #7600027 delivered via: In-App + Email
[2026-08-17 11:06:12] [INFO ] [notify] In-App notification stored for Mahin Ahmed #7600028
[2026-08-17 11:06:12] [INFO ] [notify] Email notification shown in-app for mahin.ahmed@gmail.com
[2026-08-17 11:06:12] [INFO ] [notify] Mahin Ahmed #7600028 delivered via: In-App + Email
[2026-08-17 11:06:12] [INFO ] [notify] In-App notification stored for Liza Akter #7600029
[2026-08-17 11:06:12] [INFO ] [notify] Email notification shown in-app for liza.akter@gmail.com
[2026-08-17 11:06:12] [INFO ] [notify] Liza Akter #7600029 delivered via: In-App + Email
[2026-08-17 11:06:12] [INFO ] [notify] In-App notification stored for Jawad Hasan #7600030
[2026-08-17 11:06:12] [INFO ] [notify] Email notification shown in-app for jawad.hasan@gmail.com
[2026-08-17 11:06:12] [INFO ] [notify] Jawad Hasan #7600030 delivered via: In-App + Email
[2026-08-17 11:06:12] [INFO ] [notify] In-App notification stored for Nayla Jahan #7600031
[2026-08-17 11:06:12] [INFO ] [notify] Email notification shown in-app for nayla.jahan@gmail.com
[2026-08-17 11:06:12] [INFO ] [notify] Nayla Jahan #7600031 delivered via: In-App + Email
[2026-08-17 11:06:12] [INFO ] [notify] In-App notification stored for Ratul Islam #7600032
[2026-08-17 11:06:12] [INFO ] [notify] Email notification shown in-app for ratul.islam@gmail.com
[2026-08-17 11:06:12] [INFO ] [notify] Ratul Islam #7600032 delivered via: In-App + Email
[2026-08-17 11:06:12] [INFO ] [notify] In-App notification stored for Iffat Sultana #7600033
[2026-08-17 11:06:12] [INFO ] [notify] Email notification shown in-app for iffat.sultana@gmail.com
[2026-08-17 11:06:12] [INFO ] [notify] Iffat Sultana #7600033 delivered via: In-App + Email
[2026-08-17 11:06:12] [INFO ] [notify] In-App notification stored for Siam Khan #7600034
[2026-08-17 11:06:12] [INFO ] [notify] Email notification shown in-app for siam.khan@gmail.com
[2026-08-17 11:06:12] [INFO ] [notify] Siam Khan #7600034 delivered via: In-App + Email
[2026-08-17 11:06:12] [INFO ] [notify] In-App notification stored for Ayan Faruk #7600036
[2026-08-17 11:06:12] [INFO ] [notify] Email notification shown in-app for ayan.faruk@gmail.com
[2026-08-17 11:06:12] [INFO ] [notify] Ayan Faruk #7600036 delivered via: In-App + Email
[2026-08-17 11:06:12] [INFO ] [notify] In-App notification stored for Nafisa Khatun #7600037
[2026-08-17 11:06:12] [INFO ] [notify] Email notification shown in-app for nafisa.khatun@gmail.com
[2026-08-17 11:06:12] [INFO ] [notify] Nafisa Khatun #7600037 delivered via: In-App + Email
[2026-08-17 11:06:12] [INFO ] [notify] In-App notification stored for Labib Ahmed #7600038
[2026-08-17 11:06:12] [INFO ] [notify] Email notification shown in-app for labib.ahmed@gmail.com
[2026-08-17 11:06:12] [INFO ] [notify] Labib Ahmed #7600038 delivered via: In-App + Email
[2026-08-17 11:06:12] [INFO ] [notify] In-App notification stored for Zara Khan #7600039
[2026-08-17 11:06:12] [INFO ] [notify] Email notification shown in-app for zara.khan@gmail.com
[2026-08-17 11:06:12] [INFO ] [notify] Zara Khan #7600039 delivered via: In-App + Email
[2026-08-17 11:06:12] [INFO ] [notify] In-App notification stored for Fahad Rahman #7600040
[2026-08-17 11:06:12] [INFO ] [notify] Email notification shown in-app for fahad.rahman@gmail.com
[2026-08-17 11:06:12] [INFO ] [notify] Fahad Rahman #7600040 delivered via: In-App + Email
[2026-08-17 11:06:12] [INFO ] [notify] In-App notification stored for Shila Akter #7634891
[2026-08-17 11:06:12] [INFO ] [notify] Email notification shown in-app for shila.akter@yahoo.com
[2026-08-17 11:06:12] [INFO ] [notify] Shila Akter #7634891 delivered via: In-App + Email
[2026-08-17 11:06:12] [INFO ] [notify] In-App notification stored for Sadia Ferdous #7644433
[2026-08-17 11:06:12] [INFO ] [notify] Email notification shown in-app for sadia.ferdous@yahoo.com
[2026-08-17 11:06:12] [INFO ] [notify] Sadia Ferdous #7644433 delivered via: In-App + Email
[2026-08-17 11:06:12] [INFO ] [notify] In-App notification stored for Sumaiya Khatun #7648201
[2026-08-17 11:06:12] [INFO ] [notify] Email notification shown in-app for sumaiya.khatun@gmail.com
[2026-08-17 11:06:12] [INFO ] [notify] Sumaiya Khatun #7648201 delivered via: In-App + Email
[2026-08-17 11:06:12] [INFO ] [notify] In-App notification stored for Niloy Karim #7732091
[2026-08-17 11:06:12] [INFO ] [notify] Email notification shown in-app for niloy.karim@yahoo.com
[2026-08-17 11:06:12] [INFO ] [notify] Niloy Karim #7732091 delivered via: In-App + Email
[2026-08-17 11:06:12] [INFO ] [notify] In-App notification stored for Sohana Sultana #7812393
[2026-08-17 11:06:12] [INFO ] [notify] Email notification shown in-app for sohana.sultana@yahoo.com
[2026-08-17 11:06:12] [INFO ] [notify] Sohana Sultana #7812393 delivered via: In-App + Email
[2026-08-17 11:06:12] [INFO ] [notify] In-App notification stored for Rasel Ahmed #7829891
[2026-08-17 11:06:12] [INFO ] [notify] Email notification shown in-app for rasel.ahmed@gmail.com
[2026-08-17 11:06:12] [INFO ] [notify] Rasel Ahmed #7829891 delivered via: In-App + Email
[2026-08-17 11:06:12] [INFO ] [notify] In-App notification stored for Mamun Chowdhury #7845990
[2026-08-17 11:06:12] [INFO ] [notify] Email notification shown in-app for mamun.chowdhury@gmail.com
[2026-08-17 11:06:12] [INFO ] [notify] Mamun Chowdhury #7845990 delivered via: In-App + Email
[2026-08-17 11:06:12] [INFO ] [notify] In-App notification stored for Farzana Yasmin #7882345
[2026-08-17 11:06:12] [INFO ] [notify] Email notification shown in-app for farzana.yasmin@gmail.com
[2026-08-17 11:06:12] [INFO ] [notify] Farzana Yasmin #7882345 delivered via: In-App + Email
[2026-08-17 11:06:12] [INFO ] [notify] In-App notification stored for Sharmin Akhter #7932441
[2026-08-17 11:06:12] [INFO ] [notify] Email notification shown in-app for sharmin.akhter@yahoo.com
[2026-08-17 11:06:12] [INFO ] [notify] Sharmin Akhter #7932441 delivered via: In-App + Email
[2026-08-17 11:06:12] [INFO ] [notify] In-App notification stored for Arif Mahmud #7940012
[2026-08-17 11:06:12] [INFO ] [notify] Email notification shown in-app for arif.mahmud@gmail.com
[2026-08-17 11:06:12] [INFO ] [notify] Arif Mahmud #7940012 delivered via: In-App + Email
[2026-08-17 11:06:12] [INFO ] [notify] In-App notification stored for Rafi Islam #7993544
[2026-08-17 11:06:12] [INFO ] [notify] Email notification shown in-app for rafi.islam@gmail.com
[2026-08-17 11:06:12] [INFO ] [notify] Rafi Islam #7993544 delivered via: In-App + Email
[2026-08-17 11:06:12] [INFO ] [notify] In-App notification stored for Hasan Khan #8124593
[2026-08-17 11:06:12] [INFO ] [notify] Email notification shown in-app for hasan.khan@gmail.com
[2026-08-17 11:06:12] [INFO ] [notify] Hasan Khan #8124593 delivered via: In-App + Email
[2026-08-17 11:06:12] [INFO ] [notify] In-App notification stored for Nausicaaa Rren #9500105
[2026-08-17 11:06:12] [INFO ] [notify] Email notification shown in-app for rn@gmail.com
[2026-08-17 11:06:12] [INFO ] [notify] Nausicaaa Rren #9500105 delivered via: In-App + Email
[2026-08-17 11:06:12] [INFO ] [notify] In-App notification stored for Ahnaf Nehal #10000000
[2026-08-17 11:06:12] [INFO ] [notify] Email notification shown in-app for orpatasnimejannat@gmail.com
[2026-08-17 11:06:12] [INFO ] [notify] Ahnaf Nehal #10000000 delivered via: In-App + Email
[2026-08-17 11:06:12] [INFO ] [notify] In-App notification stored for Mumtahina Naomi #10000002
[2026-08-17 11:06:12] [INFO ] [notify] Email notification shown in-app for naomi@gmail.com
[2026-08-17 11:06:12] [INFO ] [notify] Mumtahina Naomi #10000002 delivered via: In-App + Email
[2026-08-17 11:06:12] [INFO ] [notify] In-App notification stored for Sudad Masnun #10000006
[2026-08-17 11:06:12] [INFO ] [notify] SMS notification shown in-app for Sudad0_0
[2026-08-17 11:06:12] [INFO ] [notify] Email notification shown in-app for sudadmasnunnabi789@gmail.com
[2026-08-17 11:06:12] [INFO ] [notify] Push notification shown in-app for Sudad Masnun
[2026-08-17 11:06:12] [INFO ] [notify] Sudad Masnun #10000006 delivered via: In-App + SMS + Email + Push
[2026-08-17 11:06:12] [INFO ] [notify] In-App notification stored for Nanjiba Nisa #10000015
[2026-08-17 11:06:12] [INFO ] [notify] Email notification shown in-app for n@gmail.com
[2026-08-17 11:06:12] [INFO ] [notify] Nanjiba Nisa #10000015 delivered via: In-App + Email
[2026-08-17 11:06:12] [INFO ] [notify] In-App notification stored for Habiba Meherin #10000016
[2026-08-17 11:06:12] [INFO ] [notify] Habiba Meherin #10000016 delivered via: In-App
[2026-08-17 11:09:46] [INFO ] AgriSphere C++ backend starting
[2026-08-17 11:09:46] [INFO ] Configuration loaded from d:\XAMPP\htdocs\Agrisphere\backend\config\backend.ini
[2026-08-17 11:09:46] [INFO ] DatabaseManager ready: 4 connection(s) to 127.0.0.1:3306/cse311 lab project
[2026-08-17 11:09:46] [INFO ] HTTP API listening on http://127.0.0.1:8787 (8 worker threads)
[2026-08-17 11:29:04] [INFO ] DiscountService: 140 member observer(s) subscribed to the discount subject
[2026-08-17 11:29:04] [INFO ] DiscountSubject: notifying 141 observer(s) about "5% off Katla"
[2026-08-17 11:29:04] [INFO ] [discount] Farmer Labib Miah has discounted Katla by 5%. The price is now BDT 285.00 instead of BDT 300.00.
[2026-08-17 11:29:04] [INFO ] [notify] In-App notification stored for Ahsan Kabir #7029344
[2026-08-17 11:29:04] [INFO ] [notify] Email notification shown in-app for ahsan.kabir@yahoo.com
[2026-08-17 11:29:04] [INFO ] [notify] Ahsan Kabir #7029344 delivered via: In-App + Email
[2026-08-17 11:29:04] [INFO ] [notify] In-App notification stored for Nusrat Jahan #7065411
[2026-08-17 11:29:04] [INFO ] [notify] Email notification shown in-app for nusrat.jahan@yahoo.com
[2026-08-17 11:29:04] [INFO ] [notify] Nusrat Jahan #7065411 delivered via: In-App + Email
[2026-08-17 11:29:04] [INFO ] [notify] In-App notification stored for Sultana Begum #7123988
[2026-08-17 11:29:04] [INFO ] [notify] Email notification shown in-app for sultana.begum@yahoo.com
[2026-08-17 11:29:04] [INFO ] [notify] Sultana Begum #7123988 delivered via: In-App + Email
[2026-08-17 11:29:04] [INFO ] [notify] In-App notification stored for Mitu Begum #7159033
[2026-08-17 11:29:04] [INFO ] [notify] Email notification shown in-app for mitu.begum@yahoo.com
[2026-08-17 11:29:04] [INFO ] [notify] Mitu Begum #7159033 delivered via: In-App + Email
[2026-08-17 11:29:04] [INFO ] [notify] In-App notification stored for Rakin Hasib #7165321
[2026-08-17 11:29:04] [INFO ] [notify] Email notification shown in-app for rakin.hasib@gmail.com
[2026-08-17 11:29:04] [INFO ] [notify] Rakin Hasib #7165321 delivered via: In-App + Email
[2026-08-17 11:29:04] [INFO ] [notify] In-App notification stored for Mariya Sultana #7183440
[2026-08-17 11:29:04] [INFO ] [notify] Email notification shown in-app for mariya.sultana@gmail.com
[2026-08-17 11:29:04] [INFO ] [notify] Mariya Sultana #7183440 delivered via: In-App + Email
[2026-08-17 11:29:04] [INFO ] [notify] In-App notification stored for Tania Sultana #7203401
[2026-08-17 11:29:04] [INFO ] [notify] Email notification shown in-app for tania.sultana@gmail.com
[2026-08-17 11:29:04] [INFO ] [notify] Tania Sultana #7203401 delivered via: In-App + Email
[2026-08-17 11:29:04] [INFO ] [notify] In-App notification stored for Sabrina Chowdhury #7219033
[2026-08-17 11:29:04] [INFO ] [notify] Email notification shown in-app for sabrina.chy@gmail.com
[2026-08-17 11:29:04] [INFO ] [notify] Sabrina Chowdhury #7219033 delivered via: In-App + Email
[2026-08-17 11:29:04] [INFO ] [notify] In-App notification stored for Nahid Hasan #7250934
[2026-08-17 11:29:04] [INFO ] [notify] Email notification shown in-app for nahid.hasan@yahoo.com
[2026-08-17 11:29:04] [INFO ] [notify] Nahid Hasan #7250934 delivered via: In-App + Email
[2026-08-17 11:29:04] [INFO ] [notify] In-App notification stored for Sakib Ahmed #7283590
[2026-08-17 11:29:04] [INFO ] [notify] Email notification shown in-app for sakib.ahmed@gmail.com
[2026-08-17 11:29:04] [INFO ] [notify] Sakib Ahmed #7283590 delivered via: In-App + Email
[2026-08-17 11:29:04] [INFO ] [notify] In-App notification stored for Mou Akter #7331220
[2026-08-17 11:29:04] [INFO ] [notify] Email notification shown in-app for mou.akter@yahoo.com
[2026-08-17 11:29:04] [INFO ] [notify] Mou Akter #7331220 delivered via: In-App + Email
[2026-08-17 11:29:04] [INFO ] [notify] In-App notification stored for Rumana Akter #7338912
[2026-08-17 11:29:04] [INFO ] [notify] Email notification shown in-app for rumana.akter@gmail.com
[2026-08-17 11:29:04] [INFO ] [notify] Rumana Akter #7338912 delivered via: In-App + Email
[2026-08-17 11:29:04] [INFO ] [notify] In-App notification stored for Saif Rahman #7412891
[2026-08-17 11:29:04] [INFO ] [notify] Email notification shown in-app for saif.rahman@gmail.com
[2026-08-17 11:29:04] [INFO ] [notify] Saif Rahman #7412891 delivered via: In-App + Email
[2026-08-17 11:29:04] [INFO ] [notify] In-App notification stored for Lamia Khan #7419083
[2026-08-17 11:29:04] [INFO ] [notify] Email notification shown in-app for lamia.khan@gmail.com
[2026-08-17 11:29:04] [INFO ] [notify] Lamia Khan #7419083 delivered via: In-App + Email
[2026-08-17 11:29:04] [INFO ] [notify] In-App notification stored for Tamanna Akter #7429834
[2026-08-17 11:29:04] [INFO ] [notify] Email notification shown in-app for tamanna.akter@gmail.com
[2026-08-17 11:29:04] [INFO ] [notify] Tamanna Akter #7429834 delivered via: In-App + Email
[2026-08-17 11:29:04] [INFO ] [notify] In-App notification stored for Jannat Khanam #7440193
[2026-08-17 11:29:04] [INFO ] [notify] Email notification shown in-app for jannat.khanam@gmail.com
[2026-08-17 11:29:04] [INFO ] [notify] Jannat Khanam #7440193 delivered via: In-App + Email
[2026-08-17 11:29:04] [INFO ] [notify] In-App notification stored for Arif Hossain #7450001
[2026-08-17 11:29:04] [INFO ] [notify] Email notification shown in-app for arif.hossain@gmail.com
[2026-08-17 11:29:04] [INFO ] [notify] Arif Hossain #7450001 delivered via: In-App + Email
[2026-08-17 11:29:04] [INFO ] [notify] In-App notification stored for Rafi Islam #7450002
[2026-08-17 11:29:04] [INFO ] [notify] Email notification shown in-app for rafi.islam@gmail.com
[2026-08-17 11:29:04] [INFO ] [notify] Rafi Islam #7450002 delivered via: In-App + Email
[2026-08-17 11:29:04] [INFO ] [notify] In-App notification stored for Niloy Ahmed #7450003
[2026-08-17 11:29:04] [INFO ] [notify] Email notification shown in-app for niloy.ahmed@gmail.com
[2026-08-17 11:29:04] [INFO ] [notify] Niloy Ahmed #7450003 delivered via: In-App + Email
[2026-08-17 11:29:04] [INFO ] [notify] In-App notification stored for Shawon Khan #7450004
[2026-08-17 11:29:04] [INFO ] [notify] Email notification shown in-app for shawon.khan@gmail.com
[2026-08-17 11:29:04] [INFO ] [notify] Shawon Khan #7450004 delivered via: In-App + Email
[2026-08-17 11:29:04] [INFO ] [notify] In-App notification stored for Tamim Rahman #7450005
[2026-08-17 11:29:04] [INFO ] [notify] Email notification shown in-app for tamim.rahman@gmail.com
[2026-08-17 11:29:04] [INFO ] [notify] Tamim Rahman #7450005 delivered via: In-App + Email
[2026-08-17 11:29:04] [INFO ] [notify] In-App notification stored for Sifat Hasan #7450006
[2026-08-17 11:29:04] [INFO ] [notify] Email notification shown in-app for sifat.hasan@gmail.com
[2026-08-17 11:29:04] [INFO ] [notify] Sifat Hasan #7450006 delivered via: In-App + Email
[2026-08-17 11:29:04] [INFO ] [notify] In-App notification stored for Adib Mahmud #7450007
[2026-08-17 11:29:04] [INFO ] [notify] Email notification shown in-app for adib.mahmud@gmail.com
[2026-08-17 11:29:04] [INFO ] [notify] Adib Mahmud #7450007 delivered via: In-App + Email
[2026-08-17 11:29:04] [INFO ] [notify] In-App notification stored for Fardin Islam #7450008
[2026-08-17 11:29:04] [INFO ] [notify] Email notification shown in-app for fardin.islam@gmail.com
[2026-08-17 11:29:04] [INFO ] [notify] Fardin Islam #7450008 delivered via: In-App + Email
[2026-08-17 11:29:04] [INFO ] [notify] In-App notification stored for Nabil Haque #7450009
[2026-08-17 11:29:04] [INFO ] [notify] Email notification shown in-app for nabil.haque@gmail.com
[2026-08-17 11:29:04] [INFO ] [notify] Nabil Haque #7450009 delivered via: In-App + Email
[2026-08-17 11:29:04] [INFO ] [notify] In-App notification stored for Ruhan Chowdhury #7450010
[2026-08-17 11:29:04] [INFO ] [notify] Email notification shown in-app for ruhan.ch@gmail.com
[2026-08-17 11:29:04] [INFO ] [notify] Ruhan Chowdhury #7450010 delivered via: In-App + Email
[2026-08-17 11:29:04] [INFO ] [notify] In-App notification stored for Siam Uddin #7450011
[2026-08-17 11:29:04] [INFO ] [notify] Email notification shown in-app for siam.uddin@gmail.com
[2026-08-17 11:29:04] [INFO ] [notify] Siam Uddin #7450011 delivered via: In-App + Email
[2026-08-17 11:29:04] [INFO ] [notify] In-App notification stored for Ayon Mia #7450012
[2026-08-17 11:29:04] [INFO ] [notify] Email notification shown in-app for ayon.mia@gmail.com
[2026-08-17 11:29:04] [INFO ] [notify] Ayon Mia #7450012 delivered via: In-App + Email
[2026-08-17 11:29:04] [INFO ] [notify] In-App notification stored for Zihad Islam #7450013
[2026-08-17 11:29:04] [INFO ] [notify] Email notification shown in-app for zihad.islam@gmail.com
[2026-08-17 11:29:04] [INFO ] [notify] Zihad Islam #7450013 delivered via: In-App + Email
[2026-08-17 11:29:04] [INFO ] [notify] In-App notification stored for Rakib Hossain #7450014
[2026-08-17 11:29:04] [INFO ] [notify] Email notification shown in-app for rakib.h2@gmail.com
[2026-08-17 11:29:04] [INFO ] [notify] Rakib Hossain #7450014 delivered via: In-App + Email
[2026-08-17 11:29:04] [INFO ] [notify] In-App notification stored for Sajid Khan #7450015
[2026-08-17 11:29:04] [INFO ] [notify] Email notification shown in-app for sajid.khan@gmail.com
[2026-08-17 11:29:04] [INFO ] [notify] Sajid Khan #7450015 delivered via: In-App + Email
[2026-08-17 11:29:04] [INFO ] [notify] In-App notification stored for Tanvir Ahmed #7450016
[2026-08-17 11:29:04] [INFO ] [notify] Email notification shown in-app for tanvir.ahmed@gmail.com
[2026-08-17 11:29:04] [INFO ] [notify] Tanvir Ahmed #7450016 delivered via: In-App + Email
[2026-08-17 11:29:04] [INFO ] [notify] In-App notification stored for Riad Hasan #7450017
[2026-08-17 11:29:04] [INFO ] [notify] Email notification shown in-app for riad.hasan@gmail.com
[2026-08-17 11:29:04] [INFO ] [notify] Riad Hasan #7450017 delivered via: In-App + Email
[2026-08-17 11:29:04] [INFO ] [notify] In-App notification stored for Mahin Islam #7450018
[2026-08-17 11:29:04] [INFO ] [notify] Email notification shown in-app for mahin.islam@gmail.com
[2026-08-17 11:29:04] [INFO ] [notify] Mahin Islam #7450018 delivered via: In-App + Email
[2026-08-17 11:29:04] [INFO ] [notify] In-App notification stored for Iftekhar Rahman #7450019
[2026-08-17 11:29:04] [INFO ] [notify] Email notification shown in-app for iftekhar.rahman@gmail.com
[2026-08-17 11:29:04] [INFO ] [notify] Iftekhar Rahman #7450019 delivered via: In-App + Email
[2026-08-17 11:29:04] [INFO ] [notify] In-App notification stored for Anik Sarkar #7450020
[2026-08-17 11:29:04] [INFO ] [notify] Email notification shown in-app for anik.sarkar@gmail.com
[2026-08-17 11:29:04] [INFO ] [notify] Anik Sarkar #7450020 delivered via: In-App + Email
[2026-08-17 11:29:04] [INFO ] [notify] In-App notification stored for Shihab Uddin #7450021
[2026-08-17 11:29:04] [INFO ] [notify] Email notification shown in-app for shihab.uddin@gmail.com
[2026-08-17 11:29:04] [INFO ] [notify] Shihab Uddin #7450021 delivered via: In-App + Email
[2026-08-17 11:29:04] [INFO ] [notify] In-App notification stored for Foysal Mia #7450022
[2026-08-17 11:29:04] [INFO ] [notify] Email notification shown in-app for foysal.mia@gmail.com
[2026-08-17 11:29:04] [INFO ] [notify] Foysal Mia #7450022 delivered via: In-App + Email
[2026-08-17 11:29:04] [INFO ] [notify] In-App notification stored for Ashik Hassan #7450023
[2026-08-17 11:29:04] [INFO ] [notify] Email notification shown in-app for ashik.hassan@gmail.com
[2026-08-17 11:29:04] [INFO ] [notify] Ashik Hassan #7450023 delivered via: In-App + Email
[2026-08-17 11:29:04] [INFO ] [notify] In-App notification stored for Rony Islam #7450024
[2026-08-17 11:29:04] [INFO ] [notify] Email notification shown in-app for rony.islam@gmail.com
[2026-08-17 11:29:04] [INFO ] [notify] Rony Islam #7450024 delivered via: In-App + Email
[2026-08-17 11:29:04] [INFO ] [notify] In-App notification stored for Jubayer Ahmed #7450025
[2026-08-17 11:29:04] [INFO ] [notify] Email notification shown in-app for jubayer.ahmed@gmail.com
[2026-08-17 11:29:04] [INFO ] [notify] Jubayer Ahmed #7450025 delivered via: In-App + Email
[2026-08-17 11:29:04] [INFO ] [notify] In-App notification stored for Sabbir Rahman #7450026
[2026-08-17 11:29:04] [INFO ] [notify] Email notification shown in-app for sabbir.rahman@gmail.com
[2026-08-17 11:29:04] [INFO ] [notify] Sabbir Rahman #7450026 delivered via: In-App + Email
[2026-08-17 11:29:04] [INFO ] [notify] In-App notification stored for Rasel Hossain #7450027
[2026-08-17 11:29:04] [INFO ] [notify] Email notification shown in-app for rasel.h2@gmail.com
[2026-08-17 11:29:04] [INFO ] [notify] Rasel Hossain #7450027 delivered via: In-App + Email
[2026-08-17 11:29:04] [INFO ] [notify] In-App notification stored for Arafat Islam #7450028
[2026-08-17 11:29:04] [INFO ] [notify] Email notification shown in-app for arafat.islam@gmail.com
[2026-08-17 11:29:04] [INFO ] [notify] Arafat Islam #7450028 delivered via: In-App + Email
[2026-08-17 11:29:04] [INFO ] [notify] In-App notification stored for Sohan Khan #7450029
[2026-08-17 11:29:04] [INFO ] [notify] Email notification shown in-app for sohan.khan@gmail.com
[2026-08-17 11:29:04] [INFO ] [notify] Sohan Khan #7450029 delivered via: In-App + Email
[2026-08-17 11:29:04] [INFO ] [notify] In-App notification stored for Minhaz Rahman #7450030
[2026-08-17 11:29:04] [INFO ] [notify] Email notification shown in-app for minhaz.rahman@gmail.com
[2026-08-17 11:29:04] [INFO ] [notify] Minhaz Rahman #7450030 delivered via: In-App + Email
[2026-08-17 11:29:04] [INFO ] [notify] In-App notification stored for Riyad Hasan #7450031
[2026-08-17 11:29:04] [INFO ] [notify] Email notification shown in-app for riyad.hasan@gmail.com
[2026-08-17 11:29:04] [INFO ] [notify] Riyad Hasan #7450031 delivered via: In-App + Email
[2026-08-17 11:29:04] [INFO ] [notify] In-App notification stored for Fahad Islam #7450032
[2026-08-17 11:29:04] [INFO ] [notify] Email notification shown in-app for fahad.islam@gmail.com
[2026-08-17 11:29:04] [INFO ] [notify] Fahad Islam #7450032 delivered via: In-App + Email
[2026-08-17 11:29:04] [INFO ] [notify] In-App notification stored for Sakib Ahmed #7450033
[2026-08-17 11:29:04] [INFO ] [notify] Email notification shown in-app for sakib.ahmed@gmail.com
[2026-08-17 11:29:04] [INFO ] [notify] Sakib Ahmed #7450033 delivered via: In-App + Email
[2026-08-17 11:29:04] [INFO ] [notify] In-App notification stored for Imtiaz Hossain #7450034
[2026-08-17 11:29:04] [INFO ] [notify] Email notification shown in-app for imtiaz.hossain@gmail.com
[2026-08-17 11:29:04] [INFO ] [notify] Imtiaz Hossain #7450034 delivered via: In-App + Email
[2026-08-17 11:29:04] [INFO ] [notify] In-App notification stored for Shanto Islam #7450035
[2026-08-17 11:29:04] [INFO ] [notify] Email notification shown in-app for shanto.islam@gmail.com
[2026-08-17 11:29:04] [INFO ] [notify] Shanto Islam #7450035 delivered via: In-App + Email
[2026-08-17 11:29:04] [INFO ] [notify] In-App notification stored for Noman Khan #7450036
[2026-08-17 11:29:04] [INFO ] [notify] Email notification shown in-app for noman.khan@gmail.com
[2026-08-17 11:29:04] [INFO ] [notify] Noman Khan #7450036 delivered via: In-App + Email
[2026-08-17 11:29:04] [INFO ] [notify] In-App notification stored for Ashraf Uddin #7450037
[2026-08-17 11:29:04] [INFO ] [notify] Email notification shown in-app for ashraf.uddin@gmail.com
[2026-08-17 11:29:04] [INFO ] [notify] Ashraf Uddin #7450037 delivered via: In-App + Email
[2026-08-17 11:29:04] [INFO ] [notify] In-App notification stored for Tuhin Mia #7450038
[2026-08-17 11:29:04] [INFO ] [notify] Email notification shown in-app for tuhin.mia@gmail.com
[2026-08-17 11:29:04] [INFO ] [notify] Tuhin Mia #7450038 delivered via: In-App + Email
[2026-08-17 11:29:04] [INFO ] [notify] In-App notification stored for Parvez Hasan #7450039
[2026-08-17 11:29:04] [INFO ] [notify] Email notification shown in-app for parvez.hasan@gmail.com
[2026-08-17 11:29:04] [INFO ] [notify] Parvez Hasan #7450039 delivered via: In-App + Email
[2026-08-17 11:29:04] [INFO ] [notify] In-App notification stored for Mahfuz Rahman #7450040
[2026-08-17 11:29:04] [INFO ] [notify] Email notification shown in-app for mahfuz.rahman@gmail.com
[2026-08-17 11:29:04] [INFO ] [notify] Mahfuz Rahman #7450040 delivered via: In-App + Email
[2026-08-17 11:29:04] [INFO ] [notify] In-App notification stored for Raihan Islam #7450041
[2026-08-17 11:29:04] [INFO ] [notify] Email notification shown in-app for raihan.islam@gmail.com
[2026-08-17 11:29:04] [INFO ] [notify] Raihan Islam #7450041 delivered via: In-App + Email
[2026-08-17 11:29:04] [INFO ] [notify] In-App notification stored for Shamim Ahmed #7450042
[2026-08-17 11:29:04] [INFO ] [notify] Email notification shown in-app for shamim.ahmed@gmail.com
[2026-08-17 11:29:04] [INFO ] [notify] Shamim Ahmed #7450042 delivered via: In-App + Email
[2026-08-17 11:29:04] [INFO ] [notify] In-App notification stored for Emon Hossain #7450043
[2026-08-17 11:29:04] [INFO ] [notify] Email notification shown in-app for emon.hossain@gmail.com
[2026-08-17 11:29:04] [INFO ] [notify] Emon Hossain #7450043 delivered via: In-App + Email
[2026-08-17 11:29:04] [INFO ] [notify] In-App notification stored for Jahid Islam #7450044
[2026-08-17 11:29:04] [INFO ] [notify] Email notification shown in-app for jahid.islam@gmail.com
[2026-08-17 11:29:04] [INFO ] [notify] Jahid Islam #7450044 delivered via: In-App + Email
[2026-08-17 11:29:04] [INFO ] [notify] In-App notification stored for Rifat Khan #7450045
[2026-08-17 11:29:04] [INFO ] [notify] Email notification shown in-app for rifat.khan@gmail.com
[2026-08-17 11:29:04] [INFO ] [notify] Rifat Khan #7450045 delivered via: In-App + Email
[2026-08-17 11:29:04] [INFO ] [notify] In-App notification stored for Masud Rahman #7450046
[2026-08-17 11:29:04] [INFO ] [notify] Email notification shown in-app for masud.rahman@gmail.com
[2026-08-17 11:29:04] [INFO ] [notify] Masud Rahman #7450046 delivered via: In-App + Email
[2026-08-17 11:29:04] [INFO ] [notify] In-App notification stored for Bashir Uddin #7450047
[2026-08-17 11:29:04] [INFO ] [notify] Email notification shown in-app for bashir.uddin@gmail.com
[2026-08-17 11:29:04] [INFO ] [notify] Bashir Uddin #7450047 delivered via: In-App + Email
[2026-08-17 11:29:04] [INFO ] [notify] In-App notification stored for Shafi Islam #7450048
[2026-08-17 11:29:04] [INFO ] [notify] Email notification shown in-app for shafi.islam@gmail.com
[2026-08-17 11:29:04] [INFO ] [notify] Shafi Islam #7450048 delivered via: In-App + Email
[2026-08-17 11:29:04] [INFO ] [notify] In-App notification stored for Tareq Hasan #7450049
[2026-08-17 11:29:04] [INFO ] [notify] Email notification shown in-app for tareq.hasan@gmail.com
[2026-08-17 11:29:04] [INFO ] [notify] Tareq Hasan #7450049 delivered via: In-App + Email
[2026-08-17 11:29:04] [INFO ] [notify] In-App notification stored for Rashed Khan #7450050
[2026-08-17 11:29:04] [INFO ] [notify] Email notification shown in-app for rashed.khan@gmail.com
[2026-08-17 11:29:04] [INFO ] [notify] Rashed Khan #7450050 delivered via: In-App + Email
[2026-08-17 11:29:04] [INFO ] [notify] In-App notification stored for Naim Islam #7450051
[2026-08-17 11:29:04] [INFO ] [notify] Email notification shown in-app for naim.islam@gmail.com
[2026-08-17 11:29:04] [INFO ] [notify] Naim Islam #7450051 delivered via: In-App + Email
[2026-08-17 11:29:04] [INFO ] [notify] In-App notification stored for Firoz Ahmed #7450052
[2026-08-17 11:29:04] [INFO ] [notify] Email notification shown in-app for firoz.ahmed@gmail.com
[2026-08-17 11:29:04] [INFO ] [notify] Firoz Ahmed #7450052 delivered via: In-App + Email
[2026-08-17 11:29:04] [INFO ] [notify] In-App notification stored for Iqbal Hossain #7450053
[2026-08-17 11:29:04] [INFO ] [notify] Email notification shown in-app for iqbal.hossain@gmail.com
[2026-08-17 11:29:04] [INFO ] [notify] Iqbal Hossain #7450053 delivered via: In-App + Email
[2026-08-17 11:29:04] [INFO ] [notify] In-App notification stored for Nazmul Islam #7450054
[2026-08-17 11:29:04] [INFO ] [notify] Email notification shown in-app for nazmul.islam@gmail.com
[2026-08-17 11:29:04] [INFO ] [notify] Nazmul Islam #7450054 delivered via: In-App + Email
[2026-08-17 11:29:04] [INFO ] [notify] In-App notification stored for Kawsar Khan #7450055
[2026-08-17 11:29:04] [INFO ] [notify] Email notification shown in-app for kawsar.khan@gmail.com
[2026-08-17 11:29:04] [INFO ] [notify] Kawsar Khan #7450055 delivered via: In-App + Email
[2026-08-17 11:29:04] [INFO ] [notify] In-App notification stored for Sujon Mia #7450056
[2026-08-17 11:29:04] [INFO ] [notify] Email notification shown in-app for sujon.mia@gmail.com
[2026-08-17 11:29:04] [INFO ] [notify] Sujon Mia #7450056 delivered via: In-App + Email
[2026-08-17 11:29:04] [INFO ] [notify] In-App notification stored for Habib Rahman #7450057
[2026-08-17 11:29:04] [INFO ] [notify] Email notification shown in-app for habib.rahman@gmail.com
[2026-08-17 11:29:04] [INFO ] [notify] Habib Rahman #7450057 delivered via: In-App + Email
[2026-08-17 11:29:04] [INFO ] [notify] In-App notification stored for Alif Hasan #7450058
[2026-08-17 11:29:04] [INFO ] [notify] Email notification shown in-app for alif.hasan@gmail.com
[2026-08-17 11:29:04] [INFO ] [notify] Alif Hasan #7450058 delivered via: In-App + Email
[2026-08-17 11:29:04] [INFO ] [notify] In-App notification stored for Rokon Uddin #7450059
[2026-08-17 11:29:04] [INFO ] [notify] Email notification shown in-app for rokon.uddin@gmail.com
[2026-08-17 11:29:04] [INFO ] [notify] Rokon Uddin #7450059 delivered via: In-App + Email
[2026-08-17 11:29:04] [INFO ] [notify] In-App notification stored for Jony Islam #7450060
[2026-08-17 11:29:04] [INFO ] [notify] Email notification shown in-app for jony.islam@gmail.com
[2026-08-17 11:29:04] [INFO ] [notify] Jony Islam #7450060 delivered via: In-App + Email
[2026-08-17 11:29:04] [INFO ] [notify] In-App notification stored for Sazzad Khan #7450061
[2026-08-17 11:29:04] [INFO ] [notify] Email notification shown in-app for sazzad.khan@gmail.com
[2026-08-17 11:29:04] [INFO ] [notify] Sazzad Khan #7450061 delivered via: In-App + Email
[2026-08-17 11:29:04] [INFO ] [notify] In-App notification stored for Shawon Ahmed #7450062
[2026-08-17 11:29:04] [INFO ] [notify] Email notification shown in-app for shawon.ahmed@gmail.com
[2026-08-17 11:29:04] [INFO ] [notify] Shawon Ahmed #7450062 delivered via: In-App + Email
[2026-08-17 11:29:04] [INFO ] [notify] In-App notification stored for Mahdi Islam #7450063
[2026-08-17 11:29:04] [INFO ] [notify] Email notification shown in-app for mahdi.islam@gmail.com
[2026-08-17 11:29:04] [INFO ] [notify] Mahdi Islam #7450063 delivered via: In-App + Email
[2026-08-17 11:29:04] [INFO ] [notify] In-App notification stored for Zakir Hossain #7450064
[2026-08-17 11:29:04] [INFO ] [notify] Email notification shown in-app for zakir.hossain@gmail.com
[2026-08-17 11:29:04] [INFO ] [notify] Zakir Hossain #7450064 delivered via: In-App + Email
[2026-08-17 11:29:04] [INFO ] [notify] In-App notification stored for Sami Rahman #7450065
[2026-08-17 11:29:04] [INFO ] [notify] Email notification shown in-app for sami.rahman@gmail.com
[2026-08-17 11:29:04] [INFO ] [notify] Sami Rahman #7450065 delivered via: In-App + Email
[2026-08-17 11:29:04] [INFO ] [notify] In-App notification stored for Tanim Islam #7450066
[2026-08-17 11:29:04] [INFO ] [notify] Email notification shown in-app for tanim.islam@gmail.com
[2026-08-17 11:29:04] [INFO ] [notify] Tanim Islam #7450066 delivered via: In-App + Email
[2026-08-17 11:29:04] [INFO ] [notify] In-App notification stored for Ishrat Jahan #7569211
[2026-08-17 11:29:04] [INFO ] [notify] Email notification shown in-app for ishrat.jahan@yahoo.com
[2026-08-17 11:29:04] [INFO ] [notify] Ishrat Jahan #7569211 delivered via: In-App + Email
[2026-08-17 11:29:04] [INFO ] [notify] In-App notification stored for Amina Khatun #7600001
[2026-08-17 11:29:04] [INFO ] [notify] Email notification shown in-app for amina.khatun@gmail.com
[2026-08-17 11:29:04] [INFO ] [notify] Amina Khatun #7600001 delivered via: In-App + Email
[2026-08-17 11:29:04] [INFO ] [notify] In-App notification stored for Rohan Ahmed #7600002
[2026-08-17 11:29:04] [INFO ] [notify] Email notification shown in-app for rohan.ahmed@gmail.com
[2026-08-17 11:29:04] [INFO ] [notify] Rohan Ahmed #7600002 delivered via: In-App + Email
[2026-08-17 11:29:04] [INFO ] [notify] In-App notification stored for Sadia Islam #7600003
[2026-08-17 11:29:04] [INFO ] [notify] Email notification shown in-app for sadia.islam@gmail.com
[2026-08-17 11:29:04] [INFO ] [notify] Sadia Islam #7600003 delivered via: In-App + Email
[2026-08-17 11:29:04] [INFO ] [notify] In-App notification stored for Imran Hossain #7600004
[2026-08-17 11:29:04] [INFO ] [notify] Email notification shown in-app for imran.hossain@gmail.com
[2026-08-17 11:29:04] [INFO ] [notify] Imran Hossain #7600004 delivered via: In-App + Email
[2026-08-17 11:29:04] [INFO ] [notify] In-App notification stored for Nabila Khan #7600005
[2026-08-17 11:29:04] [INFO ] [notify] Email notification shown in-app for nabila.khan@gmail.com
[2026-08-17 11:29:04] [INFO ] [notify] Nabila Khan #7600005 delivered via: In-App + Email
[2026-08-17 11:29:04] [INFO ] [notify] In-App notification stored for Saif Uddin #7600006
[2026-08-17 11:29:04] [INFO ] [notify] Email notification shown in-app for saif.uddin@gmail.com
[2026-08-17 11:29:04] [INFO ] [notify] Saif Uddin #7600006 delivered via: In-App + Email
[2026-08-17 11:29:04] [INFO ] [notify] In-App notification stored for Farhan Miah #7600007
[2026-08-17 11:29:04] [INFO ] [notify] Email notification shown in-app for farhan.miah@gmail.com
[2026-08-17 11:29:04] [INFO ] [notify] Farhan Miah #7600007 delivered via: In-App + Email
[2026-08-17 11:29:04] [INFO ] [notify] In-App notification stored for Lamia Chowdhury #7600008
[2026-08-17 11:29:04] [INFO ] [notify] Email notification shown in-app for lamia.chowdhury@gmail.com
[2026-08-17 11:29:04] [INFO ] [notify] Lamia Chowdhury #7600008 delivered via: In-App + Email
[2026-08-17 11:29:04] [INFO ] [notify] In-App notification stored for Arif Rahman #7600009
[2026-08-17 11:29:04] [INFO ] [notify] Email notification shown in-app for arif.rahman@gmail.com
[2026-08-17 11:29:04] [INFO ] [notify] Arif Rahman #7600009 delivered via: In-App + Email
[2026-08-17 11:29:04] [INFO ] [notify] In-App notification stored for Tania Sultana #7600010
[2026-08-17 11:29:04] [INFO ] [notify] Email notification shown in-app for tania.sultana@gmail.com
[2026-08-17 11:29:04] [INFO ] [notify] Tania Sultana #7600010 delivered via: In-App + Email
[2026-08-17 11:29:04] [INFO ] [notify] In-App notification stored for Mehedi Hasan #7600011
[2026-08-17 11:29:04] [INFO ] [notify] Email notification shown in-app for mehedi.hasan@gmail.com
[2026-08-17 11:29:04] [INFO ] [notify] Mehedi Hasan #7600011 delivered via: In-App + Email
[2026-08-17 11:29:04] [INFO ] [notify] In-App notification stored for Jarin Akter #7600012
[2026-08-17 11:29:04] [INFO ] [notify] Email notification shown in-app for jarin.akter@gmail.com
[2026-08-17 11:29:04] [INFO ] [notify] Jarin Akter #7600012 delivered via: In-App + Email
[2026-08-17 11:29:04] [INFO ] [notify] In-App notification stored for Omar Faruk #7600013
[2026-08-17 11:29:04] [INFO ] [notify] Email notification shown in-app for omar.faruk@gmail.com
[2026-08-17 11:29:04] [INFO ] [notify] Omar Faruk #7600013 delivered via: In-App + Email
[2026-08-17 11:29:04] [INFO ] [notify] In-App notification stored for Maliha Tasnim #7600014
[2026-08-17 11:29:04] [INFO ] [notify] Email notification shown in-app for maliha.tasnim@gmail.com
[2026-08-17 11:29:04] [INFO ] [notify] Maliha Tasnim #7600014 delivered via: In-App + Email
[2026-08-17 11:29:04] [INFO ] [notify] In-App notification stored for Ridwan Khan #7600015
[2026-08-17 11:29:04] [INFO ] [notify] Email notification shown in-app for ridwan.khan@gmail.com
[2026-08-17 11:29:04] [INFO ] [notify] Ridwan Khan #7600015 delivered via: In-App + Email
[2026-08-17 11:29:04] [INFO ] [notify] In-App notification stored for Sakib Alam #7600016
[2026-08-17 11:29:04] [INFO ] [notify] Email notification shown in-app for sakib.alam@gmail.com
[2026-08-17 11:29:04] [INFO ] [notify] Sakib Alam #7600016 delivered via: In-App + Email
[2026-08-17 11:29:04] [INFO ] [notify] In-App notification stored for Nusrat Jahan #7600017
[2026-08-17 11:29:04] [INFO ] [notify] Email notification shown in-app for nusrat.jahan@gmail.com
[2026-08-17 11:29:04] [INFO ] [notify] Nusrat Jahan #7600017 delivered via: In-App + Email
[2026-08-17 11:29:04] [INFO ] [notify] In-App notification stored for Tahmid Ahmed #7600018
[2026-08-17 11:29:04] [INFO ] [notify] Email notification shown in-app for tahmid.ahmed@gmail.com
[2026-08-17 11:29:04] [INFO ] [notify] Tahmid Ahmed #7600018 delivered via: In-App + Email
[2026-08-17 11:29:04] [INFO ] [notify] In-App notification stored for Mim Akter #7600019
[2026-08-17 11:29:04] [INFO ] [notify] Email notification shown in-app for mim.akter@gmail.com
[2026-08-17 11:29:04] [INFO ] [notify] Mim Akter #7600019 delivered via: In-App + Email
[2026-08-17 11:29:04] [INFO ] [notify] In-App notification stored for Zayed Hossain #7600020
[2026-08-17 11:29:04] [INFO ] [notify] Email notification shown in-app for zayed.hossain@gmail.com
[2026-08-17 11:29:04] [INFO ] [notify] Zayed Hossain #7600020 delivered via: In-App + Email
[2026-08-17 11:29:04] [INFO ] [notify] In-App notification stored for Afsana Miah #7600021
[2026-08-17 11:29:04] [INFO ] [notify] Email notification shown in-app for afsana.miah@gmail.com
[2026-08-17 11:29:04] [INFO ] [notify] Afsana Miah #7600021 delivered via: In-App + Email
[2026-08-17 11:29:04] [INFO ] [notify] In-App notification stored for Rayhan Kabir #7600022
[2026-08-17 11:29:04] [INFO ] [notify] Email notification shown in-app for rayhan.kabir@gmail.com
[2026-08-17 11:29:04] [INFO ] [notify] Rayhan Kabir #7600022 delivered via: In-App + Email
[2026-08-17 11:29:04] [INFO ] [notify] In-App notification stored for Shifa Tasnim #7600023
[2026-08-17 11:29:04] [INFO ] [notify] Email notification shown in-app for shifa.tasnim@gmail.com
[2026-08-17 11:29:04] [INFO ] [notify] Shifa Tasnim #7600023 delivered via: In-App + Email
[2026-08-17 11:29:04] [INFO ] [notify] In-App notification stored for Abrar Rahman #7600024
[2026-08-17 11:29:04] [INFO ] [notify] Email notification shown in-app for abrar.rahman@gmail.com
[2026-08-17 11:29:04] [INFO ] [notify] Abrar Rahman #7600024 delivered via: In-App + Email
[2026-08-17 11:29:04] [INFO ] [notify] In-App notification stored for Sohana Islam #7600025
[2026-08-17 11:29:04] [INFO ] [notify] Email notification shown in-app for sohana.islam@gmail.com
[2026-08-17 11:29:04] [INFO ] [notify] Sohana Islam #7600025 delivered via: In-App + Email
[2026-08-17 11:29:04] [INFO ] [notify] In-App notification stored for Ehsan Khan #7600026
[2026-08-17 11:29:04] [INFO ] [notify] Email notification shown in-app for ehsan.khan@gmail.com
[2026-08-17 11:29:04] [INFO ] [notify] Ehsan Khan #7600026 delivered via: In-App + Email
[2026-08-17 11:29:04] [INFO ] [notify] In-App notification stored for Raisa Khatun #7600027
[2026-08-17 11:29:04] [INFO ] [notify] Email notification shown in-app for raisa.khatun@gmail.com
[2026-08-17 11:29:04] [INFO ] [notify] Raisa Khatun #7600027 delivered via: In-App + Email
[2026-08-17 11:29:04] [INFO ] [notify] In-App notification stored for Mahin Ahmed #7600028
[2026-08-17 11:29:04] [INFO ] [notify] Email notification shown in-app for mahin.ahmed@gmail.com
[2026-08-17 11:29:04] [INFO ] [notify] Mahin Ahmed #7600028 delivered via: In-App + Email
[2026-08-17 11:29:04] [INFO ] [notify] In-App notification stored for Liza Akter #7600029
[2026-08-17 11:29:04] [INFO ] [notify] Email notification shown in-app for liza.akter@gmail.com
[2026-08-17 11:29:04] [INFO ] [notify] Liza Akter #7600029 delivered via: In-App + Email
[2026-08-17 11:29:04] [INFO ] [notify] In-App notification stored for Jawad Hasan #7600030
[2026-08-17 11:29:04] [INFO ] [notify] Email notification shown in-app for jawad.hasan@gmail.com
[2026-08-17 11:29:04] [INFO ] [notify] Jawad Hasan #7600030 delivered via: In-App + Email
[2026-08-17 11:29:04] [INFO ] [notify] In-App notification stored for Nayla Jahan #7600031
[2026-08-17 11:29:04] [INFO ] [notify] Email notification shown in-app for nayla.jahan@gmail.com
[2026-08-17 11:29:04] [INFO ] [notify] Nayla Jahan #7600031 delivered via: In-App + Email
[2026-08-17 11:29:04] [INFO ] [notify] In-App notification stored for Ratul Islam #7600032
[2026-08-17 11:29:04] [INFO ] [notify] Email notification shown in-app for ratul.islam@gmail.com
[2026-08-17 11:29:04] [INFO ] [notify] Ratul Islam #7600032 delivered via: In-App + Email
[2026-08-17 11:29:04] [INFO ] [notify] In-App notification stored for Iffat Sultana #7600033
[2026-08-17 11:29:04] [INFO ] [notify] Email notification shown in-app for iffat.sultana@gmail.com
[2026-08-17 11:29:04] [INFO ] [notify] Iffat Sultana #7600033 delivered via: In-App + Email
[2026-08-17 11:29:04] [INFO ] [notify] In-App notification stored for Siam Khan #7600034
[2026-08-17 11:29:04] [INFO ] [notify] Email notification shown in-app for siam.khan@gmail.com
[2026-08-17 11:29:04] [INFO ] [notify] Siam Khan #7600034 delivered via: In-App + Email
[2026-08-17 11:29:04] [INFO ] [notify] In-App notification stored for Ayan Faruk #7600036
[2026-08-17 11:29:04] [INFO ] [notify] Email notification shown in-app for ayan.faruk@gmail.com
[2026-08-17 11:29:04] [INFO ] [notify] Ayan Faruk #7600036 delivered via: In-App + Email
[2026-08-17 11:29:04] [INFO ] [notify] In-App notification stored for Nafisa Khatun #7600037
[2026-08-17 11:29:04] [INFO ] [notify] Email notification shown in-app for nafisa.khatun@gmail.com
[2026-08-17 11:29:04] [INFO ] [notify] Nafisa Khatun #7600037 delivered via: In-App + Email
[2026-08-17 11:29:04] [INFO ] [notify] In-App notification stored for Labib Ahmed #7600038
[2026-08-17 11:29:04] [INFO ] [notify] Email notification shown in-app for labib.ahmed@gmail.com
[2026-08-17 11:29:04] [INFO ] [notify] Labib Ahmed #7600038 delivered via: In-App + Email
[2026-08-17 11:29:04] [INFO ] [notify] In-App notification stored for Zara Khan #7600039
[2026-08-17 11:29:04] [INFO ] [notify] Email notification shown in-app for zara.khan@gmail.com
[2026-08-17 11:29:04] [INFO ] [notify] Zara Khan #7600039 delivered via: In-App + Email
[2026-08-17 11:29:04] [INFO ] [notify] In-App notification stored for Fahad Rahman #7600040
[2026-08-17 11:29:04] [INFO ] [notify] Email notification shown in-app for fahad.rahman@gmail.com
[2026-08-17 11:29:04] [INFO ] [notify] Fahad Rahman #7600040 delivered via: In-App + Email
[2026-08-17 11:29:04] [INFO ] [notify] In-App notification stored for Shila Akter #7634891
[2026-08-17 11:29:04] [INFO ] [notify] Email notification shown in-app for shila.akter@yahoo.com
[2026-08-17 11:29:04] [INFO ] [notify] Shila Akter #7634891 delivered via: In-App + Email
[2026-08-17 11:29:04] [INFO ] [notify] In-App notification stored for Sadia Ferdous #7644433
[2026-08-17 11:29:04] [INFO ] [notify] Email notification shown in-app for sadia.ferdous@yahoo.com
[2026-08-17 11:29:04] [INFO ] [notify] Sadia Ferdous #7644433 delivered via: In-App + Email
[2026-08-17 11:29:04] [INFO ] [notify] In-App notification stored for Sumaiya Khatun #7648201
[2026-08-17 11:29:04] [INFO ] [notify] Email notification shown in-app for sumaiya.khatun@gmail.com
[2026-08-17 11:29:04] [INFO ] [notify] Sumaiya Khatun #7648201 delivered via: In-App + Email
[2026-08-17 11:29:04] [INFO ] [notify] In-App notification stored for Niloy Karim #7732091
[2026-08-17 11:29:04] [INFO ] [notify] Email notification shown in-app for niloy.karim@yahoo.com
[2026-08-17 11:29:04] [INFO ] [notify] Niloy Karim #7732091 delivered via: In-App + Email
[2026-08-17 11:29:04] [INFO ] [notify] In-App notification stored for Sohana Sultana #7812393
[2026-08-17 11:29:04] [INFO ] [notify] Email notification shown in-app for sohana.sultana@yahoo.com
[2026-08-17 11:29:04] [INFO ] [notify] Sohana Sultana #7812393 delivered via: In-App + Email
[2026-08-17 11:29:04] [INFO ] [notify] In-App notification stored for Rasel Ahmed #7829891
[2026-08-17 11:29:04] [INFO ] [notify] Email notification shown in-app for rasel.ahmed@gmail.com
[2026-08-17 11:29:04] [INFO ] [notify] Rasel Ahmed #7829891 delivered via: In-App + Email
[2026-08-17 11:29:04] [INFO ] [notify] In-App notification stored for Mamun Chowdhury #7845990
[2026-08-17 11:29:04] [INFO ] [notify] Email notification shown in-app for mamun.chowdhury@gmail.com
[2026-08-17 11:29:04] [INFO ] [notify] Mamun Chowdhury #7845990 delivered via: In-App + Email
[2026-08-17 11:29:04] [INFO ] [notify] In-App notification stored for Farzana Yasmin #7882345
[2026-08-17 11:29:04] [INFO ] [notify] Email notification shown in-app for farzana.yasmin@gmail.com
[2026-08-17 11:29:04] [INFO ] [notify] Farzana Yasmin #7882345 delivered via: In-App + Email
[2026-08-17 11:29:04] [INFO ] [notify] In-App notification stored for Sharmin Akhter #7932441
[2026-08-17 11:29:04] [INFO ] [notify] Email notification shown in-app for sharmin.akhter@yahoo.com
[2026-08-17 11:29:04] [INFO ] [notify] Sharmin Akhter #7932441 delivered via: In-App + Email
[2026-08-17 11:29:04] [INFO ] [notify] In-App notification stored for Arif Mahmud #7940012
[2026-08-17 11:29:04] [INFO ] [notify] Email notification shown in-app for arif.mahmud@gmail.com
[2026-08-17 11:29:04] [INFO ] [notify] Arif Mahmud #7940012 delivered via: In-App + Email
[2026-08-17 11:29:04] [INFO ] [notify] In-App notification stored for Rafi Islam #7993544
[2026-08-17 11:29:04] [INFO ] [notify] Email notification shown in-app for rafi.islam@gmail.com
[2026-08-17 11:29:04] [INFO ] [notify] Rafi Islam #7993544 delivered via: In-App + Email
[2026-08-17 11:29:04] [INFO ] [notify] In-App notification stored for Hasan Khan #8124593
[2026-08-17 11:29:04] [INFO ] [notify] Email notification shown in-app for hasan.khan@gmail.com
[2026-08-17 11:29:04] [INFO ] [notify] Hasan Khan #8124593 delivered via: In-App + Email
[2026-08-17 11:29:04] [INFO ] [notify] In-App notification stored for Nausicaaa Rren #9500105
[2026-08-17 11:29:04] [INFO ] [notify] Email notification shown in-app for rn@gmail.com
[2026-08-17 11:29:04] [INFO ] [notify] Nausicaaa Rren #9500105 delivered via: In-App + Email
[2026-08-17 11:29:04] [INFO ] [notify] In-App notification stored for Ahnaf Nehal #10000000
[2026-08-17 11:29:04] [INFO ] [notify] Email notification shown in-app for orpatasnimejannat@gmail.com
[2026-08-17 11:29:04] [INFO ] [notify] Ahnaf Nehal #10000000 delivered via: In-App + Email
[2026-08-17 11:29:04] [INFO ] [notify] In-App notification stored for Mumtahina Naomi #10000002
[2026-08-17 11:29:04] [INFO ] [notify] Email notification shown in-app for naomi@gmail.com
[2026-08-17 11:29:04] [INFO ] [notify] Mumtahina Naomi #10000002 delivered via: In-App + Email
[2026-08-17 11:29:04] [INFO ] [notify] In-App notification stored for Sudad Masnun #10000006
[2026-08-17 11:29:04] [INFO ] [notify] SMS notification shown in-app for Sudad0_0
[2026-08-17 11:29:04] [INFO ] [notify] Email notification shown in-app for sudadmasnunnabi789@gmail.com
[2026-08-17 11:29:04] [INFO ] [notify] Push notification shown in-app for Sudad Masnun
[2026-08-17 11:29:04] [INFO ] [notify] Sudad Masnun #10000006 delivered via: In-App + SMS + Email + Push
[2026-08-17 11:29:04] [INFO ] [notify] In-App notification stored for Nanjiba Nisa #10000015
[2026-08-17 11:29:04] [INFO ] [notify] Email notification shown in-app for n@gmail.com
[2026-08-17 11:29:04] [INFO ] [notify] Nanjiba Nisa #10000015 delivered via: In-App + Email
[2026-08-17 11:29:04] [INFO ] [notify] In-App notification stored for Habiba Meherin #10000016
[2026-08-17 11:29:04] [INFO ] [notify] Email notification shown in-app for habu@gmail.com
[2026-08-17 11:29:04] [INFO ] [notify] Habiba Meherin #10000016 delivered via: In-App + Email
[2026-08-17 12:00:13] [INFO ] AgriSphere C++ backend starting
[2026-08-17 12:00:13] [INFO ] Configuration loaded from d:\XAMPP\htdocs\Agrisphere\backend\config\backend.ini
[2026-08-17 12:00:13] [INFO ] DatabaseManager ready: 4 connection(s) to 127.0.0.1:3306/cse311 lab project
[2026-08-17 12:00:13] [INFO ] HTTP API listening on http://127.0.0.1:8787 (8 worker threads)
[2026-08-17 12:02:59] [INFO ] AgriSphere C++ backend starting
[2026-08-17 12:02:59] [INFO ] Configuration loaded from d:\XAMPP\htdocs\Agrisphere\backend\config\backend.ini
[2026-08-17 12:02:59] [INFO ] DatabaseManager ready: 4 connection(s) to 127.0.0.1:3306/cse311 lab project
[2026-08-17 12:02:59] [INFO ] HTTP API listening on http://127.0.0.1:8787 (8 worker threads)
[2026-08-17 12:03:18] [INFO ] [package] "Weekly Essentials" added to the cart of customer 99000010 - 6 product(s), 22 unit(s)
[2026-08-17 12:03:27] [INFO ] [package] "Weekly Essentials" added to the cart of customer 99000010 - 6 product(s), 22 unit(s)
[2026-08-17 12:15:12] [INFO ] [package] "Farm Fresh Basics" added to the cart of customer 10000006 - 5 product(s), 22 unit(s)
[2026-08-17 12:20:11] [INFO ] AgriSphere C++ backend starting
[2026-08-17 12:20:11] [INFO ] Configuration loaded from d:\XAMPP\htdocs\Agrisphere\backend\config\backend.ini
[2026-08-17 12:20:11] [INFO ] DatabaseManager ready: 4 connection(s) to 127.0.0.1:3306/cse311 lab project
[2026-08-17 12:20:11] [INFO ] HTTP API listening on http://127.0.0.1:8787 (8 worker threads)
[2026-08-17 12:20:54] [INFO ] Checkout for customer 99000020: Premium + Bulk strategy (15%), 10 item(s)
[2026-08-17 13:04:12] [INFO ] AgriSphere C++ backend starting
[2026-08-17 13:04:12] [INFO ] Configuration loaded from d:\XAMPP\htdocs\Agrisphere\backend\config\backend.ini
[2026-08-17 13:04:12] [INFO ] DatabaseManager ready: 4 connection(s) to 127.0.0.1:3306/cse311 lab project
[2026-08-17 13:04:12] [INFO ] PaymentCreatorRegistry: 7 payment method key(s) registered
[2026-08-17 13:04:12] [INFO ] HTTP API listening on http://127.0.0.1:8787 (8 worker threads)
[2026-08-22 04:29:29] [INFO ] AgriSphere C++ backend starting
[2026-08-22 04:29:29] [INFO ] Configuration loaded from config\backend.ini
[2026-08-22 04:29:29] [INFO ] DatabaseManager ready: 4 connection(s) to 127.0.0.1:3306/cse311 lab project
[2026-08-22 04:29:29] [INFO ] PaymentCreatorRegistry: 7 payment method key(s) registered
[2026-08-22 04:29:29] [INFO ] HTTP API listening on http://127.0.0.1:8787 (8 worker threads)
[2026-08-22 04:44:22] [INFO ] AgriSphere C++ backend starting
[2026-08-22 04:44:22] [INFO ] Configuration loaded from d:\XAMPP\htdocs\Agrisphere\backend\config\backend.ini
[2026-08-22 04:44:22] [INFO ] DatabaseManager ready: 4 connection(s) to 127.0.0.1:3306/cse311 lab project
[2026-08-22 04:44:22] [INFO ] PaymentCreatorRegistry: 7 payment method key(s) registered
[2026-08-22 04:44:22] [INFO ] HTTP API listening on http://127.0.0.1:8787 (8 worker threads)
[2026-08-22 05:03:14] [INFO ] AgriSphere C++ backend starting
[2026-08-22 05:03:14] [INFO ] Configuration loaded from d:\XAMPP\htdocs\Agrisphere\backend\config\backend.ini
[2026-08-22 05:03:14] [INFO ] DatabaseManager ready: 4 connection(s) to 127.0.0.1:3306/cse311 lab project
[2026-08-22 05:03:14] [INFO ] PaymentCreatorRegistry: 7 payment method key(s) registered
[2026-08-22 05:03:14] [INFO ] HTTP API listening on http://127.0.0.1:8787 (8 worker threads)
[2026-08-22 05:13:41] [WARN ] Reconnected a pooled MySQL connection
[2026-08-22 10:53:34] [WARN ] Reconnected a pooled MySQL connection
[2026-08-22 10:54:08] [INFO ] DiscountService: 140 member observer(s) subscribed to the discount subject
[2026-08-22 10:54:08] [INFO ] DiscountSubject: notifying 141 observer(s) about "10% off Milk (Cow)"
[2026-08-22 10:54:08] [INFO ] [discount] Farmer Rahim Uddin has discounted Milk (Cow) by 10%. The price is now BDT 76.50 instead of BDT 85.00.
[2026-08-22 10:54:08] [INFO ] [notify] In-App notification stored for Ahsan Kabir #7029344
[2026-08-22 10:54:08] [INFO ] [notify] Email notification shown in-app for ahsan.kabir@yahoo.com
[2026-08-22 10:54:08] [INFO ] [notify] Ahsan Kabir #7029344 delivered via: In-App + Email
[2026-08-22 10:54:08] [INFO ] [notify] In-App notification stored for Nusrat Jahan #7065411
[2026-08-22 10:54:08] [INFO ] [notify] Email notification shown in-app for nusrat.jahan@yahoo.com
[2026-08-22 10:54:08] [INFO ] [notify] Nusrat Jahan #7065411 delivered via: In-App + Email
[2026-08-22 10:54:08] [INFO ] [notify] In-App notification stored for Sultana Begum #7123988
[2026-08-22 10:54:08] [INFO ] [notify] Email notification shown in-app for sultana.begum@yahoo.com
[2026-08-22 10:54:08] [INFO ] [notify] Sultana Begum #7123988 delivered via: In-App + Email
[2026-08-22 10:54:08] [INFO ] [notify] In-App notification stored for Mitu Begum #7159033
[2026-08-22 10:54:08] [INFO ] [notify] Email notification shown in-app for mitu.begum@yahoo.com
[2026-08-22 10:54:08] [INFO ] [notify] Mitu Begum #7159033 delivered via: In-App + Email
[2026-08-22 10:54:08] [INFO ] [notify] In-App notification stored for Rakin Hasib #7165321
[2026-08-22 10:54:08] [INFO ] [notify] Email notification shown in-app for rakin.hasib@gmail.com
[2026-08-22 10:54:08] [INFO ] [notify] Rakin Hasib #7165321 delivered via: In-App + Email
[2026-08-22 10:54:08] [INFO ] [notify] In-App notification stored for Mariya Sultana #7183440
[2026-08-22 10:54:08] [INFO ] [notify] Email notification shown in-app for mariya.sultana@gmail.com
[2026-08-22 10:54:08] [INFO ] [notify] Mariya Sultana #7183440 delivered via: In-App + Email
[2026-08-22 10:54:08] [INFO ] [notify] In-App notification stored for Tania Sultana #7203401
[2026-08-22 10:54:08] [INFO ] [notify] Email notification shown in-app for tania.sultana@gmail.com
[2026-08-22 10:54:08] [INFO ] [notify] Tania Sultana #7203401 delivered via: In-App + Email
[2026-08-22 10:54:08] [INFO ] [notify] In-App notification stored for Sabrina Chowdhury #7219033
[2026-08-22 10:54:08] [INFO ] [notify] Email notification shown in-app for sabrina.chy@gmail.com
[2026-08-22 10:54:08] [INFO ] [notify] Sabrina Chowdhury #7219033 delivered via: In-App + Email
[2026-08-22 10:54:08] [INFO ] [notify] In-App notification stored for Nahid Hasan #7250934
[2026-08-22 10:54:08] [INFO ] [notify] Email notification shown in-app for nahid.hasan@yahoo.com
[2026-08-22 10:54:08] [INFO ] [notify] Nahid Hasan #7250934 delivered via: In-App + Email
[2026-08-22 10:54:08] [INFO ] [notify] In-App notification stored for Sakib Ahmed #7283590
[2026-08-22 10:54:08] [INFO ] [notify] Email notification shown in-app for sakib.ahmed@gmail.com
[2026-08-22 10:54:08] [INFO ] [notify] Sakib Ahmed #7283590 delivered via: In-App + Email
[2026-08-22 10:54:08] [INFO ] [notify] In-App notification stored for Mou Akter #7331220
[2026-08-22 10:54:08] [INFO ] [notify] Email notification shown in-app for mou.akter@yahoo.com
[2026-08-22 10:54:08] [INFO ] [notify] Mou Akter #7331220 delivered via: In-App + Email
[2026-08-22 10:54:08] [INFO ] [notify] In-App notification stored for Rumana Akter #7338912
[2026-08-22 10:54:08] [INFO ] [notify] Email notification shown in-app for rumana.akter@gmail.com
[2026-08-22 10:54:08] [INFO ] [notify] Rumana Akter #7338912 delivered via: In-App + Email
[2026-08-22 10:54:08] [INFO ] [notify] In-App notification stored for Saif Rahman #7412891
[2026-08-22 10:54:08] [INFO ] [notify] Email notification shown in-app for saif.rahman@gmail.com
[2026-08-22 10:54:08] [INFO ] [notify] Saif Rahman #7412891 delivered via: In-App + Email
[2026-08-22 10:54:08] [INFO ] [notify] In-App notification stored for Lamia Khan #7419083
[2026-08-22 10:54:08] [INFO ] [notify] Email notification shown in-app for lamia.khan@gmail.com
[2026-08-22 10:54:08] [INFO ] [notify] Lamia Khan #7419083 delivered via: In-App + Email
[2026-08-22 10:54:08] [INFO ] [notify] In-App notification stored for Tamanna Akter #7429834
[2026-08-22 10:54:08] [INFO ] [notify] Email notification shown in-app for tamanna.akter@gmail.com
[2026-08-22 10:54:08] [INFO ] [notify] Tamanna Akter #7429834 delivered via: In-App + Email
[2026-08-22 10:54:08] [INFO ] [notify] In-App notification stored for Jannat Khanam #7440193
[2026-08-22 10:54:08] [INFO ] [notify] Email notification shown in-app for jannat.khanam@gmail.com
[2026-08-22 10:54:08] [INFO ] [notify] Jannat Khanam #7440193 delivered via: In-App + Email
[2026-08-22 10:54:08] [INFO ] [notify] In-App notification stored for Arif Hossain #7450001
[2026-08-22 10:54:08] [INFO ] [notify] Email notification shown in-app for arif.hossain@gmail.com
[2026-08-22 10:54:08] [INFO ] [notify] Arif Hossain #7450001 delivered via: In-App + Email
[2026-08-22 10:54:08] [INFO ] [notify] In-App notification stored for Rafi Islam #7450002
[2026-08-22 10:54:08] [INFO ] [notify] Email notification shown in-app for rafi.islam@gmail.com
[2026-08-22 10:54:08] [INFO ] [notify] Rafi Islam #7450002 delivered via: In-App + Email
[2026-08-22 10:54:08] [INFO ] [notify] In-App notification stored for Niloy Ahmed #7450003
[2026-08-22 10:54:08] [INFO ] [notify] Email notification shown in-app for niloy.ahmed@gmail.com
[2026-08-22 10:54:08] [INFO ] [notify] Niloy Ahmed #7450003 delivered via: In-App + Email
[2026-08-22 10:54:08] [INFO ] [notify] In-App notification stored for Shawon Khan #7450004
[2026-08-22 10:54:08] [INFO ] [notify] Email notification shown in-app for shawon.khan@gmail.com
[2026-08-22 10:54:08] [INFO ] [notify] Shawon Khan #7450004 delivered via: In-App + Email
[2026-08-22 10:54:08] [INFO ] [notify] In-App notification stored for Tamim Rahman #7450005
[2026-08-22 10:54:08] [INFO ] [notify] Email notification shown in-app for tamim.rahman@gmail.com
[2026-08-22 10:54:08] [INFO ] [notify] Tamim Rahman #7450005 delivered via: In-App + Email
[2026-08-22 10:54:08] [INFO ] [notify] In-App notification stored for Sifat Hasan #7450006
[2026-08-22 10:54:08] [INFO ] [notify] Email notification shown in-app for sifat.hasan@gmail.com
[2026-08-22 10:54:08] [INFO ] [notify] Sifat Hasan #7450006 delivered via: In-App + Email
[2026-08-22 10:54:08] [INFO ] [notify] In-App notification stored for Adib Mahmud #7450007
[2026-08-22 10:54:08] [INFO ] [notify] Email notification shown in-app for adib.mahmud@gmail.com
[2026-08-22 10:54:08] [INFO ] [notify] Adib Mahmud #7450007 delivered via: In-App + Email
[2026-08-22 10:54:08] [INFO ] [notify] In-App notification stored for Fardin Islam #7450008
[2026-08-22 10:54:08] [INFO ] [notify] Email notification shown in-app for fardin.islam@gmail.com
[2026-08-22 10:54:08] [INFO ] [notify] Fardin Islam #7450008 delivered via: In-App + Email
[2026-08-22 10:54:08] [INFO ] [notify] In-App notification stored for Nabil Haque #7450009
[2026-08-22 10:54:08] [INFO ] [notify] Email notification shown in-app for nabil.haque@gmail.com
[2026-08-22 10:54:08] [INFO ] [notify] Nabil Haque #7450009 delivered via: In-App + Email
[2026-08-22 10:54:08] [INFO ] [notify] In-App notification stored for Ruhan Chowdhury #7450010
[2026-08-22 10:54:08] [INFO ] [notify] Email notification shown in-app for ruhan.ch@gmail.com
[2026-08-22 10:54:08] [INFO ] [notify] Ruhan Chowdhury #7450010 delivered via: In-App + Email
[2026-08-22 10:54:08] [INFO ] [notify] In-App notification stored for Siam Uddin #7450011
[2026-08-22 10:54:08] [INFO ] [notify] Email notification shown in-app for siam.uddin@gmail.com
[2026-08-22 10:54:08] [INFO ] [notify] Siam Uddin #7450011 delivered via: In-App + Email
[2026-08-22 10:54:08] [INFO ] [notify] In-App notification stored for Ayon Mia #7450012
[2026-08-22 10:54:08] [INFO ] [notify] Email notification shown in-app for ayon.mia@gmail.com
[2026-08-22 10:54:08] [INFO ] [notify] Ayon Mia #7450012 delivered via: In-App + Email
[2026-08-22 10:54:08] [INFO ] [notify] In-App notification stored for Zihad Islam #7450013
[2026-08-22 10:54:08] [INFO ] [notify] Email notification shown in-app for zihad.islam@gmail.com
[2026-08-22 10:54:08] [INFO ] [notify] Zihad Islam #7450013 delivered via: In-App + Email
[2026-08-22 10:54:08] [INFO ] [notify] In-App notification stored for Rakib Hossain #7450014
[2026-08-22 10:54:08] [INFO ] [notify] Email notification shown in-app for rakib.h2@gmail.com
[2026-08-22 10:54:08] [INFO ] [notify] Rakib Hossain #7450014 delivered via: In-App + Email
[2026-08-22 10:54:08] [INFO ] [notify] In-App notification stored for Sajid Khan #7450015
[2026-08-22 10:54:08] [INFO ] [notify] Email notification shown in-app for sajid.khan@gmail.com
[2026-08-22 10:54:08] [INFO ] [notify] Sajid Khan #7450015 delivered via: In-App + Email
[2026-08-22 10:54:08] [INFO ] [notify] In-App notification stored for Tanvir Ahmed #7450016
[2026-08-22 10:54:08] [INFO ] [notify] Email notification shown in-app for tanvir.ahmed@gmail.com
[2026-08-22 10:54:08] [INFO ] [notify] Tanvir Ahmed #7450016 delivered via: In-App + Email
[2026-08-22 10:54:08] [INFO ] [notify] In-App notification stored for Riad Hasan #7450017
[2026-08-22 10:54:08] [INFO ] [notify] Email notification shown in-app for riad.hasan@gmail.com
[2026-08-22 10:54:08] [INFO ] [notify] Riad Hasan #7450017 delivered via: In-App + Email
[2026-08-22 10:54:08] [INFO ] [notify] In-App notification stored for Mahin Islam #7450018
[2026-08-22 10:54:08] [INFO ] [notify] Email notification shown in-app for mahin.islam@gmail.com
[2026-08-22 10:54:08] [INFO ] [notify] Mahin Islam #7450018 delivered via: In-App + Email
[2026-08-22 10:54:08] [INFO ] [notify] In-App notification stored for Iftekhar Rahman #7450019
[2026-08-22 10:54:08] [INFO ] [notify] Email notification shown in-app for iftekhar.rahman@gmail.com
[2026-08-22 10:54:08] [INFO ] [notify] Iftekhar Rahman #7450019 delivered via: In-App + Email
[2026-08-22 10:54:08] [INFO ] [notify] In-App notification stored for Anik Sarkar #7450020
[2026-08-22 10:54:08] [INFO ] [notify] Email notification shown in-app for anik.sarkar@gmail.com
[2026-08-22 10:54:08] [INFO ] [notify] Anik Sarkar #7450020 delivered via: In-App + Email
[2026-08-22 10:54:08] [INFO ] [notify] In-App notification stored for Shihab Uddin #7450021
[2026-08-22 10:54:08] [INFO ] [notify] Email notification shown in-app for shihab.uddin@gmail.com
[2026-08-22 10:54:08] [INFO ] [notify] Shihab Uddin #7450021 delivered via: In-App + Email
[2026-08-22 10:54:08] [INFO ] [notify] In-App notification stored for Foysal Mia #7450022
[2026-08-22 10:54:08] [INFO ] [notify] Email notification shown in-app for foysal.mia@gmail.com
[2026-08-22 10:54:08] [INFO ] [notify] Foysal Mia #7450022 delivered via: In-App + Email
[2026-08-22 10:54:08] [INFO ] [notify] In-App notification stored for Ashik Hassan #7450023
[2026-08-22 10:54:08] [INFO ] [notify] Email notification shown in-app for ashik.hassan@gmail.com
[2026-08-22 10:54:08] [INFO ] [notify] Ashik Hassan #7450023 delivered via: In-App + Email
[2026-08-22 10:54:08] [INFO ] [notify] In-App notification stored for Rony Islam #7450024
[2026-08-22 10:54:08] [INFO ] [notify] Email notification shown in-app for rony.islam@gmail.com
[2026-08-22 10:54:08] [INFO ] [notify] Rony Islam #7450024 delivered via: In-App + Email
[2026-08-22 10:54:08] [INFO ] [notify] In-App notification stored for Jubayer Ahmed #7450025
[2026-08-22 10:54:08] [INFO ] [notify] Email notification shown in-app for jubayer.ahmed@gmail.com
[2026-08-22 10:54:08] [INFO ] [notify] Jubayer Ahmed #7450025 delivered via: In-App + Email
[2026-08-22 10:54:08] [INFO ] [notify] In-App notification stored for Sabbir Rahman #7450026
[2026-08-22 10:54:08] [INFO ] [notify] Email notification shown in-app for sabbir.rahman@gmail.com
[2026-08-22 10:54:08] [INFO ] [notify] Sabbir Rahman #7450026 delivered via: In-App + Email
[2026-08-22 10:54:08] [INFO ] [notify] In-App notification stored for Rasel Hossain #7450027
[2026-08-22 10:54:08] [INFO ] [notify] Email notification shown in-app for rasel.h2@gmail.com
[2026-08-22 10:54:08] [INFO ] [notify] Rasel Hossain #7450027 delivered via: In-App + Email
[2026-08-22 10:54:08] [INFO ] [notify] In-App notification stored for Arafat Islam #7450028
[2026-08-22 10:54:08] [INFO ] [notify] Email notification shown in-app for arafat.islam@gmail.com
[2026-08-22 10:54:08] [INFO ] [notify] Arafat Islam #7450028 delivered via: In-App + Email
[2026-08-22 10:54:08] [INFO ] [notify] In-App notification stored for Sohan Khan #7450029
[2026-08-22 10:54:08] [INFO ] [notify] Email notification shown in-app for sohan.khan@gmail.com
[2026-08-22 10:54:08] [INFO ] [notify] Sohan Khan #7450029 delivered via: In-App + Email
[2026-08-22 10:54:08] [INFO ] [notify] In-App notification stored for Minhaz Rahman #7450030
[2026-08-22 10:54:08] [INFO ] [notify] Email notification shown in-app for minhaz.rahman@gmail.com
[2026-08-22 10:54:08] [INFO ] [notify] Minhaz Rahman #7450030 delivered via: In-App + Email
[2026-08-22 10:54:08] [INFO ] [notify] In-App notification stored for Riyad Hasan #7450031
[2026-08-22 10:54:08] [INFO ] [notify] Email notification shown in-app for riyad.hasan@gmail.com
[2026-08-22 10:54:08] [INFO ] [notify] Riyad Hasan #7450031 delivered via: In-App + Email
[2026-08-22 10:54:08] [INFO ] [notify] In-App notification stored for Fahad Islam #7450032
[2026-08-22 10:54:08] [INFO ] [notify] Email notification shown in-app for fahad.islam@gmail.com
[2026-08-22 10:54:08] [INFO ] [notify] Fahad Islam #7450032 delivered via: In-App + Email
[2026-08-22 10:54:08] [INFO ] [notify] In-App notification stored for Sakib Ahmed #7450033
[2026-08-22 10:54:08] [INFO ] [notify] Email notification shown in-app for sakib.ahmed@gmail.com
[2026-08-22 10:54:08] [INFO ] [notify] Sakib Ahmed #7450033 delivered via: In-App + Email
[2026-08-22 10:54:08] [INFO ] [notify] In-App notification stored for Imtiaz Hossain #7450034
[2026-08-22 10:54:08] [INFO ] [notify] Email notification shown in-app for imtiaz.hossain@gmail.com
[2026-08-22 10:54:08] [INFO ] [notify] Imtiaz Hossain #7450034 delivered via: In-App + Email
[2026-08-22 10:54:08] [INFO ] [notify] In-App notification stored for Shanto Islam #7450035
[2026-08-22 10:54:08] [INFO ] [notify] Email notification shown in-app for shanto.islam@gmail.com
[2026-08-22 10:54:08] [INFO ] [notify] Shanto Islam #7450035 delivered via: In-App + Email
[2026-08-22 10:54:08] [INFO ] [notify] In-App notification stored for Noman Khan #7450036
[2026-08-22 10:54:08] [INFO ] [notify] Email notification shown in-app for noman.khan@gmail.com
[2026-08-22 10:54:08] [INFO ] [notify] Noman Khan #7450036 delivered via: In-App + Email
[2026-08-22 10:54:08] [INFO ] [notify] In-App notification stored for Ashraf Uddin #7450037
[2026-08-22 10:54:08] [INFO ] [notify] Email notification shown in-app for ashraf.uddin@gmail.com
[2026-08-22 10:54:08] [INFO ] [notify] Ashraf Uddin #7450037 delivered via: In-App + Email
[2026-08-22 10:54:08] [INFO ] [notify] In-App notification stored for Tuhin Mia #7450038
[2026-08-22 10:54:08] [INFO ] [notify] Email notification shown in-app for tuhin.mia@gmail.com
[2026-08-22 10:54:08] [INFO ] [notify] Tuhin Mia #7450038 delivered via: In-App + Email
[2026-08-22 10:54:08] [INFO ] [notify] In-App notification stored for Parvez Hasan #7450039
[2026-08-22 10:54:08] [INFO ] [notify] Email notification shown in-app for parvez.hasan@gmail.com
[2026-08-22 10:54:08] [INFO ] [notify] Parvez Hasan #7450039 delivered via: In-App + Email
[2026-08-22 10:54:08] [INFO ] [notify] In-App notification stored for Mahfuz Rahman #7450040
[2026-08-22 10:54:08] [INFO ] [notify] Email notification shown in-app for mahfuz.rahman@gmail.com
[2026-08-22 10:54:08] [INFO ] [notify] Mahfuz Rahman #7450040 delivered via: In-App + Email
[2026-08-22 10:54:08] [INFO ] [notify] In-App notification stored for Raihan Islam #7450041
[2026-08-22 10:54:08] [INFO ] [notify] Email notification shown in-app for raihan.islam@gmail.com
[2026-08-22 10:54:08] [INFO ] [notify] Raihan Islam #7450041 delivered via: In-App + Email
[2026-08-22 10:54:08] [INFO ] [notify] In-App notification stored for Shamim Ahmed #7450042
[2026-08-22 10:54:09] [INFO ] [notify] Email notification shown in-app for shamim.ahmed@gmail.com
[2026-08-22 10:54:09] [INFO ] [notify] Shamim Ahmed #7450042 delivered via: In-App + Email
[2026-08-22 10:54:09] [INFO ] [notify] In-App notification stored for Emon Hossain #7450043
[2026-08-22 10:54:09] [INFO ] [notify] Email notification shown in-app for emon.hossain@gmail.com
[2026-08-22 10:54:09] [INFO ] [notify] Emon Hossain #7450043 delivered via: In-App + Email
[2026-08-22 10:54:09] [INFO ] [notify] In-App notification stored for Jahid Islam #7450044
[2026-08-22 10:54:09] [INFO ] [notify] Email notification shown in-app for jahid.islam@gmail.com
[2026-08-22 10:54:09] [INFO ] [notify] Jahid Islam #7450044 delivered via: In-App + Email
[2026-08-22 10:54:09] [INFO ] [notify] In-App notification stored for Rifat Khan #7450045
[2026-08-22 10:54:09] [INFO ] [notify] Email notification shown in-app for rifat.khan@gmail.com
[2026-08-22 10:54:09] [INFO ] [notify] Rifat Khan #7450045 delivered via: In-App + Email
[2026-08-22 10:54:09] [INFO ] [notify] In-App notification stored for Masud Rahman #7450046
[2026-08-22 10:54:09] [INFO ] [notify] Email notification shown in-app for masud.rahman@gmail.com
[2026-08-22 10:54:09] [INFO ] [notify] Masud Rahman #7450046 delivered via: In-App + Email
[2026-08-22 10:54:09] [INFO ] [notify] In-App notification stored for Bashir Uddin #7450047
[2026-08-22 10:54:09] [INFO ] [notify] Email notification shown in-app for bashir.uddin@gmail.com
[2026-08-22 10:54:09] [INFO ] [notify] Bashir Uddin #7450047 delivered via: In-App + Email
[2026-08-22 10:54:09] [INFO ] [notify] In-App notification stored for Shafi Islam #7450048
[2026-08-22 10:54:09] [INFO ] [notify] Email notification shown in-app for shafi.islam@gmail.com
[2026-08-22 10:54:09] [INFO ] [notify] Shafi Islam #7450048 delivered via: In-App + Email
[2026-08-22 10:54:09] [INFO ] [notify] In-App notification stored for Tareq Hasan #7450049
[2026-08-22 10:54:09] [INFO ] [notify] Email notification shown in-app for tareq.hasan@gmail.com
[2026-08-22 10:54:09] [INFO ] [notify] Tareq Hasan #7450049 delivered via: In-App + Email
[2026-08-22 10:54:09] [INFO ] [notify] In-App notification stored for Rashed Khan #7450050
[2026-08-22 10:54:09] [INFO ] [notify] Email notification shown in-app for rashed.khan@gmail.com
[2026-08-22 10:54:09] [INFO ] [notify] Rashed Khan #7450050 delivered via: In-App + Email
[2026-08-22 10:54:09] [INFO ] [notify] In-App notification stored for Naim Islam #7450051
[2026-08-22 10:54:09] [INFO ] [notify] Email notification shown in-app for naim.islam@gmail.com
[2026-08-22 10:54:09] [INFO ] [notify] Naim Islam #7450051 delivered via: In-App + Email
[2026-08-22 10:54:09] [INFO ] [notify] In-App notification stored for Firoz Ahmed #7450052
[2026-08-22 10:54:09] [INFO ] [notify] Email notification shown in-app for firoz.ahmed@gmail.com
[2026-08-22 10:54:09] [INFO ] [notify] Firoz Ahmed #7450052 delivered via: In-App + Email
[2026-08-22 10:54:09] [INFO ] [notify] In-App notification stored for Iqbal Hossain #7450053
[2026-08-22 10:54:09] [INFO ] [notify] Email notification shown in-app for iqbal.hossain@gmail.com
[2026-08-22 10:54:09] [INFO ] [notify] Iqbal Hossain #7450053 delivered via: In-App + Email
[2026-08-22 10:54:09] [INFO ] [notify] In-App notification stored for Nazmul Islam #7450054
[2026-08-22 10:54:09] [INFO ] [notify] Email notification shown in-app for nazmul.islam@gmail.com
[2026-08-22 10:54:09] [INFO ] [notify] Nazmul Islam #7450054 delivered via: In-App + Email
[2026-08-22 10:54:09] [INFO ] [notify] In-App notification stored for Kawsar Khan #7450055
[2026-08-22 10:54:09] [INFO ] [notify] Email notification shown in-app for kawsar.khan@gmail.com
[2026-08-22 10:54:09] [INFO ] [notify] Kawsar Khan #7450055 delivered via: In-App + Email
[2026-08-22 10:54:09] [INFO ] [notify] In-App notification stored for Sujon Mia #7450056
[2026-08-22 10:54:09] [INFO ] [notify] Email notification shown in-app for sujon.mia@gmail.com
[2026-08-22 10:54:09] [INFO ] [notify] Sujon Mia #7450056 delivered via: In-App + Email
[2026-08-22 10:54:09] [INFO ] [notify] In-App notification stored for Habib Rahman #7450057
[2026-08-22 10:54:09] [INFO ] [notify] Email notification shown in-app for habib.rahman@gmail.com
[2026-08-22 10:54:09] [INFO ] [notify] Habib Rahman #7450057 delivered via: In-App + Email
[2026-08-22 10:54:09] [INFO ] [notify] In-App notification stored for Alif Hasan #7450058
[2026-08-22 10:54:09] [INFO ] [notify] Email notification shown in-app for alif.hasan@gmail.com
[2026-08-22 10:54:09] [INFO ] [notify] Alif Hasan #7450058 delivered via: In-App + Email
[2026-08-22 10:54:09] [INFO ] [notify] In-App notification stored for Rokon Uddin #7450059
[2026-08-22 10:54:09] [INFO ] [notify] Email notification shown in-app for rokon.uddin@gmail.com
[2026-08-22 10:54:09] [INFO ] [notify] Rokon Uddin #7450059 delivered via: In-App + Email
[2026-08-22 10:54:09] [INFO ] [notify] In-App notification stored for Jony Islam #7450060
[2026-08-22 10:54:09] [INFO ] [notify] Email notification shown in-app for jony.islam@gmail.com
[2026-08-22 10:54:09] [INFO ] [notify] Jony Islam #7450060 delivered via: In-App + Email
[2026-08-22 10:54:09] [INFO ] [notify] In-App notification stored for Sazzad Khan #7450061
[2026-08-22 10:54:09] [INFO ] [notify] Email notification shown in-app for sazzad.khan@gmail.com
[2026-08-22 10:54:09] [INFO ] [notify] Sazzad Khan #7450061 delivered via: In-App + Email
[2026-08-22 10:54:09] [INFO ] [notify] In-App notification stored for Shawon Ahmed #7450062
[2026-08-22 10:54:09] [INFO ] [notify] Email notification shown in-app for shawon.ahmed@gmail.com
[2026-08-22 10:54:09] [INFO ] [notify] Shawon Ahmed #7450062 delivered via: In-App + Email
[2026-08-22 10:54:09] [INFO ] [notify] In-App notification stored for Mahdi Islam #7450063
[2026-08-22 10:54:09] [INFO ] [notify] Email notification shown in-app for mahdi.islam@gmail.com
[2026-08-22 10:54:09] [INFO ] [notify] Mahdi Islam #7450063 delivered via: In-App + Email
[2026-08-22 10:54:09] [INFO ] [notify] In-App notification stored for Zakir Hossain #7450064
[2026-08-22 10:54:09] [INFO ] [notify] Email notification shown in-app for zakir.hossain@gmail.com
[2026-08-22 10:54:09] [INFO ] [notify] Zakir Hossain #7450064 delivered via: In-App + Email
[2026-08-22 10:54:09] [INFO ] [notify] In-App notification stored for Sami Rahman #7450065
[2026-08-22 10:54:09] [INFO ] [notify] Email notification shown in-app for sami.rahman@gmail.com
[2026-08-22 10:54:09] [INFO ] [notify] Sami Rahman #7450065 delivered via: In-App + Email
[2026-08-22 10:54:09] [INFO ] [notify] In-App notification stored for Tanim Islam #7450066
[2026-08-22 10:54:09] [INFO ] [notify] Email notification shown in-app for tanim.islam@gmail.com
[2026-08-22 10:54:09] [INFO ] [notify] Tanim Islam #7450066 delivered via: In-App + Email
[2026-08-22 10:54:09] [INFO ] [notify] In-App notification stored for Ishrat Jahan #7569211
[2026-08-22 10:54:09] [INFO ] [notify] Email notification shown in-app for ishrat.jahan@yahoo.com
[2026-08-22 10:54:09] [INFO ] [notify] Ishrat Jahan #7569211 delivered via: In-App + Email
[2026-08-22 10:54:09] [INFO ] [notify] In-App notification stored for Amina Khatun #7600001
[2026-08-22 10:54:09] [INFO ] [notify] Email notification shown in-app for amina.khatun@gmail.com
[2026-08-22 10:54:09] [INFO ] [notify] Amina Khatun #7600001 delivered via: In-App + Email
[2026-08-22 10:54:09] [INFO ] [notify] In-App notification stored for Rohan Ahmed #7600002
[2026-08-22 10:54:09] [INFO ] [notify] Email notification shown in-app for rohan.ahmed@gmail.com
[2026-08-22 10:54:09] [INFO ] [notify] Rohan Ahmed #7600002 delivered via: In-App + Email
[2026-08-22 10:54:09] [INFO ] [notify] In-App notification stored for Sadia Islam #7600003
[2026-08-22 10:54:09] [INFO ] [notify] Email notification shown in-app for sadia.islam@gmail.com
[2026-08-22 10:54:09] [INFO ] [notify] Sadia Islam #7600003 delivered via: In-App + Email
[2026-08-22 10:54:09] [INFO ] [notify] In-App notification stored for Imran Hossain #7600004
[2026-08-22 10:54:09] [INFO ] [notify] Email notification shown in-app for imran.hossain@gmail.com
[2026-08-22 10:54:09] [INFO ] [notify] Imran Hossain #7600004 delivered via: In-App + Email
[2026-08-22 10:54:09] [INFO ] [notify] In-App notification stored for Nabila Khan #7600005
[2026-08-22 10:54:09] [INFO ] [notify] Email notification shown in-app for nabila.khan@gmail.com
[2026-08-22 10:54:09] [INFO ] [notify] Nabila Khan #7600005 delivered via: In-App + Email
[2026-08-22 10:54:09] [INFO ] [notify] In-App notification stored for Saif Uddin #7600006
[2026-08-22 10:54:09] [INFO ] [notify] Email notification shown in-app for saif.uddin@gmail.com
[2026-08-22 10:54:09] [INFO ] [notify] Saif Uddin #7600006 delivered via: In-App + Email
[2026-08-22 10:54:09] [INFO ] [notify] In-App notification stored for Farhan Miah #7600007
[2026-08-22 10:54:09] [INFO ] [notify] Email notification shown in-app for farhan.miah@gmail.com
[2026-08-22 10:54:09] [INFO ] [notify] Farhan Miah #7600007 delivered via: In-App + Email
[2026-08-22 10:54:09] [INFO ] [notify] In-App notification stored for Lamia Chowdhury #7600008
[2026-08-22 10:54:09] [INFO ] [notify] Email notification shown in-app for lamia.chowdhury@gmail.com
[2026-08-22 10:54:09] [INFO ] [notify] Lamia Chowdhury #7600008 delivered via: In-App + Email
[2026-08-22 10:54:09] [INFO ] [notify] In-App notification stored for Arif Rahman #7600009
[2026-08-22 10:54:09] [INFO ] [notify] Email notification shown in-app for arif.rahman@gmail.com
[2026-08-22 10:54:09] [INFO ] [notify] Arif Rahman #7600009 delivered via: In-App + Email
[2026-08-22 10:54:09] [INFO ] [notify] In-App notification stored for Tania Sultana #7600010
[2026-08-22 10:54:09] [INFO ] [notify] Email notification shown in-app for tania.sultana@gmail.com
[2026-08-22 10:54:09] [INFO ] [notify] Tania Sultana #7600010 delivered via: In-App + Email
[2026-08-22 10:54:09] [INFO ] [notify] In-App notification stored for Mehedi Hasan #7600011
[2026-08-22 10:54:09] [INFO ] [notify] Email notification shown in-app for mehedi.hasan@gmail.com
[2026-08-22 10:54:09] [INFO ] [notify] Mehedi Hasan #7600011 delivered via: In-App + Email
[2026-08-22 10:54:09] [INFO ] [notify] In-App notification stored for Jarin Akter #7600012
[2026-08-22 10:54:09] [INFO ] [notify] Email notification shown in-app for jarin.akter@gmail.com
[2026-08-22 10:54:09] [INFO ] [notify] Jarin Akter #7600012 delivered via: In-App + Email
[2026-08-22 10:54:09] [INFO ] [notify] In-App notification stored for Omar Faruk #7600013
[2026-08-22 10:54:09] [INFO ] [notify] Email notification shown in-app for omar.faruk@gmail.com
[2026-08-22 10:54:09] [INFO ] [notify] Omar Faruk #7600013 delivered via: In-App + Email
[2026-08-22 10:54:09] [INFO ] [notify] In-App notification stored for Maliha Tasnim #7600014
[2026-08-22 10:54:09] [INFO ] [notify] Email notification shown in-app for maliha.tasnim@gmail.com
[2026-08-22 10:54:09] [INFO ] [notify] Maliha Tasnim #7600014 delivered via: In-App + Email
[2026-08-22 10:54:09] [INFO ] [notify] In-App notification stored for Ridwan Khan #7600015
[2026-08-22 10:54:09] [INFO ] [notify] Email notification shown in-app for ridwan.khan@gmail.com
[2026-08-22 10:54:09] [INFO ] [notify] Ridwan Khan #7600015 delivered via: In-App + Email
[2026-08-22 10:54:09] [INFO ] [notify] In-App notification stored for Sakib Alam #7600016
[2026-08-22 10:54:09] [INFO ] [notify] Email notification shown in-app for sakib.alam@gmail.com
[2026-08-22 10:54:09] [INFO ] [notify] Sakib Alam #7600016 delivered via: In-App + Email
[2026-08-22 10:54:09] [INFO ] [notify] In-App notification stored for Nusrat Jahan #7600017
[2026-08-22 10:54:09] [INFO ] [notify] Email notification shown in-app for nusrat.jahan@gmail.com
[2026-08-22 10:54:09] [INFO ] [notify] Nusrat Jahan #7600017 delivered via: In-App + Email
[2026-08-22 10:54:09] [INFO ] [notify] In-App notification stored for Tahmid Ahmed #7600018
[2026-08-22 10:54:09] [INFO ] [notify] Email notification shown in-app for tahmid.ahmed@gmail.com
[2026-08-22 10:54:09] [INFO ] [notify] Tahmid Ahmed #7600018 delivered via: In-App + Email
[2026-08-22 10:54:09] [INFO ] [notify] In-App notification stored for Mim Akter #7600019
[2026-08-22 10:54:09] [INFO ] [notify] Email notification shown in-app for mim.akter@gmail.com
[2026-08-22 10:54:09] [INFO ] [notify] Mim Akter #7600019 delivered via: In-App + Email
[2026-08-22 10:54:09] [INFO ] [notify] In-App notification stored for Zayed Hossain #7600020
[2026-08-22 10:54:09] [INFO ] [notify] Email notification shown in-app for zayed.hossain@gmail.com
[2026-08-22 10:54:09] [INFO ] [notify] Zayed Hossain #7600020 delivered via: In-App + Email
[2026-08-22 10:54:09] [INFO ] [notify] In-App notification stored for Afsana Miah #7600021
[2026-08-22 10:54:09] [INFO ] [notify] Email notification shown in-app for afsana.miah@gmail.com
[2026-08-22 10:54:09] [INFO ] [notify] Afsana Miah #7600021 delivered via: In-App + Email
[2026-08-22 10:54:09] [INFO ] [notify] In-App notification stored for Rayhan Kabir #7600022
[2026-08-22 10:54:09] [INFO ] [notify] Email notification shown in-app for rayhan.kabir@gmail.com
[2026-08-22 10:54:09] [INFO ] [notify] Rayhan Kabir #7600022 delivered via: In-App + Email
[2026-08-22 10:54:09] [INFO ] [notify] In-App notification stored for Shifa Tasnim #7600023
[2026-08-22 10:54:09] [INFO ] [notify] Email notification shown in-app for shifa.tasnim@gmail.com
[2026-08-22 10:54:09] [INFO ] [notify] Shifa Tasnim #7600023 delivered via: In-App + Email
[2026-08-22 10:54:09] [INFO ] [notify] In-App notification stored for Abrar Rahman #7600024
[2026-08-22 10:54:09] [INFO ] [notify] Email notification shown in-app for abrar.rahman@gmail.com
[2026-08-22 10:54:09] [INFO ] [notify] Abrar Rahman #7600024 delivered via: In-App + Email
[2026-08-22 10:54:09] [INFO ] [notify] In-App notification stored for Sohana Islam #7600025
[2026-08-22 10:54:09] [INFO ] [notify] Email notification shown in-app for sohana.islam@gmail.com
[2026-08-22 10:54:09] [INFO ] [notify] Sohana Islam #7600025 delivered via: In-App + Email
[2026-08-22 10:54:09] [INFO ] [notify] In-App notification stored for Ehsan Khan #7600026
[2026-08-22 10:54:09] [INFO ] [notify] Email notification shown in-app for ehsan.khan@gmail.com
[2026-08-22 10:54:09] [INFO ] [notify] Ehsan Khan #7600026 delivered via: In-App + Email
[2026-08-22 10:54:09] [INFO ] [notify] In-App notification stored for Raisa Khatun #7600027
[2026-08-22 10:54:09] [INFO ] [notify] Email notification shown in-app for raisa.khatun@gmail.com
[2026-08-22 10:54:09] [INFO ] [notify] Raisa Khatun #7600027 delivered via: In-App + Email
[2026-08-22 10:54:09] [INFO ] [notify] In-App notification stored for Mahin Ahmed #7600028
[2026-08-22 10:54:09] [INFO ] [notify] Email notification shown in-app for mahin.ahmed@gmail.com
[2026-08-22 10:54:09] [INFO ] [notify] Mahin Ahmed #7600028 delivered via: In-App + Email
[2026-08-22 10:54:09] [INFO ] [notify] In-App notification stored for Liza Akter #7600029
[2026-08-22 10:54:09] [INFO ] [notify] Email notification shown in-app for liza.akter@gmail.com
[2026-08-22 10:54:09] [INFO ] [notify] Liza Akter #7600029 delivered via: In-App + Email
[2026-08-22 10:54:09] [INFO ] [notify] In-App notification stored for Jawad Hasan #7600030
[2026-08-22 10:54:09] [INFO ] [notify] Email notification shown in-app for jawad.hasan@gmail.com
[2026-08-22 10:54:09] [INFO ] [notify] Jawad Hasan #7600030 delivered via: In-App + Email
[2026-08-22 10:54:09] [INFO ] [notify] In-App notification stored for Nayla Jahan #7600031
[2026-08-22 10:54:09] [INFO ] [notify] Email notification shown in-app for nayla.jahan@gmail.com
[2026-08-22 10:54:09] [INFO ] [notify] Nayla Jahan #7600031 delivered via: In-App + Email
[2026-08-22 10:54:09] [INFO ] [notify] In-App notification stored for Ratul Islam #7600032
[2026-08-22 10:54:09] [INFO ] [notify] Email notification shown in-app for ratul.islam@gmail.com
[2026-08-22 10:54:09] [INFO ] [notify] Ratul Islam #7600032 delivered via: In-App + Email
[2026-08-22 10:54:09] [INFO ] [notify] In-App notification stored for Iffat Sultana #7600033
[2026-08-22 10:54:09] [INFO ] [notify] Email notification shown in-app for iffat.sultana@gmail.com
[2026-08-22 10:54:09] [INFO ] [notify] Iffat Sultana #7600033 delivered via: In-App + Email
[2026-08-22 10:54:09] [INFO ] [notify] In-App notification stored for Siam Khan #7600034
[2026-08-22 10:54:09] [INFO ] [notify] Email notification shown in-app for siam.khan@gmail.com
[2026-08-22 10:54:09] [INFO ] [notify] Siam Khan #7600034 delivered via: In-App + Email
[2026-08-22 10:54:09] [INFO ] [notify] In-App notification stored for Ayan Faruk #7600036
[2026-08-22 10:54:09] [INFO ] [notify] Email notification shown in-app for ayan.faruk@gmail.com
[2026-08-22 10:54:09] [INFO ] [notify] Ayan Faruk #7600036 delivered via: In-App + Email
[2026-08-22 10:54:09] [INFO ] [notify] In-App notification stored for Nafisa Khatun #7600037
[2026-08-22 10:54:09] [INFO ] [notify] Email notification shown in-app for nafisa.khatun@gmail.com
[2026-08-22 10:54:09] [INFO ] [notify] Nafisa Khatun #7600037 delivered via: In-App + Email
[2026-08-22 10:54:09] [INFO ] [notify] In-App notification stored for Labib Ahmed #7600038
[2026-08-22 10:54:09] [INFO ] [notify] Email notification shown in-app for labib.ahmed@gmail.com
[2026-08-22 10:54:09] [INFO ] [notify] Labib Ahmed #7600038 delivered via: In-App + Email
[2026-08-22 10:54:09] [INFO ] [notify] In-App notification stored for Zara Khan #7600039
[2026-08-22 10:54:09] [INFO ] [notify] Email notification shown in-app for zara.khan@gmail.com
[2026-08-22 10:54:09] [INFO ] [notify] Zara Khan #7600039 delivered via: In-App + Email
[2026-08-22 10:54:09] [INFO ] [notify] In-App notification stored for Fahad Rahman #7600040
[2026-08-22 10:54:09] [INFO ] [notify] Email notification shown in-app for fahad.rahman@gmail.com
[2026-08-22 10:54:09] [INFO ] [notify] Fahad Rahman #7600040 delivered via: In-App + Email
[2026-08-22 10:54:09] [INFO ] [notify] In-App notification stored for Shila Akter #7634891
[2026-08-22 10:54:09] [INFO ] [notify] Email notification shown in-app for shila.akter@yahoo.com
[2026-08-22 10:54:09] [INFO ] [notify] Shila Akter #7634891 delivered via: In-App + Email
[2026-08-22 10:54:09] [INFO ] [notify] In-App notification stored for Sadia Ferdous #7644433
[2026-08-22 10:54:09] [INFO ] [notify] Email notification shown in-app for sadia.ferdous@yahoo.com
[2026-08-22 10:54:09] [INFO ] [notify] Sadia Ferdous #7644433 delivered via: In-App + Email
[2026-08-22 10:54:09] [INFO ] [notify] In-App notification stored for Sumaiya Khatun #7648201
[2026-08-22 10:54:09] [INFO ] [notify] Email notification shown in-app for sumaiya.khatun@gmail.com
[2026-08-22 10:54:09] [INFO ] [notify] Sumaiya Khatun #7648201 delivered via: In-App + Email
[2026-08-22 10:54:09] [INFO ] [notify] In-App notification stored for Niloy Karim #7732091
[2026-08-22 10:54:09] [INFO ] [notify] Email notification shown in-app for niloy.karim@yahoo.com
[2026-08-22 10:54:09] [INFO ] [notify] Niloy Karim #7732091 delivered via: In-App + Email
[2026-08-22 10:54:09] [INFO ] [notify] In-App notification stored for Sohana Sultana #7812393
[2026-08-22 10:54:09] [INFO ] [notify] Email notification shown in-app for sohana.sultana@yahoo.com
[2026-08-22 10:54:09] [INFO ] [notify] Sohana Sultana #7812393 delivered via: In-App + Email
[2026-08-22 10:54:09] [INFO ] [notify] In-App notification stored for Rasel Ahmed #7829891
[2026-08-22 10:54:09] [INFO ] [notify] Email notification shown in-app for rasel.ahmed@gmail.com
[2026-08-22 10:54:09] [INFO ] [notify] Rasel Ahmed #7829891 delivered via: In-App + Email
[2026-08-22 10:54:09] [INFO ] [notify] In-App notification stored for Mamun Chowdhury #7845990
[2026-08-22 10:54:09] [INFO ] [notify] Email notification shown in-app for mamun.chowdhury@gmail.com
[2026-08-22 10:54:09] [INFO ] [notify] Mamun Chowdhury #7845990 delivered via: In-App + Email
[2026-08-22 10:54:09] [INFO ] [notify] In-App notification stored for Farzana Yasmin #7882345
[2026-08-22 10:54:09] [INFO ] [notify] Email notification shown in-app for farzana.yasmin@gmail.com
[2026-08-22 10:54:09] [INFO ] [notify] Farzana Yasmin #7882345 delivered via: In-App + Email
[2026-08-22 10:54:09] [INFO ] [notify] In-App notification stored for Sharmin Akhter #7932441
[2026-08-22 10:54:09] [INFO ] [notify] Email notification shown in-app for sharmin.akhter@yahoo.com
[2026-08-22 10:54:09] [INFO ] [notify] Sharmin Akhter #7932441 delivered via: In-App + Email
[2026-08-22 10:54:09] [INFO ] [notify] In-App notification stored for Arif Mahmud #7940012
[2026-08-22 10:54:09] [INFO ] [notify] Email notification shown in-app for arif.mahmud@gmail.com
[2026-08-22 10:54:09] [INFO ] [notify] Arif Mahmud #7940012 delivered via: In-App + Email
[2026-08-22 10:54:09] [INFO ] [notify] In-App notification stored for Rafi Islam #7993544
[2026-08-22 10:54:09] [INFO ] [notify] Email notification shown in-app for rafi.islam@gmail.com
[2026-08-22 10:54:09] [INFO ] [notify] Rafi Islam #7993544 delivered via: In-App + Email
[2026-08-22 10:54:09] [INFO ] [notify] In-App notification stored for Hasan Khan #8124593
[2026-08-22 10:54:09] [INFO ] [notify] Email notification shown in-app for hasan.khan@gmail.com
[2026-08-22 10:54:09] [INFO ] [notify] Hasan Khan #8124593 delivered via: In-App + Email
[2026-08-22 10:54:09] [INFO ] [notify] In-App notification stored for Nausicaaa Rren #9500105
[2026-08-22 10:54:09] [INFO ] [notify] Email notification shown in-app for rn@gmail.com
[2026-08-22 10:54:09] [INFO ] [notify] Nausicaaa Rren #9500105 delivered via: In-App + Email
[2026-08-22 10:54:09] [INFO ] [notify] In-App notification stored for Ahnaf Nehal #10000000
[2026-08-22 10:54:09] [INFO ] [notify] Email notification shown in-app for orpatasnimejannat@gmail.com
[2026-08-22 10:54:09] [INFO ] [notify] Ahnaf Nehal #10000000 delivered via: In-App + Email
[2026-08-22 10:54:09] [INFO ] [notify] In-App notification stored for Mumtahina Naomi #10000002
[2026-08-22 10:54:09] [INFO ] [notify] Email notification shown in-app for naomi@gmail.com
[2026-08-22 10:54:09] [INFO ] [notify] Mumtahina Naomi #10000002 delivered via: In-App + Email
[2026-08-22 10:54:09] [INFO ] [notify] In-App notification stored for Sudad Masnun #10000006
[2026-08-22 10:54:09] [INFO ] [notify] SMS notification shown in-app for Sudad0_0
[2026-08-22 10:54:09] [INFO ] [notify] Push notification shown in-app for Sudad Masnun
[2026-08-22 10:54:09] [INFO ] [notify] Sudad Masnun #10000006 delivered via: In-App + SMS + Push
[2026-08-22 10:54:09] [INFO ] [notify] In-App notification stored for Nanjiba Nisa #10000015
[2026-08-22 10:54:09] [INFO ] [notify] Email notification shown in-app for n@gmail.com
[2026-08-22 10:54:09] [INFO ] [notify] Nanjiba Nisa #10000015 delivered via: In-App + Email
[2026-08-22 10:54:09] [INFO ] [notify] In-App notification stored for Habiba Meherin #10000016
[2026-08-22 10:54:09] [INFO ] [notify] Email notification shown in-app for habu@gmail.com
[2026-08-22 10:54:09] [INFO ] [notify] Habiba Meherin #10000016 delivered via: In-App + Email
[2026-08-22 10:56:38] [WARN ] Reconnected a pooled MySQL connection
[2026-08-22 10:56:38] [INFO ] [package] "Testing" added to the cart of customer 10000006 - 3 product(s), 3 unit(s)
[2026-08-22 10:56:49] [INFO ] Checkout for customer 10000006: Premium + Bulk strategy (15%), 14 item(s)
[2026-08-22 19:20:04] [INFO ] AgriSphere C++ backend starting
[2026-08-22 19:20:04] [INFO ] Configuration loaded from d:\XAMPP\htdocs\Agrisphere\backend\config\backend.ini
[2026-08-22 19:20:04] [INFO ] DatabaseManager ready: 4 connection(s) to 127.0.0.1:3306/cse311 lab project
[2026-08-22 19:20:04] [INFO ] PaymentCreatorRegistry: 7 payment method key(s) registered
[2026-08-22 19:20:04] [INFO ] HTTP API listening on http://127.0.0.1:8787 (8 worker threads)
[2026-08-22 19:42:26] [INFO ] AgriSphere C++ backend starting
[2026-08-22 19:42:26] [INFO ] Configuration loaded from d:\XAMPP\htdocs\Agrisphere\backend\config\backend.ini
[2026-08-22 19:42:26] [INFO ] DatabaseManager ready: 4 connection(s) to 127.0.0.1:3306/cse311 lab project
[2026-08-22 19:42:26] [INFO ] PaymentCreatorRegistry: 7 payment method key(s) registered
[2026-08-22 19:42:26] [INFO ] HTTP API listening on http://127.0.0.1:8787 (8 worker threads)
[2026-08-22 19:51:03] [INFO ] AgriSphere C++ backend starting
[2026-08-22 19:51:03] [INFO ] Configuration loaded from config\backend.ini
[2026-08-22 19:51:03] [INFO ] DatabaseManager ready: 4 connection(s) to 127.0.0.1:3306/cse311 lab project
[2026-08-22 19:51:03] [INFO ] PaymentCreatorRegistry: 7 payment method key(s) registered
[2026-08-22 19:51:03] [INFO ] HTTP API listening on http://127.0.0.1:8787 (8 worker threads)
[2026-08-22 19:57:23] [INFO ] AgriSphere C++ backend starting
[2026-08-22 19:57:23] [INFO ] Configuration loaded from d:\XAMPP\htdocs\Agrisphere\backend\config\backend.ini
[2026-08-22 19:57:23] [INFO ] DatabaseManager ready: 4 connection(s) to 127.0.0.1:3306/cse311 lab project
[2026-08-22 19:57:23] [INFO ] PaymentCreatorRegistry: 7 payment method key(s) registered
[2026-08-22 19:57:23] [INFO ] HTTP API listening on http://127.0.0.1:8787 (8 worker threads)
[2026-08-22 20:11:04] [INFO ] DiscountService: 137 member observer(s) subscribed to the discount subject
[2026-08-22 20:11:04] [INFO ] DiscountSubject: notifying 138 observer(s) about "10% off Milk (Cow)"
[2026-08-22 20:11:04] [INFO ] [discount] Farmer Rahim Uddin has discounted Milk (Cow) by 10%. The price is now BDT 76.50 instead of BDT 85.00.
[2026-08-22 20:11:04] [INFO ] [notify] In-App notification stored for Ahsan Kabir #7029344
[2026-08-22 20:11:04] [INFO ] [notify] Email notification shown in-app for ahsan.kabir@yahoo.com
[2026-08-22 20:11:04] [INFO ] [notify] Ahsan Kabir #7029344 delivered via: In-App + Email
[2026-08-22 20:11:04] [INFO ] [notify] In-App notification stored for Nusrat Jahan #7065411
[2026-08-22 20:11:04] [INFO ] [notify] Email notification shown in-app for nusrat.jahan@yahoo.com
[2026-08-22 20:11:04] [INFO ] [notify] Nusrat Jahan #7065411 delivered via: In-App + Email
[2026-08-22 20:11:04] [INFO ] [notify] In-App notification stored for Sultana Begum #7123988
[2026-08-22 20:11:04] [INFO ] [notify] Email notification shown in-app for sultana.begum@yahoo.com
[2026-08-22 20:11:04] [INFO ] [notify] Sultana Begum #7123988 delivered via: In-App + Email
[2026-08-22 20:11:04] [INFO ] [notify] In-App notification stored for Mitu Begum #7159033
[2026-08-22 20:11:04] [INFO ] [notify] Email notification shown in-app for mitu.begum@yahoo.com
[2026-08-22 20:11:04] [INFO ] [notify] Mitu Begum #7159033 delivered via: In-App + Email
[2026-08-22 20:11:04] [INFO ] [notify] In-App notification stored for Rakin Hasib #7165321
[2026-08-22 20:11:04] [INFO ] [notify] Email notification shown in-app for rakin.hasib@gmail.com
[2026-08-22 20:11:04] [INFO ] [notify] Rakin Hasib #7165321 delivered via: In-App + Email
[2026-08-22 20:11:04] [INFO ] [notify] In-App notification stored for Mariya Sultana #7183440
[2026-08-22 20:11:04] [INFO ] [notify] Email notification shown in-app for mariya.sultana@gmail.com
[2026-08-22 20:11:04] [INFO ] [notify] Mariya Sultana #7183440 delivered via: In-App + Email
[2026-08-22 20:11:04] [INFO ] [notify] In-App notification stored for Tania Sultana #7203401
[2026-08-22 20:11:04] [INFO ] [notify] Email notification shown in-app for tania.sultana@gmail.com
[2026-08-22 20:11:04] [INFO ] [notify] Tania Sultana #7203401 delivered via: In-App + Email
[2026-08-22 20:11:04] [INFO ] [notify] In-App notification stored for Sabrina Chowdhury #7219033
[2026-08-22 20:11:04] [INFO ] [notify] Email notification shown in-app for sabrina.chy@gmail.com
[2026-08-22 20:11:04] [INFO ] [notify] Sabrina Chowdhury #7219033 delivered via: In-App + Email
[2026-08-22 20:11:04] [INFO ] [notify] In-App notification stored for Nahid Hasan #7250934
[2026-08-22 20:11:04] [INFO ] [notify] Email notification shown in-app for nahid.hasan@yahoo.com
[2026-08-22 20:11:04] [INFO ] [notify] Nahid Hasan #7250934 delivered via: In-App + Email
[2026-08-22 20:11:04] [INFO ] [notify] In-App notification stored for Sakib Ahmed #7283590
[2026-08-22 20:11:04] [INFO ] [notify] Email notification shown in-app for sakib.ahmed@gmail.com
[2026-08-22 20:11:04] [INFO ] [notify] Sakib Ahmed #7283590 delivered via: In-App + Email
[2026-08-22 20:11:04] [INFO ] [notify] In-App notification stored for Mou Akter #7331220
[2026-08-22 20:11:04] [INFO ] [notify] Email notification shown in-app for mou.akter@yahoo.com
[2026-08-22 20:11:04] [INFO ] [notify] Mou Akter #7331220 delivered via: In-App + Email
[2026-08-22 20:11:04] [INFO ] [notify] In-App notification stored for Rumana Akter #7338912
[2026-08-22 20:11:04] [INFO ] [notify] Email notification shown in-app for rumana.akter@gmail.com
[2026-08-22 20:11:04] [INFO ] [notify] Rumana Akter #7338912 delivered via: In-App + Email
[2026-08-22 20:11:04] [INFO ] [notify] In-App notification stored for Saif Rahman #7412891
[2026-08-22 20:11:04] [INFO ] [notify] Email notification shown in-app for saif.rahman@gmail.com
[2026-08-22 20:11:04] [INFO ] [notify] Saif Rahman #7412891 delivered via: In-App + Email
[2026-08-22 20:11:04] [INFO ] [notify] In-App notification stored for Lamia Khan #7419083
[2026-08-22 20:11:04] [INFO ] [notify] Email notification shown in-app for lamia.khan@gmail.com
[2026-08-22 20:11:04] [INFO ] [notify] Lamia Khan #7419083 delivered via: In-App + Email
[2026-08-22 20:11:04] [INFO ] [notify] In-App notification stored for Tamanna Akter #7429834
[2026-08-22 20:11:04] [INFO ] [notify] Email notification shown in-app for tamanna.akter@gmail.com
[2026-08-22 20:11:04] [INFO ] [notify] Tamanna Akter #7429834 delivered via: In-App + Email
[2026-08-22 20:11:04] [INFO ] [notify] In-App notification stored for Jannat Khanam #7440193
[2026-08-22 20:11:04] [INFO ] [notify] Email notification shown in-app for jannat.khanam@gmail.com
[2026-08-22 20:11:04] [INFO ] [notify] Jannat Khanam #7440193 delivered via: In-App + Email
[2026-08-22 20:11:04] [INFO ] [notify] In-App notification stored for Arif Hossain #7450001
[2026-08-22 20:11:04] [INFO ] [notify] Email notification shown in-app for arif.hossain@gmail.com
[2026-08-22 20:11:04] [INFO ] [notify] Arif Hossain #7450001 delivered via: In-App + Email
[2026-08-22 20:11:04] [INFO ] [notify] In-App notification stored for Rafi Islam #7450002
[2026-08-22 20:11:04] [INFO ] [notify] Email notification shown in-app for rafi.islam@gmail.com
[2026-08-22 20:11:04] [INFO ] [notify] Rafi Islam #7450002 delivered via: In-App + Email
[2026-08-22 20:11:04] [INFO ] [notify] In-App notification stored for Niloy Ahmed #7450003
[2026-08-22 20:11:04] [INFO ] [notify] Email notification shown in-app for niloy.ahmed@gmail.com
[2026-08-22 20:11:04] [INFO ] [notify] Niloy Ahmed #7450003 delivered via: In-App + Email
[2026-08-22 20:11:04] [INFO ] [notify] In-App notification stored for Shawon Khan #7450004
[2026-08-22 20:11:04] [INFO ] [notify] Email notification shown in-app for shawon.khan@gmail.com
[2026-08-22 20:11:04] [INFO ] [notify] Shawon Khan #7450004 delivered via: In-App + Email
[2026-08-22 20:11:04] [INFO ] [notify] In-App notification stored for Tamim Rahman #7450005
[2026-08-22 20:11:04] [INFO ] [notify] Email notification shown in-app for tamim.rahman@gmail.com
[2026-08-22 20:11:04] [INFO ] [notify] Tamim Rahman #7450005 delivered via: In-App + Email
[2026-08-22 20:11:04] [INFO ] [notify] In-App notification stored for Sifat Hasan #7450006
[2026-08-22 20:11:04] [INFO ] [notify] Email notification shown in-app for sifat.hasan@gmail.com
[2026-08-22 20:11:04] [INFO ] [notify] Sifat Hasan #7450006 delivered via: In-App + Email
[2026-08-22 20:11:04] [INFO ] [notify] In-App notification stored for Adib Mahmud #7450007
[2026-08-22 20:11:04] [INFO ] [notify] Email notification shown in-app for adib.mahmud@gmail.com
[2026-08-22 20:11:04] [INFO ] [notify] Adib Mahmud #7450007 delivered via: In-App + Email
[2026-08-22 20:11:04] [INFO ] [notify] In-App notification stored for Fardin Islam #7450008
[2026-08-22 20:11:04] [INFO ] [notify] Email notification shown in-app for fardin.islam@gmail.com
[2026-08-22 20:11:04] [INFO ] [notify] Fardin Islam #7450008 delivered via: In-App + Email
[2026-08-22 20:11:04] [INFO ] [notify] In-App notification stored for Nabil Haque #7450009
[2026-08-22 20:11:04] [INFO ] [notify] Email notification shown in-app for nabil.haque@gmail.com
[2026-08-22 20:11:04] [INFO ] [notify] Nabil Haque #7450009 delivered via: In-App + Email
[2026-08-22 20:11:04] [INFO ] [notify] In-App notification stored for Ruhan Chowdhury #7450010
[2026-08-22 20:11:04] [INFO ] [notify] Email notification shown in-app for ruhan.ch@gmail.com
[2026-08-22 20:11:04] [INFO ] [notify] Ruhan Chowdhury #7450010 delivered via: In-App + Email
[2026-08-22 20:11:04] [INFO ] [notify] In-App notification stored for Siam Uddin #7450011
[2026-08-22 20:11:04] [INFO ] [notify] Email notification shown in-app for siam.uddin@gmail.com
[2026-08-22 20:11:04] [INFO ] [notify] Siam Uddin #7450011 delivered via: In-App + Email
[2026-08-22 20:11:04] [INFO ] [notify] In-App notification stored for Ayon Mia #7450012
[2026-08-22 20:11:04] [INFO ] [notify] Email notification shown in-app for ayon.mia@gmail.com
[2026-08-22 20:11:04] [INFO ] [notify] Ayon Mia #7450012 delivered via: In-App + Email
[2026-08-22 20:11:04] [INFO ] [notify] In-App notification stored for Zihad Islam #7450013
[2026-08-22 20:11:04] [INFO ] [notify] Email notification shown in-app for zihad.islam@gmail.com
[2026-08-22 20:11:04] [INFO ] [notify] Zihad Islam #7450013 delivered via: In-App + Email
[2026-08-22 20:11:04] [INFO ] [notify] In-App notification stored for Rakib Hossain #7450014
[2026-08-22 20:11:04] [INFO ] [notify] Email notification shown in-app for rakib.h2@gmail.com
[2026-08-22 20:11:04] [INFO ] [notify] Rakib Hossain #7450014 delivered via: In-App + Email
[2026-08-22 20:11:04] [INFO ] [notify] In-App notification stored for Sajid Khan #7450015
[2026-08-22 20:11:04] [INFO ] [notify] Email notification shown in-app for sajid.khan@gmail.com
[2026-08-22 20:11:04] [INFO ] [notify] Sajid Khan #7450015 delivered via: In-App + Email
[2026-08-22 20:11:04] [INFO ] [notify] In-App notification stored for Tanvir Ahmed #7450016
[2026-08-22 20:11:04] [INFO ] [notify] Email notification shown in-app for tanvir.ahmed@gmail.com
[2026-08-22 20:11:04] [INFO ] [notify] Tanvir Ahmed #7450016 delivered via: In-App + Email
[2026-08-22 20:11:04] [INFO ] [notify] In-App notification stored for Riad Hasan #7450017
[2026-08-22 20:11:04] [INFO ] [notify] Email notification shown in-app for riad.hasan@gmail.com
[2026-08-22 20:11:04] [INFO ] [notify] Riad Hasan #7450017 delivered via: In-App + Email
[2026-08-22 20:11:04] [INFO ] [notify] In-App notification stored for Mahin Islam #7450018
[2026-08-22 20:11:04] [INFO ] [notify] Email notification shown in-app for mahin.islam@gmail.com
[2026-08-22 20:11:04] [INFO ] [notify] Mahin Islam #7450018 delivered via: In-App + Email
[2026-08-22 20:11:04] [INFO ] [notify] In-App notification stored for Iftekhar Rahman #7450019
[2026-08-22 20:11:04] [INFO ] [notify] Email notification shown in-app for iftekhar.rahman@gmail.com
[2026-08-22 20:11:04] [INFO ] [notify] Iftekhar Rahman #7450019 delivered via: In-App + Email
[2026-08-22 20:11:04] [INFO ] [notify] In-App notification stored for Anik Sarkar #7450020
[2026-08-22 20:11:04] [INFO ] [notify] Email notification shown in-app for anik.sarkar@gmail.com
[2026-08-22 20:11:04] [INFO ] [notify] Anik Sarkar #7450020 delivered via: In-App + Email
[2026-08-22 20:11:04] [INFO ] [notify] In-App notification stored for Shihab Uddin #7450021
[2026-08-22 20:11:04] [INFO ] [notify] Email notification shown in-app for shihab.uddin@gmail.com
[2026-08-22 20:11:04] [INFO ] [notify] Shihab Uddin #7450021 delivered via: In-App + Email
[2026-08-22 20:11:04] [INFO ] [notify] In-App notification stored for Foysal Mia #7450022
[2026-08-22 20:11:04] [INFO ] [notify] Email notification shown in-app for foysal.mia@gmail.com
[2026-08-22 20:11:04] [INFO ] [notify] Foysal Mia #7450022 delivered via: In-App + Email
[2026-08-22 20:11:04] [INFO ] [notify] In-App notification stored for Ashik Hassan #7450023
[2026-08-22 20:11:04] [INFO ] [notify] Email notification shown in-app for ashik.hassan@gmail.com
[2026-08-22 20:11:04] [INFO ] [notify] Ashik Hassan #7450023 delivered via: In-App + Email
[2026-08-22 20:11:04] [INFO ] [notify] In-App notification stored for Rony Islam #7450024
[2026-08-22 20:11:04] [INFO ] [notify] Email notification shown in-app for rony.islam@gmail.com
[2026-08-22 20:11:04] [INFO ] [notify] Rony Islam #7450024 delivered via: In-App + Email
[2026-08-22 20:11:04] [INFO ] [notify] In-App notification stored for Jubayer Ahmed #7450025
[2026-08-22 20:11:04] [INFO ] [notify] Email notification shown in-app for jubayer.ahmed@gmail.com
[2026-08-22 20:11:04] [INFO ] [notify] Jubayer Ahmed #7450025 delivered via: In-App + Email
[2026-08-22 20:11:04] [INFO ] [notify] In-App notification stored for Sabbir Rahman #7450026
[2026-08-22 20:11:04] [INFO ] [notify] Email notification shown in-app for sabbir.rahman@gmail.com
[2026-08-22 20:11:04] [INFO ] [notify] Sabbir Rahman #7450026 delivered via: In-App + Email
[2026-08-22 20:11:04] [INFO ] [notify] In-App notification stored for Rasel Hossain #7450027
[2026-08-22 20:11:04] [INFO ] [notify] Email notification shown in-app for rasel.h2@gmail.com
[2026-08-22 20:11:04] [INFO ] [notify] Rasel Hossain #7450027 delivered via: In-App + Email
[2026-08-22 20:11:04] [INFO ] [notify] In-App notification stored for Arafat Islam #7450028
[2026-08-22 20:11:04] [INFO ] [notify] Email notification shown in-app for arafat.islam@gmail.com
[2026-08-22 20:11:04] [INFO ] [notify] Arafat Islam #7450028 delivered via: In-App + Email
[2026-08-22 20:11:04] [INFO ] [notify] In-App notification stored for Sohan Khan #7450029
[2026-08-22 20:11:04] [INFO ] [notify] Email notification shown in-app for sohan.khan@gmail.com
[2026-08-22 20:11:04] [INFO ] [notify] Sohan Khan #7450029 delivered via: In-App + Email
[2026-08-22 20:11:04] [INFO ] [notify] In-App notification stored for Minhaz Rahman #7450030
[2026-08-22 20:11:04] [INFO ] [notify] Email notification shown in-app for minhaz.rahman@gmail.com
[2026-08-22 20:11:04] [INFO ] [notify] Minhaz Rahman #7450030 delivered via: In-App + Email
[2026-08-22 20:11:04] [INFO ] [notify] In-App notification stored for Riyad Hasan #7450031
[2026-08-22 20:11:04] [INFO ] [notify] Email notification shown in-app for riyad.hasan@gmail.com
[2026-08-22 20:11:04] [INFO ] [notify] Riyad Hasan #7450031 delivered via: In-App + Email
[2026-08-22 20:11:04] [INFO ] [notify] In-App notification stored for Fahad Islam #7450032
[2026-08-22 20:11:04] [INFO ] [notify] Email notification shown in-app for fahad.islam@gmail.com
[2026-08-22 20:11:04] [INFO ] [notify] Fahad Islam #7450032 delivered via: In-App + Email
[2026-08-22 20:11:04] [INFO ] [notify] In-App notification stored for Sakib Ahmed #7450033
[2026-08-22 20:11:04] [INFO ] [notify] Email notification shown in-app for sakib.ahmed@gmail.com
[2026-08-22 20:11:04] [INFO ] [notify] Sakib Ahmed #7450033 delivered via: In-App + Email
[2026-08-22 20:11:04] [INFO ] [notify] In-App notification stored for Imtiaz Hossain #7450034
[2026-08-22 20:11:04] [INFO ] [notify] Email notification shown in-app for imtiaz.hossain@gmail.com
[2026-08-22 20:11:04] [INFO ] [notify] Imtiaz Hossain #7450034 delivered via: In-App + Email
[2026-08-22 20:11:04] [INFO ] [notify] In-App notification stored for Shanto Islam #7450035
[2026-08-22 20:11:04] [INFO ] [notify] Email notification shown in-app for shanto.islam@gmail.com
[2026-08-22 20:11:04] [INFO ] [notify] Shanto Islam #7450035 delivered via: In-App + Email
[2026-08-22 20:11:04] [INFO ] [notify] In-App notification stored for Noman Khan #7450036
[2026-08-22 20:11:04] [INFO ] [notify] Email notification shown in-app for noman.khan@gmail.com
[2026-08-22 20:11:04] [INFO ] [notify] Noman Khan #7450036 delivered via: In-App + Email
[2026-08-22 20:11:04] [INFO ] [notify] In-App notification stored for Ashraf Uddin #7450037
[2026-08-22 20:11:04] [INFO ] [notify] Email notification shown in-app for ashraf.uddin@gmail.com
[2026-08-22 20:11:04] [INFO ] [notify] Ashraf Uddin #7450037 delivered via: In-App + Email
[2026-08-22 20:11:04] [INFO ] [notify] In-App notification stored for Tuhin Mia #7450038
[2026-08-22 20:11:04] [INFO ] [notify] Email notification shown in-app for tuhin.mia@gmail.com
[2026-08-22 20:11:04] [INFO ] [notify] Tuhin Mia #7450038 delivered via: In-App + Email
[2026-08-22 20:11:04] [INFO ] [notify] In-App notification stored for Parvez Hasan #7450039
[2026-08-22 20:11:04] [INFO ] [notify] Email notification shown in-app for parvez.hasan@gmail.com
[2026-08-22 20:11:04] [INFO ] [notify] Parvez Hasan #7450039 delivered via: In-App + Email
[2026-08-22 20:11:04] [INFO ] [notify] In-App notification stored for Mahfuz Rahman #7450040
[2026-08-22 20:11:04] [INFO ] [notify] Email notification shown in-app for mahfuz.rahman@gmail.com
[2026-08-22 20:11:04] [INFO ] [notify] Mahfuz Rahman #7450040 delivered via: In-App + Email
[2026-08-22 20:11:04] [INFO ] [notify] In-App notification stored for Raihan Islam #7450041
[2026-08-22 20:11:04] [INFO ] [notify] Email notification shown in-app for raihan.islam@gmail.com
[2026-08-22 20:11:04] [INFO ] [notify] Raihan Islam #7450041 delivered via: In-App + Email
[2026-08-22 20:11:04] [INFO ] [notify] In-App notification stored for Shamim Ahmed #7450042
[2026-08-22 20:11:04] [INFO ] [notify] Email notification shown in-app for shamim.ahmed@gmail.com
[2026-08-22 20:11:04] [INFO ] [notify] Shamim Ahmed #7450042 delivered via: In-App + Email
[2026-08-22 20:11:04] [INFO ] [notify] In-App notification stored for Emon Hossain #7450043
[2026-08-22 20:11:04] [INFO ] [notify] Email notification shown in-app for emon.hossain@gmail.com
[2026-08-22 20:11:04] [INFO ] [notify] Emon Hossain #7450043 delivered via: In-App + Email
[2026-08-22 20:11:04] [INFO ] [notify] In-App notification stored for Jahid Islam #7450044
[2026-08-22 20:11:04] [INFO ] [notify] Email notification shown in-app for jahid.islam@gmail.com
[2026-08-22 20:11:04] [INFO ] [notify] Jahid Islam #7450044 delivered via: In-App + Email
[2026-08-22 20:11:04] [INFO ] [notify] In-App notification stored for Rifat Khan #7450045
[2026-08-22 20:11:04] [INFO ] [notify] Email notification shown in-app for rifat.khan@gmail.com
[2026-08-22 20:11:04] [INFO ] [notify] Rifat Khan #7450045 delivered via: In-App + Email
[2026-08-22 20:11:04] [INFO ] [notify] In-App notification stored for Masud Rahman #7450046
[2026-08-22 20:11:04] [INFO ] [notify] Email notification shown in-app for masud.rahman@gmail.com
[2026-08-22 20:11:04] [INFO ] [notify] Masud Rahman #7450046 delivered via: In-App + Email
[2026-08-22 20:11:04] [INFO ] [notify] In-App notification stored for Bashir Uddin #7450047
[2026-08-22 20:11:04] [INFO ] [notify] Email notification shown in-app for bashir.uddin@gmail.com
[2026-08-22 20:11:04] [INFO ] [notify] Bashir Uddin #7450047 delivered via: In-App + Email
[2026-08-22 20:11:04] [INFO ] [notify] In-App notification stored for Shafi Islam #7450048
[2026-08-22 20:11:04] [INFO ] [notify] Email notification shown in-app for shafi.islam@gmail.com
[2026-08-22 20:11:04] [INFO ] [notify] Shafi Islam #7450048 delivered via: In-App + Email
[2026-08-22 20:11:04] [INFO ] [notify] In-App notification stored for Tareq Hasan #7450049
[2026-08-22 20:11:04] [INFO ] [notify] Email notification shown in-app for tareq.hasan@gmail.com
[2026-08-22 20:11:04] [INFO ] [notify] Tareq Hasan #7450049 delivered via: In-App + Email
[2026-08-22 20:11:04] [INFO ] [notify] In-App notification stored for Rashed Khan #7450050
[2026-08-22 20:11:04] [INFO ] [notify] Email notification shown in-app for rashed.khan@gmail.com
[2026-08-22 20:11:04] [INFO ] [notify] Rashed Khan #7450050 delivered via: In-App + Email
[2026-08-22 20:11:04] [INFO ] [notify] In-App notification stored for Naim Islam #7450051
[2026-08-22 20:11:04] [INFO ] [notify] Email notification shown in-app for naim.islam@gmail.com
[2026-08-22 20:11:04] [INFO ] [notify] Naim Islam #7450051 delivered via: In-App + Email
[2026-08-22 20:11:04] [INFO ] [notify] In-App notification stored for Firoz Ahmed #7450052
[2026-08-22 20:11:04] [INFO ] [notify] Email notification shown in-app for firoz.ahmed@gmail.com
[2026-08-22 20:11:04] [INFO ] [notify] Firoz Ahmed #7450052 delivered via: In-App + Email
[2026-08-22 20:11:04] [INFO ] [notify] In-App notification stored for Iqbal Hossain #7450053
[2026-08-22 20:11:04] [INFO ] [notify] Email notification shown in-app for iqbal.hossain@gmail.com
[2026-08-22 20:11:04] [INFO ] [notify] Iqbal Hossain #7450053 delivered via: In-App + Email
[2026-08-22 20:11:04] [INFO ] [notify] In-App notification stored for Nazmul Islam #7450054
[2026-08-22 20:11:04] [INFO ] [notify] Email notification shown in-app for nazmul.islam@gmail.com
[2026-08-22 20:11:04] [INFO ] [notify] Nazmul Islam #7450054 delivered via: In-App + Email
[2026-08-22 20:11:04] [INFO ] [notify] In-App notification stored for Kawsar Khan #7450055
[2026-08-22 20:11:04] [INFO ] [notify] Email notification shown in-app for kawsar.khan@gmail.com
[2026-08-22 20:11:04] [INFO ] [notify] Kawsar Khan #7450055 delivered via: In-App + Email
[2026-08-22 20:11:04] [INFO ] [notify] In-App notification stored for Sujon Mia #7450056
[2026-08-22 20:11:04] [INFO ] [notify] Email notification shown in-app for sujon.mia@gmail.com
[2026-08-22 20:11:04] [INFO ] [notify] Sujon Mia #7450056 delivered via: In-App + Email
[2026-08-22 20:11:04] [INFO ] [notify] In-App notification stored for Habib Rahman #7450057
[2026-08-22 20:11:04] [INFO ] [notify] Email notification shown in-app for habib.rahman@gmail.com
[2026-08-22 20:11:04] [INFO ] [notify] Habib Rahman #7450057 delivered via: In-App + Email
[2026-08-22 20:11:04] [INFO ] [notify] In-App notification stored for Alif Hasan #7450058
[2026-08-22 20:11:04] [INFO ] [notify] Email notification shown in-app for alif.hasan@gmail.com
[2026-08-22 20:11:04] [INFO ] [notify] Alif Hasan #7450058 delivered via: In-App + Email
[2026-08-22 20:11:04] [INFO ] [notify] In-App notification stored for Rokon Uddin #7450059
[2026-08-22 20:11:04] [INFO ] [notify] Email notification shown in-app for rokon.uddin@gmail.com
[2026-08-22 20:11:04] [INFO ] [notify] Rokon Uddin #7450059 delivered via: In-App + Email
[2026-08-22 20:11:04] [INFO ] [notify] In-App notification stored for Jony Islam #7450060
[2026-08-22 20:11:04] [INFO ] [notify] Email notification shown in-app for jony.islam@gmail.com
[2026-08-22 20:11:04] [INFO ] [notify] Jony Islam #7450060 delivered via: In-App + Email
[2026-08-22 20:11:04] [INFO ] [notify] In-App notification stored for Sazzad Khan #7450061
[2026-08-22 20:11:04] [INFO ] [notify] Email notification shown in-app for sazzad.khan@gmail.com
[2026-08-22 20:11:04] [INFO ] [notify] Sazzad Khan #7450061 delivered via: In-App + Email
[2026-08-22 20:11:04] [INFO ] [notify] In-App notification stored for Shawon Ahmed #7450062
[2026-08-22 20:11:04] [INFO ] [notify] Email notification shown in-app for shawon.ahmed@gmail.com
[2026-08-22 20:11:04] [INFO ] [notify] Shawon Ahmed #7450062 delivered via: In-App + Email
[2026-08-22 20:11:04] [INFO ] [notify] In-App notification stored for Mahdi Islam #7450063
[2026-08-22 20:11:04] [INFO ] [notify] Email notification shown in-app for mahdi.islam@gmail.com
[2026-08-22 20:11:04] [INFO ] [notify] Mahdi Islam #7450063 delivered via: In-App + Email
[2026-08-22 20:11:04] [INFO ] [notify] In-App notification stored for Zakir Hossain #7450064
[2026-08-22 20:11:04] [INFO ] [notify] Email notification shown in-app for zakir.hossain@gmail.com
[2026-08-22 20:11:04] [INFO ] [notify] Zakir Hossain #7450064 delivered via: In-App + Email
[2026-08-22 20:11:04] [INFO ] [notify] In-App notification stored for Sami Rahman #7450065
[2026-08-22 20:11:04] [INFO ] [notify] Email notification shown in-app for sami.rahman@gmail.com
[2026-08-22 20:11:04] [INFO ] [notify] Sami Rahman #7450065 delivered via: In-App + Email
[2026-08-22 20:11:04] [INFO ] [notify] In-App notification stored for Tanim Islam #7450066
[2026-08-22 20:11:04] [INFO ] [notify] Email notification shown in-app for tanim.islam@gmail.com
[2026-08-22 20:11:04] [INFO ] [notify] Tanim Islam #7450066 delivered via: In-App + Email
[2026-08-22 20:11:04] [INFO ] [notify] In-App notification stored for Ishrat Jahan #7569211
[2026-08-22 20:11:04] [INFO ] [notify] Email notification shown in-app for ishrat.jahan@yahoo.com
[2026-08-22 20:11:04] [INFO ] [notify] Ishrat Jahan #7569211 delivered via: In-App + Email
[2026-08-22 20:11:04] [INFO ] [notify] In-App notification stored for Amina Khatun #7600001
[2026-08-22 20:11:04] [INFO ] [notify] Email notification shown in-app for amina.khatun@gmail.com
[2026-08-22 20:11:04] [INFO ] [notify] Amina Khatun #7600001 delivered via: In-App + Email
[2026-08-22 20:11:04] [INFO ] [notify] In-App notification stored for Rohan Ahmed #7600002
[2026-08-22 20:11:04] [INFO ] [notify] Email notification shown in-app for rohan.ahmed@gmail.com
[2026-08-22 20:11:04] [INFO ] [notify] Rohan Ahmed #7600002 delivered via: In-App + Email
[2026-08-22 20:11:04] [INFO ] [notify] In-App notification stored for Sadia Islam #7600003
[2026-08-22 20:11:04] [INFO ] [notify] Email notification shown in-app for sadia.islam@gmail.com
[2026-08-22 20:11:04] [INFO ] [notify] Sadia Islam #7600003 delivered via: In-App + Email
[2026-08-22 20:11:04] [INFO ] [notify] In-App notification stored for Imran Hossain #7600004
[2026-08-22 20:11:04] [INFO ] [notify] Email notification shown in-app for imran.hossain@gmail.com
[2026-08-22 20:11:04] [INFO ] [notify] Imran Hossain #7600004 delivered via: In-App + Email
[2026-08-22 20:11:04] [INFO ] [notify] In-App notification stored for Nabila Khan #7600005
[2026-08-22 20:11:04] [INFO ] [notify] Email notification shown in-app for nabila.khan@gmail.com
[2026-08-22 20:11:04] [INFO ] [notify] Nabila Khan #7600005 delivered via: In-App + Email
[2026-08-22 20:11:04] [INFO ] [notify] In-App notification stored for Saif Uddin #7600006
[2026-08-22 20:11:04] [INFO ] [notify] Email notification shown in-app for saif.uddin@gmail.com
[2026-08-22 20:11:04] [INFO ] [notify] Saif Uddin #7600006 delivered via: In-App + Email
[2026-08-22 20:11:04] [INFO ] [notify] In-App notification stored for Farhan Miah #7600007
[2026-08-22 20:11:04] [INFO ] [notify] Email notification shown in-app for farhan.miah@gmail.com
[2026-08-22 20:11:04] [INFO ] [notify] Farhan Miah #7600007 delivered via: In-App + Email
[2026-08-22 20:11:04] [INFO ] [notify] In-App notification stored for Lamia Chowdhury #7600008
[2026-08-22 20:11:04] [INFO ] [notify] Email notification shown in-app for lamia.chowdhury@gmail.com
[2026-08-22 20:11:04] [INFO ] [notify] Lamia Chowdhury #7600008 delivered via: In-App + Email
[2026-08-22 20:11:04] [INFO ] [notify] In-App notification stored for Arif Rahman #7600009
[2026-08-22 20:11:04] [INFO ] [notify] Email notification shown in-app for arif.rahman@gmail.com
[2026-08-22 20:11:04] [INFO ] [notify] Arif Rahman #7600009 delivered via: In-App + Email
[2026-08-22 20:11:04] [INFO ] [notify] In-App notification stored for Tania Sultana #7600010
[2026-08-22 20:11:04] [INFO ] [notify] Email notification shown in-app for tania.sultana@gmail.com
[2026-08-22 20:11:04] [INFO ] [notify] Tania Sultana #7600010 delivered via: In-App + Email
[2026-08-22 20:11:04] [INFO ] [notify] In-App notification stored for Mehedi Hasan #7600011
[2026-08-22 20:11:04] [INFO ] [notify] Email notification shown in-app for mehedi.hasan@gmail.com
[2026-08-22 20:11:04] [INFO ] [notify] Mehedi Hasan #7600011 delivered via: In-App + Email
[2026-08-22 20:11:04] [INFO ] [notify] In-App notification stored for Jarin Akter #7600012
[2026-08-22 20:11:04] [INFO ] [notify] Email notification shown in-app for jarin.akter@gmail.com
[2026-08-22 20:11:04] [INFO ] [notify] Jarin Akter #7600012 delivered via: In-App + Email
[2026-08-22 20:11:04] [INFO ] [notify] In-App notification stored for Omar Faruk #7600013
[2026-08-22 20:11:04] [INFO ] [notify] Email notification shown in-app for omar.faruk@gmail.com
[2026-08-22 20:11:04] [INFO ] [notify] Omar Faruk #7600013 delivered via: In-App + Email
[2026-08-22 20:11:04] [INFO ] [notify] In-App notification stored for Maliha Tasnim #7600014
[2026-08-22 20:11:04] [INFO ] [notify] Email notification shown in-app for maliha.tasnim@gmail.com
[2026-08-22 20:11:04] [INFO ] [notify] Maliha Tasnim #7600014 delivered via: In-App + Email
[2026-08-22 20:11:04] [INFO ] [notify] In-App notification stored for Ridwan Khan #7600015
[2026-08-22 20:11:04] [INFO ] [notify] Email notification shown in-app for ridwan.khan@gmail.com
[2026-08-22 20:11:04] [INFO ] [notify] Ridwan Khan #7600015 delivered via: In-App + Email
[2026-08-22 20:11:04] [INFO ] [notify] In-App notification stored for Sakib Alam #7600016
[2026-08-22 20:11:04] [INFO ] [notify] Email notification shown in-app for sakib.alam@gmail.com
[2026-08-22 20:11:04] [INFO ] [notify] Sakib Alam #7600016 delivered via: In-App + Email
[2026-08-22 20:11:04] [INFO ] [notify] In-App notification stored for Nusrat Jahan #7600017
[2026-08-22 20:11:04] [INFO ] [notify] Email notification shown in-app for nusrat.jahan@gmail.com
[2026-08-22 20:11:04] [INFO ] [notify] Nusrat Jahan #7600017 delivered via: In-App + Email
[2026-08-22 20:11:04] [INFO ] [notify] In-App notification stored for Tahmid Ahmed #7600018
[2026-08-22 20:11:04] [INFO ] [notify] Email notification shown in-app for tahmid.ahmed@gmail.com
[2026-08-22 20:11:04] [INFO ] [notify] Tahmid Ahmed #7600018 delivered via: In-App + Email
[2026-08-22 20:11:04] [INFO ] [notify] In-App notification stored for Mim Akter #7600019
[2026-08-22 20:11:04] [INFO ] [notify] Email notification shown in-app for mim.akter@gmail.com
[2026-08-22 20:11:04] [INFO ] [notify] Mim Akter #7600019 delivered via: In-App + Email
[2026-08-22 20:11:04] [INFO ] [notify] In-App notification stored for Zayed Hossain #7600020
[2026-08-22 20:11:04] [INFO ] [notify] Email notification shown in-app for zayed.hossain@gmail.com
[2026-08-22 20:11:04] [INFO ] [notify] Zayed Hossain #7600020 delivered via: In-App + Email
[2026-08-22 20:11:04] [INFO ] [notify] In-App notification stored for Afsana Miah #7600021
[2026-08-22 20:11:04] [INFO ] [notify] Email notification shown in-app for afsana.miah@gmail.com
[2026-08-22 20:11:04] [INFO ] [notify] Afsana Miah #7600021 delivered via: In-App + Email
[2026-08-22 20:11:04] [INFO ] [notify] In-App notification stored for Rayhan Kabir #7600022
[2026-08-22 20:11:04] [INFO ] [notify] Email notification shown in-app for rayhan.kabir@gmail.com
[2026-08-22 20:11:04] [INFO ] [notify] Rayhan Kabir #7600022 delivered via: In-App + Email
[2026-08-22 20:11:04] [INFO ] [notify] In-App notification stored for Shifa Tasnim #7600023
[2026-08-22 20:11:04] [INFO ] [notify] Email notification shown in-app for shifa.tasnim@gmail.com
[2026-08-22 20:11:04] [INFO ] [notify] Shifa Tasnim #7600023 delivered via: In-App + Email
[2026-08-22 20:11:04] [INFO ] [notify] In-App notification stored for Abrar Rahman #7600024
[2026-08-22 20:11:04] [INFO ] [notify] Email notification shown in-app for abrar.rahman@gmail.com
[2026-08-22 20:11:04] [INFO ] [notify] Abrar Rahman #7600024 delivered via: In-App + Email
[2026-08-22 20:11:04] [INFO ] [notify] In-App notification stored for Sohana Islam #7600025
[2026-08-22 20:11:04] [INFO ] [notify] Email notification shown in-app for sohana.islam@gmail.com
[2026-08-22 20:11:04] [INFO ] [notify] Sohana Islam #7600025 delivered via: In-App + Email
[2026-08-22 20:11:04] [INFO ] [notify] In-App notification stored for Ehsan Khan #7600026
[2026-08-22 20:11:04] [INFO ] [notify] Email notification shown in-app for ehsan.khan@gmail.com
[2026-08-22 20:11:04] [INFO ] [notify] Ehsan Khan #7600026 delivered via: In-App + Email
[2026-08-22 20:11:04] [INFO ] [notify] In-App notification stored for Raisa Khatun #7600027
[2026-08-22 20:11:04] [INFO ] [notify] Email notification shown in-app for raisa.khatun@gmail.com
[2026-08-22 20:11:04] [INFO ] [notify] Raisa Khatun #7600027 delivered via: In-App + Email
[2026-08-22 20:11:04] [INFO ] [notify] In-App notification stored for Mahin Ahmed #7600028
[2026-08-22 20:11:04] [INFO ] [notify] Email notification shown in-app for mahin.ahmed@gmail.com
[2026-08-22 20:11:04] [INFO ] [notify] Mahin Ahmed #7600028 delivered via: In-App + Email
[2026-08-22 20:11:04] [INFO ] [notify] In-App notification stored for Liza Akter #7600029
[2026-08-22 20:11:04] [INFO ] [notify] Email notification shown in-app for liza.akter@gmail.com
[2026-08-22 20:11:04] [INFO ] [notify] Liza Akter #7600029 delivered via: In-App + Email
[2026-08-22 20:11:04] [INFO ] [notify] In-App notification stored for Jawad Hasan #7600030
[2026-08-22 20:11:04] [INFO ] [notify] Email notification shown in-app for jawad.hasan@gmail.com
[2026-08-22 20:11:04] [INFO ] [notify] Jawad Hasan #7600030 delivered via: In-App + Email
[2026-08-22 20:11:04] [INFO ] [notify] In-App notification stored for Nayla Jahan #7600031
[2026-08-22 20:11:04] [INFO ] [notify] Email notification shown in-app for nayla.jahan@gmail.com
[2026-08-22 20:11:04] [INFO ] [notify] Nayla Jahan #7600031 delivered via: In-App + Email
[2026-08-22 20:11:04] [INFO ] [notify] In-App notification stored for Ratul Islam #7600032
[2026-08-22 20:11:04] [INFO ] [notify] Email notification shown in-app for ratul.islam@gmail.com
[2026-08-22 20:11:04] [INFO ] [notify] Ratul Islam #7600032 delivered via: In-App + Email
[2026-08-22 20:11:04] [INFO ] [notify] In-App notification stored for Iffat Sultana #7600033
[2026-08-22 20:11:04] [INFO ] [notify] Email notification shown in-app for iffat.sultana@gmail.com
[2026-08-22 20:11:04] [INFO ] [notify] Iffat Sultana #7600033 delivered via: In-App + Email
[2026-08-22 20:11:04] [INFO ] [notify] In-App notification stored for Siam Khan #7600034
[2026-08-22 20:11:04] [INFO ] [notify] Email notification shown in-app for siam.khan@gmail.com
[2026-08-22 20:11:04] [INFO ] [notify] Siam Khan #7600034 delivered via: In-App + Email
[2026-08-22 20:11:04] [INFO ] [notify] In-App notification stored for Ayan Faruk #7600036
[2026-08-22 20:11:04] [INFO ] [notify] Email notification shown in-app for ayan.faruk@gmail.com
[2026-08-22 20:11:04] [INFO ] [notify] Ayan Faruk #7600036 delivered via: In-App + Email
[2026-08-22 20:11:04] [INFO ] [notify] In-App notification stored for Nafisa Khatun #7600037
[2026-08-22 20:11:04] [INFO ] [notify] Email notification shown in-app for nafisa.khatun@gmail.com
[2026-08-22 20:11:04] [INFO ] [notify] Nafisa Khatun #7600037 delivered via: In-App + Email
[2026-08-22 20:11:04] [INFO ] [notify] In-App notification stored for Labib Ahmed #7600038
[2026-08-22 20:11:04] [INFO ] [notify] Email notification shown in-app for labib.ahmed@gmail.com
[2026-08-22 20:11:04] [INFO ] [notify] Labib Ahmed #7600038 delivered via: In-App + Email
[2026-08-22 20:11:04] [INFO ] [notify] In-App notification stored for Zara Khan #7600039
[2026-08-22 20:11:04] [INFO ] [notify] Email notification shown in-app for zara.khan@gmail.com
[2026-08-22 20:11:04] [INFO ] [notify] Zara Khan #7600039 delivered via: In-App + Email
[2026-08-22 20:11:04] [INFO ] [notify] In-App notification stored for Fahad Rahman #7600040
[2026-08-22 20:11:04] [INFO ] [notify] Email notification shown in-app for fahad.rahman@gmail.com
[2026-08-22 20:11:04] [INFO ] [notify] Fahad Rahman #7600040 delivered via: In-App + Email
[2026-08-22 20:11:04] [INFO ] [notify] In-App notification stored for Shila Akter #7634891
[2026-08-22 20:11:04] [INFO ] [notify] Email notification shown in-app for shila.akter@yahoo.com
[2026-08-22 20:11:04] [INFO ] [notify] Shila Akter #7634891 delivered via: In-App + Email
[2026-08-22 20:11:04] [INFO ] [notify] In-App notification stored for Sadia Ferdous #7644433
[2026-08-22 20:11:04] [INFO ] [notify] Email notification shown in-app for sadia.ferdous@yahoo.com
[2026-08-22 20:11:04] [INFO ] [notify] Sadia Ferdous #7644433 delivered via: In-App + Email
[2026-08-22 20:11:04] [INFO ] [notify] In-App notification stored for Sumaiya Khatun #7648201
[2026-08-22 20:11:04] [INFO ] [notify] Email notification shown in-app for sumaiya.khatun@gmail.com
[2026-08-22 20:11:04] [INFO ] [notify] Sumaiya Khatun #7648201 delivered via: In-App + Email
[2026-08-22 20:11:04] [INFO ] [notify] In-App notification stored for Niloy Karim #7732091
[2026-08-22 20:11:04] [INFO ] [notify] Email notification shown in-app for niloy.karim@yahoo.com
[2026-08-22 20:11:04] [INFO ] [notify] Niloy Karim #7732091 delivered via: In-App + Email
[2026-08-22 20:11:04] [INFO ] [notify] In-App notification stored for Sohana Sultana #7812393
[2026-08-22 20:11:04] [INFO ] [notify] Email notification shown in-app for sohana.sultana@yahoo.com
[2026-08-22 20:11:04] [INFO ] [notify] Sohana Sultana #7812393 delivered via: In-App + Email
[2026-08-22 20:11:04] [INFO ] [notify] In-App notification stored for Rasel Ahmed #7829891
[2026-08-22 20:11:04] [INFO ] [notify] Email notification shown in-app for rasel.ahmed@gmail.com
[2026-08-22 20:11:04] [INFO ] [notify] Rasel Ahmed #7829891 delivered via: In-App + Email
[2026-08-22 20:11:04] [INFO ] [notify] In-App notification stored for Mamun Chowdhury #7845990
[2026-08-22 20:11:04] [INFO ] [notify] Email notification shown in-app for mamun.chowdhury@gmail.com
[2026-08-22 20:11:04] [INFO ] [notify] Mamun Chowdhury #7845990 delivered via: In-App + Email
[2026-08-22 20:11:04] [INFO ] [notify] In-App notification stored for Farzana Yasmin #7882345
[2026-08-22 20:11:04] [INFO ] [notify] Email notification shown in-app for farzana.yasmin@gmail.com
[2026-08-22 20:11:04] [INFO ] [notify] Farzana Yasmin #7882345 delivered via: In-App + Email
[2026-08-22 20:11:04] [INFO ] [notify] In-App notification stored for Sharmin Akhter #7932441
[2026-08-22 20:11:04] [INFO ] [notify] Email notification shown in-app for sharmin.akhter@yahoo.com
[2026-08-22 20:11:04] [INFO ] [notify] Sharmin Akhter #7932441 delivered via: In-App + Email
[2026-08-22 20:11:04] [INFO ] [notify] In-App notification stored for Arif Mahmud #7940012
[2026-08-22 20:11:04] [INFO ] [notify] Email notification shown in-app for arif.mahmud@gmail.com
[2026-08-22 20:11:04] [INFO ] [notify] Arif Mahmud #7940012 delivered via: In-App + Email
[2026-08-22 20:11:04] [INFO ] [notify] In-App notification stored for Rafi Islam #7993544
[2026-08-22 20:11:04] [INFO ] [notify] Email notification shown in-app for rafi.islam@gmail.com
[2026-08-22 20:11:04] [INFO ] [notify] Rafi Islam #7993544 delivered via: In-App + Email
[2026-08-22 20:11:04] [INFO ] [notify] In-App notification stored for Hasan Khan #8124593
[2026-08-22 20:11:04] [INFO ] [notify] Email notification shown in-app for hasan.khan@gmail.com
[2026-08-22 20:11:04] [INFO ] [notify] Hasan Khan #8124593 delivered via: In-App + Email
[2026-08-22 20:11:04] [INFO ] [notify] In-App notification stored for Nausicaaa Rren #9500105
[2026-08-22 20:11:04] [INFO ] [notify] Email notification shown in-app for rn@gmail.com
[2026-08-22 20:11:04] [INFO ] [notify] Nausicaaa Rren #9500105 delivered via: In-App + Email
[2026-08-22 20:11:04] [INFO ] [notify] In-App notification stored for Ahnaf Nehal #10000000
[2026-08-22 20:11:04] [INFO ] [notify] Email notification shown in-app for orpatasnimejannat@gmail.com
[2026-08-22 20:11:04] [INFO ] [notify] Ahnaf Nehal #10000000 delivered via: In-App + Email
[2026-08-22 20:11:04] [INFO ] [notify] In-App notification stored for Mumtahina Naomi #10000002
[2026-08-22 20:11:04] [INFO ] [notify] Email notification shown in-app for naomi@gmail.com
[2026-08-22 20:11:04] [INFO ] [notify] Mumtahina Naomi #10000002 delivered via: In-App + Email
[2026-08-22 20:14:00] [INFO ] DiscountService: 137 member observer(s) subscribed to the discount subject
[2026-08-22 20:14:00] [INFO ] DiscountSubject: notifying 138 observer(s) about "10% off Eggs (Brown)"
[2026-08-22 20:14:00] [INFO ] [discount] Farmer Rahim Uddin has discounted Eggs (Brown) by 10%. The price is now BDT 8.10 instead of BDT 9.00.
[2026-08-22 20:14:00] [INFO ] [notify] In-App notification stored for Ahsan Kabir #7029344
[2026-08-22 20:14:00] [INFO ] [notify] SMS notification shown in-app for 01722334455
[2026-08-22 20:14:00] [INFO ] [notify] Push notification shown in-app for Ahsan Kabir
[2026-08-22 20:14:00] [INFO ] [notify] Ahsan Kabir #7029344 delivered via: In-App + SMS + Push
[2026-08-22 20:14:00] [INFO ] [notify] In-App notification stored for Nusrat Jahan #7065411
[2026-08-22 20:14:00] [INFO ] [notify] Email notification shown in-app for nusrat.jahan@yahoo.com
[2026-08-22 20:14:00] [INFO ] [notify] Nusrat Jahan #7065411 delivered via: In-App + Email
[2026-08-22 20:14:00] [INFO ] [notify] In-App notification stored for Sultana Begum #7123988
[2026-08-22 20:14:00] [INFO ] [notify] Email notification shown in-app for sultana.begum@yahoo.com
[2026-08-22 20:14:00] [INFO ] [notify] Sultana Begum #7123988 delivered via: In-App + Email
[2026-08-22 20:14:00] [INFO ] [notify] In-App notification stored for Mitu Begum #7159033
[2026-08-22 20:14:00] [INFO ] [notify] Email notification shown in-app for mitu.begum@yahoo.com
[2026-08-22 20:14:00] [INFO ] [notify] Mitu Begum #7159033 delivered via: In-App + Email
[2026-08-22 20:14:00] [INFO ] [notify] In-App notification stored for Rakin Hasib #7165321
[2026-08-22 20:14:00] [INFO ] [notify] Email notification shown in-app for rakin.hasib@gmail.com
[2026-08-22 20:14:00] [INFO ] [notify] Rakin Hasib #7165321 delivered via: In-App + Email
[2026-08-22 20:14:00] [INFO ] [notify] In-App notification stored for Mariya Sultana #7183440
[2026-08-22 20:14:00] [INFO ] [notify] Email notification shown in-app for mariya.sultana@gmail.com
[2026-08-22 20:14:00] [INFO ] [notify] Mariya Sultana #7183440 delivered via: In-App + Email
[2026-08-22 20:14:00] [INFO ] [notify] In-App notification stored for Tania Sultana #7203401
[2026-08-22 20:14:00] [INFO ] [notify] Email notification shown in-app for tania.sultana@gmail.com
[2026-08-22 20:14:00] [INFO ] [notify] Tania Sultana #7203401 delivered via: In-App + Email
[2026-08-22 20:14:00] [INFO ] [notify] In-App notification stored for Sabrina Chowdhury #7219033
[2026-08-22 20:14:00] [INFO ] [notify] Email notification shown in-app for sabrina.chy@gmail.com
[2026-08-22 20:14:00] [INFO ] [notify] Sabrina Chowdhury #7219033 delivered via: In-App + Email
[2026-08-22 20:14:00] [INFO ] [notify] In-App notification stored for Nahid Hasan #7250934
[2026-08-22 20:14:00] [INFO ] [notify] Email notification shown in-app for nahid.hasan@yahoo.com
[2026-08-22 20:14:00] [INFO ] [notify] Nahid Hasan #7250934 delivered via: In-App + Email
[2026-08-22 20:14:00] [INFO ] [notify] In-App notification stored for Sakib Ahmed #7283590
[2026-08-22 20:14:00] [INFO ] [notify] Email notification shown in-app for sakib.ahmed@gmail.com
[2026-08-22 20:14:00] [INFO ] [notify] Sakib Ahmed #7283590 delivered via: In-App + Email
[2026-08-22 20:14:00] [INFO ] [notify] In-App notification stored for Mou Akter #7331220
[2026-08-22 20:14:00] [INFO ] [notify] Email notification shown in-app for mou.akter@yahoo.com
[2026-08-22 20:14:00] [INFO ] [notify] Mou Akter #7331220 delivered via: In-App + Email
[2026-08-22 20:14:00] [INFO ] [notify] In-App notification stored for Rumana Akter #7338912
[2026-08-22 20:14:00] [INFO ] [notify] Email notification shown in-app for rumana.akter@gmail.com
[2026-08-22 20:14:00] [INFO ] [notify] Rumana Akter #7338912 delivered via: In-App + Email
[2026-08-22 20:14:00] [INFO ] [notify] In-App notification stored for Saif Rahman #7412891
[2026-08-22 20:14:00] [INFO ] [notify] Email notification shown in-app for saif.rahman@gmail.com
[2026-08-22 20:14:00] [INFO ] [notify] Saif Rahman #7412891 delivered via: In-App + Email
[2026-08-22 20:14:00] [INFO ] [notify] In-App notification stored for Lamia Khan #7419083
[2026-08-22 20:14:00] [INFO ] [notify] Email notification shown in-app for lamia.khan@gmail.com
[2026-08-22 20:14:00] [INFO ] [notify] Lamia Khan #7419083 delivered via: In-App + Email
[2026-08-22 20:14:00] [INFO ] [notify] In-App notification stored for Tamanna Akter #7429834
[2026-08-22 20:14:00] [INFO ] [notify] Email notification shown in-app for tamanna.akter@gmail.com
[2026-08-22 20:14:00] [INFO ] [notify] Tamanna Akter #7429834 delivered via: In-App + Email
[2026-08-22 20:14:00] [INFO ] [notify] In-App notification stored for Jannat Khanam #7440193
[2026-08-22 20:14:00] [INFO ] [notify] Email notification shown in-app for jannat.khanam@gmail.com
[2026-08-22 20:14:00] [INFO ] [notify] Jannat Khanam #7440193 delivered via: In-App + Email
[2026-08-22 20:14:00] [INFO ] [notify] In-App notification stored for Arif Hossain #7450001
[2026-08-22 20:14:00] [INFO ] [notify] Email notification shown in-app for arif.hossain@gmail.com
[2026-08-22 20:14:00] [INFO ] [notify] Arif Hossain #7450001 delivered via: In-App + Email
[2026-08-22 20:14:00] [INFO ] [notify] In-App notification stored for Rafi Islam #7450002
[2026-08-22 20:14:00] [INFO ] [notify] Email notification shown in-app for rafi.islam@gmail.com
[2026-08-22 20:14:00] [INFO ] [notify] Rafi Islam #7450002 delivered via: In-App + Email
[2026-08-22 20:14:00] [INFO ] [notify] In-App notification stored for Niloy Ahmed #7450003
[2026-08-22 20:14:00] [INFO ] [notify] Email notification shown in-app for niloy.ahmed@gmail.com
[2026-08-22 20:14:00] [INFO ] [notify] Niloy Ahmed #7450003 delivered via: In-App + Email
[2026-08-22 20:14:00] [INFO ] [notify] In-App notification stored for Shawon Khan #7450004
[2026-08-22 20:14:00] [INFO ] [notify] Email notification shown in-app for shawon.khan@gmail.com
[2026-08-22 20:14:00] [INFO ] [notify] Shawon Khan #7450004 delivered via: In-App + Email
[2026-08-22 20:14:00] [INFO ] [notify] In-App notification stored for Tamim Rahman #7450005
[2026-08-22 20:14:00] [INFO ] [notify] Email notification shown in-app for tamim.rahman@gmail.com
[2026-08-22 20:14:00] [INFO ] [notify] Tamim Rahman #7450005 delivered via: In-App + Email
[2026-08-22 20:14:00] [INFO ] [notify] In-App notification stored for Sifat Hasan #7450006
[2026-08-22 20:14:00] [INFO ] [notify] Email notification shown in-app for sifat.hasan@gmail.com
[2026-08-22 20:14:00] [INFO ] [notify] Sifat Hasan #7450006 delivered via: In-App + Email
[2026-08-22 20:14:00] [INFO ] [notify] In-App notification stored for Adib Mahmud #7450007
[2026-08-22 20:14:00] [INFO ] [notify] Email notification shown in-app for adib.mahmud@gmail.com
[2026-08-22 20:14:00] [INFO ] [notify] Adib Mahmud #7450007 delivered via: In-App + Email
[2026-08-22 20:14:00] [INFO ] [notify] In-App notification stored for Fardin Islam #7450008
[2026-08-22 20:14:00] [INFO ] [notify] Email notification shown in-app for fardin.islam@gmail.com
[2026-08-22 20:14:00] [INFO ] [notify] Fardin Islam #7450008 delivered via: In-App + Email
[2026-08-22 20:14:00] [INFO ] [notify] In-App notification stored for Nabil Haque #7450009
[2026-08-22 20:14:00] [INFO ] [notify] Email notification shown in-app for nabil.haque@gmail.com
[2026-08-22 20:14:00] [INFO ] [notify] Nabil Haque #7450009 delivered via: In-App + Email
[2026-08-22 20:14:00] [INFO ] [notify] In-App notification stored for Ruhan Chowdhury #7450010
[2026-08-22 20:14:00] [INFO ] [notify] Email notification shown in-app for ruhan.ch@gmail.com
[2026-08-22 20:14:00] [INFO ] [notify] Ruhan Chowdhury #7450010 delivered via: In-App + Email
[2026-08-22 20:14:00] [INFO ] [notify] In-App notification stored for Siam Uddin #7450011
[2026-08-22 20:14:00] [INFO ] [notify] Email notification shown in-app for siam.uddin@gmail.com
[2026-08-22 20:14:00] [INFO ] [notify] Siam Uddin #7450011 delivered via: In-App + Email
[2026-08-22 20:14:00] [INFO ] [notify] In-App notification stored for Ayon Mia #7450012
[2026-08-22 20:14:00] [INFO ] [notify] Email notification shown in-app for ayon.mia@gmail.com
[2026-08-22 20:14:00] [INFO ] [notify] Ayon Mia #7450012 delivered via: In-App + Email
[2026-08-22 20:14:00] [INFO ] [notify] In-App notification stored for Zihad Islam #7450013
[2026-08-22 20:14:00] [INFO ] [notify] Email notification shown in-app for zihad.islam@gmail.com
[2026-08-22 20:14:00] [INFO ] [notify] Zihad Islam #7450013 delivered via: In-App + Email
[2026-08-22 20:14:00] [INFO ] [notify] In-App notification stored for Rakib Hossain #7450014
[2026-08-22 20:14:00] [INFO ] [notify] Email notification shown in-app for rakib.h2@gmail.com
[2026-08-22 20:14:00] [INFO ] [notify] Rakib Hossain #7450014 delivered via: In-App + Email
[2026-08-22 20:14:00] [INFO ] [notify] In-App notification stored for Sajid Khan #7450015
[2026-08-22 20:14:00] [INFO ] [notify] Email notification shown in-app for sajid.khan@gmail.com
[2026-08-22 20:14:00] [INFO ] [notify] Sajid Khan #7450015 delivered via: In-App + Email
[2026-08-22 20:14:00] [INFO ] [notify] In-App notification stored for Tanvir Ahmed #7450016
[2026-08-22 20:14:00] [INFO ] [notify] Email notification shown in-app for tanvir.ahmed@gmail.com
[2026-08-22 20:14:00] [INFO ] [notify] Tanvir Ahmed #7450016 delivered via: In-App + Email
[2026-08-22 20:14:00] [INFO ] [notify] In-App notification stored for Riad Hasan #7450017
[2026-08-22 20:14:00] [INFO ] [notify] Email notification shown in-app for riad.hasan@gmail.com
[2026-08-22 20:14:00] [INFO ] [notify] Riad Hasan #7450017 delivered via: In-App + Email
[2026-08-22 20:14:00] [INFO ] [notify] In-App notification stored for Mahin Islam #7450018
[2026-08-22 20:14:00] [INFO ] [notify] Email notification shown in-app for mahin.islam@gmail.com
[2026-08-22 20:14:00] [INFO ] [notify] Mahin Islam #7450018 delivered via: In-App + Email
[2026-08-22 20:14:00] [INFO ] [notify] In-App notification stored for Iftekhar Rahman #7450019
[2026-08-22 20:14:00] [INFO ] [notify] Email notification shown in-app for iftekhar.rahman@gmail.com
[2026-08-22 20:14:00] [INFO ] [notify] Iftekhar Rahman #7450019 delivered via: In-App + Email
[2026-08-22 20:14:00] [INFO ] [notify] In-App notification stored for Anik Sarkar #7450020
[2026-08-22 20:14:00] [INFO ] [notify] Email notification shown in-app for anik.sarkar@gmail.com
[2026-08-22 20:14:00] [INFO ] [notify] Anik Sarkar #7450020 delivered via: In-App + Email
[2026-08-22 20:14:00] [INFO ] [notify] In-App notification stored for Shihab Uddin #7450021
[2026-08-22 20:14:00] [INFO ] [notify] Email notification shown in-app for shihab.uddin@gmail.com
[2026-08-22 20:14:00] [INFO ] [notify] Shihab Uddin #7450021 delivered via: In-App + Email
[2026-08-22 20:14:00] [INFO ] [notify] In-App notification stored for Foysal Mia #7450022
[2026-08-22 20:14:00] [INFO ] [notify] Email notification shown in-app for foysal.mia@gmail.com
[2026-08-22 20:14:00] [INFO ] [notify] Foysal Mia #7450022 delivered via: In-App + Email
[2026-08-22 20:14:00] [INFO ] [notify] In-App notification stored for Ashik Hassan #7450023
[2026-08-22 20:14:00] [INFO ] [notify] Email notification shown in-app for ashik.hassan@gmail.com
[2026-08-22 20:14:00] [INFO ] [notify] Ashik Hassan #7450023 delivered via: In-App + Email
[2026-08-22 20:14:00] [INFO ] [notify] In-App notification stored for Rony Islam #7450024
[2026-08-22 20:14:00] [INFO ] [notify] Email notification shown in-app for rony.islam@gmail.com
[2026-08-22 20:14:00] [INFO ] [notify] Rony Islam #7450024 delivered via: In-App + Email
[2026-08-22 20:14:00] [INFO ] [notify] In-App notification stored for Jubayer Ahmed #7450025
[2026-08-22 20:14:00] [INFO ] [notify] Email notification shown in-app for jubayer.ahmed@gmail.com
[2026-08-22 20:14:00] [INFO ] [notify] Jubayer Ahmed #7450025 delivered via: In-App + Email
[2026-08-22 20:14:00] [INFO ] [notify] In-App notification stored for Sabbir Rahman #7450026
[2026-08-22 20:14:00] [INFO ] [notify] Email notification shown in-app for sabbir.rahman@gmail.com
[2026-08-22 20:14:00] [INFO ] [notify] Sabbir Rahman #7450026 delivered via: In-App + Email
[2026-08-22 20:14:00] [INFO ] [notify] In-App notification stored for Rasel Hossain #7450027
[2026-08-22 20:14:00] [INFO ] [notify] Email notification shown in-app for rasel.h2@gmail.com
[2026-08-22 20:14:00] [INFO ] [notify] Rasel Hossain #7450027 delivered via: In-App + Email
[2026-08-22 20:14:00] [INFO ] [notify] In-App notification stored for Arafat Islam #7450028
[2026-08-22 20:14:00] [INFO ] [notify] Email notification shown in-app for arafat.islam@gmail.com
[2026-08-22 20:14:00] [INFO ] [notify] Arafat Islam #7450028 delivered via: In-App + Email
[2026-08-22 20:14:00] [INFO ] [notify] In-App notification stored for Sohan Khan #7450029
[2026-08-22 20:14:00] [INFO ] [notify] Email notification shown in-app for sohan.khan@gmail.com
[2026-08-22 20:14:00] [INFO ] [notify] Sohan Khan #7450029 delivered via: In-App + Email
[2026-08-22 20:14:00] [INFO ] [notify] In-App notification stored for Minhaz Rahman #7450030
[2026-08-22 20:14:00] [INFO ] [notify] Email notification shown in-app for minhaz.rahman@gmail.com
[2026-08-22 20:14:00] [INFO ] [notify] Minhaz Rahman #7450030 delivered via: In-App + Email
[2026-08-22 20:14:00] [INFO ] [notify] In-App notification stored for Riyad Hasan #7450031
[2026-08-22 20:14:00] [INFO ] [notify] Email notification shown in-app for riyad.hasan@gmail.com
[2026-08-22 20:14:00] [INFO ] [notify] Riyad Hasan #7450031 delivered via: In-App + Email
[2026-08-22 20:14:00] [INFO ] [notify] In-App notification stored for Fahad Islam #7450032
[2026-08-22 20:14:00] [INFO ] [notify] Email notification shown in-app for fahad.islam@gmail.com
[2026-08-22 20:14:00] [INFO ] [notify] Fahad Islam #7450032 delivered via: In-App + Email
[2026-08-22 20:14:00] [INFO ] [notify] In-App notification stored for Sakib Ahmed #7450033
[2026-08-22 20:14:00] [INFO ] [notify] Email notification shown in-app for sakib.ahmed@gmail.com
[2026-08-22 20:14:00] [INFO ] [notify] Sakib Ahmed #7450033 delivered via: In-App + Email
[2026-08-22 20:14:00] [INFO ] [notify] In-App notification stored for Imtiaz Hossain #7450034
[2026-08-22 20:14:00] [INFO ] [notify] Email notification shown in-app for imtiaz.hossain@gmail.com
[2026-08-22 20:14:00] [INFO ] [notify] Imtiaz Hossain #7450034 delivered via: In-App + Email
[2026-08-22 20:14:00] [INFO ] [notify] In-App notification stored for Shanto Islam #7450035
[2026-08-22 20:14:00] [INFO ] [notify] Email notification shown in-app for shanto.islam@gmail.com
[2026-08-22 20:14:00] [INFO ] [notify] Shanto Islam #7450035 delivered via: In-App + Email
[2026-08-22 20:14:00] [INFO ] [notify] In-App notification stored for Noman Khan #7450036
[2026-08-22 20:14:00] [INFO ] [notify] Email notification shown in-app for noman.khan@gmail.com
[2026-08-22 20:14:00] [INFO ] [notify] Noman Khan #7450036 delivered via: In-App + Email
[2026-08-22 20:14:00] [INFO ] [notify] In-App notification stored for Ashraf Uddin #7450037
[2026-08-22 20:14:00] [INFO ] [notify] Email notification shown in-app for ashraf.uddin@gmail.com
[2026-08-22 20:14:00] [INFO ] [notify] Ashraf Uddin #7450037 delivered via: In-App + Email
[2026-08-22 20:14:00] [INFO ] [notify] In-App notification stored for Tuhin Mia #7450038
[2026-08-22 20:14:00] [INFO ] [notify] Email notification shown in-app for tuhin.mia@gmail.com
[2026-08-22 20:14:00] [INFO ] [notify] Tuhin Mia #7450038 delivered via: In-App + Email
[2026-08-22 20:14:00] [INFO ] [notify] In-App notification stored for Parvez Hasan #7450039
[2026-08-22 20:14:00] [INFO ] [notify] Email notification shown in-app for parvez.hasan@gmail.com
[2026-08-22 20:14:00] [INFO ] [notify] Parvez Hasan #7450039 delivered via: In-App + Email
[2026-08-22 20:14:00] [INFO ] [notify] In-App notification stored for Mahfuz Rahman #7450040
[2026-08-22 20:14:00] [INFO ] [notify] Email notification shown in-app for mahfuz.rahman@gmail.com
[2026-08-22 20:14:00] [INFO ] [notify] Mahfuz Rahman #7450040 delivered via: In-App + Email
[2026-08-22 20:14:00] [INFO ] [notify] In-App notification stored for Raihan Islam #7450041
[2026-08-22 20:14:00] [INFO ] [notify] Email notification shown in-app for raihan.islam@gmail.com
[2026-08-22 20:14:00] [INFO ] [notify] Raihan Islam #7450041 delivered via: In-App + Email
[2026-08-22 20:14:00] [INFO ] [notify] In-App notification stored for Shamim Ahmed #7450042
[2026-08-22 20:14:00] [INFO ] [notify] Email notification shown in-app for shamim.ahmed@gmail.com
[2026-08-22 20:14:00] [INFO ] [notify] Shamim Ahmed #7450042 delivered via: In-App + Email
[2026-08-22 20:14:00] [INFO ] [notify] In-App notification stored for Emon Hossain #7450043
[2026-08-22 20:14:00] [INFO ] [notify] Email notification shown in-app for emon.hossain@gmail.com
[2026-08-22 20:14:00] [INFO ] [notify] Emon Hossain #7450043 delivered via: In-App + Email
[2026-08-22 20:14:00] [INFO ] [notify] In-App notification stored for Jahid Islam #7450044
[2026-08-22 20:14:00] [INFO ] [notify] Email notification shown in-app for jahid.islam@gmail.com
[2026-08-22 20:14:00] [INFO ] [notify] Jahid Islam #7450044 delivered via: In-App + Email
[2026-08-22 20:14:00] [INFO ] [notify] In-App notification stored for Rifat Khan #7450045
[2026-08-22 20:14:00] [INFO ] [notify] Email notification shown in-app for rifat.khan@gmail.com
[2026-08-22 20:14:00] [INFO ] [notify] Rifat Khan #7450045 delivered via: In-App + Email
[2026-08-22 20:14:00] [INFO ] [notify] In-App notification stored for Masud Rahman #7450046
[2026-08-22 20:14:00] [INFO ] [notify] Email notification shown in-app for masud.rahman@gmail.com
[2026-08-22 20:14:00] [INFO ] [notify] Masud Rahman #7450046 delivered via: In-App + Email
[2026-08-22 20:14:00] [INFO ] [notify] In-App notification stored for Bashir Uddin #7450047
[2026-08-22 20:14:00] [INFO ] [notify] Email notification shown in-app for bashir.uddin@gmail.com
[2026-08-22 20:14:00] [INFO ] [notify] Bashir Uddin #7450047 delivered via: In-App + Email
[2026-08-22 20:14:00] [INFO ] [notify] In-App notification stored for Shafi Islam #7450048
[2026-08-22 20:14:00] [INFO ] [notify] Email notification shown in-app for shafi.islam@gmail.com
[2026-08-22 20:14:00] [INFO ] [notify] Shafi Islam #7450048 delivered via: In-App + Email
[2026-08-22 20:14:00] [INFO ] [notify] In-App notification stored for Tareq Hasan #7450049
[2026-08-22 20:14:00] [INFO ] [notify] Email notification shown in-app for tareq.hasan@gmail.com
[2026-08-22 20:14:00] [INFO ] [notify] Tareq Hasan #7450049 delivered via: In-App + Email
[2026-08-22 20:14:00] [INFO ] [notify] In-App notification stored for Rashed Khan #7450050
[2026-08-22 20:14:00] [INFO ] [notify] Email notification shown in-app for rashed.khan@gmail.com
[2026-08-22 20:14:00] [INFO ] [notify] Rashed Khan #7450050 delivered via: In-App + Email
[2026-08-22 20:14:00] [INFO ] [notify] In-App notification stored for Naim Islam #7450051
[2026-08-22 20:14:00] [INFO ] [notify] Email notification shown in-app for naim.islam@gmail.com
[2026-08-22 20:14:00] [INFO ] [notify] Naim Islam #7450051 delivered via: In-App + Email
[2026-08-22 20:14:00] [INFO ] [notify] In-App notification stored for Firoz Ahmed #7450052
[2026-08-22 20:14:00] [INFO ] [notify] Email notification shown in-app for firoz.ahmed@gmail.com
[2026-08-22 20:14:00] [INFO ] [notify] Firoz Ahmed #7450052 delivered via: In-App + Email
[2026-08-22 20:14:00] [INFO ] [notify] In-App notification stored for Iqbal Hossain #7450053
[2026-08-22 20:14:00] [INFO ] [notify] Email notification shown in-app for iqbal.hossain@gmail.com
[2026-08-22 20:14:00] [INFO ] [notify] Iqbal Hossain #7450053 delivered via: In-App + Email
[2026-08-22 20:14:00] [INFO ] [notify] In-App notification stored for Nazmul Islam #7450054
[2026-08-22 20:14:00] [INFO ] [notify] Email notification shown in-app for nazmul.islam@gmail.com
[2026-08-22 20:14:00] [INFO ] [notify] Nazmul Islam #7450054 delivered via: In-App + Email
[2026-08-22 20:14:00] [INFO ] [notify] In-App notification stored for Kawsar Khan #7450055
[2026-08-22 20:14:00] [INFO ] [notify] Email notification shown in-app for kawsar.khan@gmail.com
[2026-08-22 20:14:00] [INFO ] [notify] Kawsar Khan #7450055 delivered via: In-App + Email
[2026-08-22 20:14:00] [INFO ] [notify] In-App notification stored for Sujon Mia #7450056
[2026-08-22 20:14:00] [INFO ] [notify] Email notification shown in-app for sujon.mia@gmail.com
[2026-08-22 20:14:00] [INFO ] [notify] Sujon Mia #7450056 delivered via: In-App + Email
[2026-08-22 20:14:00] [INFO ] [notify] In-App notification stored for Habib Rahman #7450057
[2026-08-22 20:14:00] [INFO ] [notify] Email notification shown in-app for habib.rahman@gmail.com
[2026-08-22 20:14:00] [INFO ] [notify] Habib Rahman #7450057 delivered via: In-App + Email
[2026-08-22 20:14:00] [INFO ] [notify] In-App notification stored for Alif Hasan #7450058
[2026-08-22 20:14:00] [INFO ] [notify] Email notification shown in-app for alif.hasan@gmail.com
[2026-08-22 20:14:00] [INFO ] [notify] Alif Hasan #7450058 delivered via: In-App + Email
[2026-08-22 20:14:00] [INFO ] [notify] In-App notification stored for Rokon Uddin #7450059
[2026-08-22 20:14:00] [INFO ] [notify] Email notification shown in-app for rokon.uddin@gmail.com
[2026-08-22 20:14:00] [INFO ] [notify] Rokon Uddin #7450059 delivered via: In-App + Email
[2026-08-22 20:14:00] [INFO ] [notify] In-App notification stored for Jony Islam #7450060
[2026-08-22 20:14:00] [INFO ] [notify] Email notification shown in-app for jony.islam@gmail.com
[2026-08-22 20:14:00] [INFO ] [notify] Jony Islam #7450060 delivered via: In-App + Email
[2026-08-22 20:14:00] [INFO ] [notify] In-App notification stored for Sazzad Khan #7450061
[2026-08-22 20:14:00] [INFO ] [notify] Email notification shown in-app for sazzad.khan@gmail.com
[2026-08-22 20:14:00] [INFO ] [notify] Sazzad Khan #7450061 delivered via: In-App + Email
[2026-08-22 20:14:00] [INFO ] [notify] In-App notification stored for Shawon Ahmed #7450062
[2026-08-22 20:14:00] [INFO ] [notify] Email notification shown in-app for shawon.ahmed@gmail.com
[2026-08-22 20:14:00] [INFO ] [notify] Shawon Ahmed #7450062 delivered via: In-App + Email
[2026-08-22 20:14:00] [INFO ] [notify] In-App notification stored for Mahdi Islam #7450063
[2026-08-22 20:14:00] [INFO ] [notify] Email notification shown in-app for mahdi.islam@gmail.com
[2026-08-22 20:14:00] [INFO ] [notify] Mahdi Islam #7450063 delivered via: In-App + Email
[2026-08-22 20:14:00] [INFO ] [notify] In-App notification stored for Zakir Hossain #7450064
[2026-08-22 20:14:00] [INFO ] [notify] Email notification shown in-app for zakir.hossain@gmail.com
[2026-08-22 20:14:00] [INFO ] [notify] Zakir Hossain #7450064 delivered via: In-App + Email
[2026-08-22 20:14:00] [INFO ] [notify] In-App notification stored for Sami Rahman #7450065
[2026-08-22 20:14:00] [INFO ] [notify] Email notification shown in-app for sami.rahman@gmail.com
[2026-08-22 20:14:00] [INFO ] [notify] Sami Rahman #7450065 delivered via: In-App + Email
[2026-08-22 20:14:00] [INFO ] [notify] In-App notification stored for Tanim Islam #7450066
[2026-08-22 20:14:00] [INFO ] [notify] Email notification shown in-app for tanim.islam@gmail.com
[2026-08-22 20:14:00] [INFO ] [notify] Tanim Islam #7450066 delivered via: In-App + Email
[2026-08-22 20:14:00] [INFO ] [notify] In-App notification stored for Ishrat Jahan #7569211
[2026-08-22 20:14:00] [INFO ] [notify] Email notification shown in-app for ishrat.jahan@yahoo.com
[2026-08-22 20:14:00] [INFO ] [notify] Ishrat Jahan #7569211 delivered via: In-App + Email
[2026-08-22 20:14:00] [INFO ] [notify] In-App notification stored for Amina Khatun #7600001
[2026-08-22 20:14:00] [INFO ] [notify] Email notification shown in-app for amina.khatun@gmail.com
[2026-08-22 20:14:00] [INFO ] [notify] Amina Khatun #7600001 delivered via: In-App + Email
[2026-08-22 20:14:00] [INFO ] [notify] In-App notification stored for Rohan Ahmed #7600002
[2026-08-22 20:14:00] [INFO ] [notify] Email notification shown in-app for rohan.ahmed@gmail.com
[2026-08-22 20:14:00] [INFO ] [notify] Rohan Ahmed #7600002 delivered via: In-App + Email
[2026-08-22 20:14:00] [INFO ] [notify] In-App notification stored for Sadia Islam #7600003
[2026-08-22 20:14:00] [INFO ] [notify] Email notification shown in-app for sadia.islam@gmail.com
[2026-08-22 20:14:00] [INFO ] [notify] Sadia Islam #7600003 delivered via: In-App + Email
[2026-08-22 20:14:00] [INFO ] [notify] In-App notification stored for Imran Hossain #7600004
[2026-08-22 20:14:00] [INFO ] [notify] Email notification shown in-app for imran.hossain@gmail.com
[2026-08-22 20:14:00] [INFO ] [notify] Imran Hossain #7600004 delivered via: In-App + Email
[2026-08-22 20:14:00] [INFO ] [notify] In-App notification stored for Nabila Khan #7600005
[2026-08-22 20:14:00] [INFO ] [notify] Email notification shown in-app for nabila.khan@gmail.com
[2026-08-22 20:14:00] [INFO ] [notify] Nabila Khan #7600005 delivered via: In-App + Email
[2026-08-22 20:14:00] [INFO ] [notify] In-App notification stored for Saif Uddin #7600006
[2026-08-22 20:14:00] [INFO ] [notify] Email notification shown in-app for saif.uddin@gmail.com
[2026-08-22 20:14:00] [INFO ] [notify] Saif Uddin #7600006 delivered via: In-App + Email
[2026-08-22 20:14:00] [INFO ] [notify] In-App notification stored for Farhan Miah #7600007
[2026-08-22 20:14:00] [INFO ] [notify] Email notification shown in-app for farhan.miah@gmail.com
[2026-08-22 20:14:00] [INFO ] [notify] Farhan Miah #7600007 delivered via: In-App + Email
[2026-08-22 20:14:00] [INFO ] [notify] In-App notification stored for Lamia Chowdhury #7600008
[2026-08-22 20:14:00] [INFO ] [notify] Email notification shown in-app for lamia.chowdhury@gmail.com
[2026-08-22 20:14:00] [INFO ] [notify] Lamia Chowdhury #7600008 delivered via: In-App + Email
[2026-08-22 20:14:00] [INFO ] [notify] In-App notification stored for Arif Rahman #7600009
[2026-08-22 20:14:00] [INFO ] [notify] Email notification shown in-app for arif.rahman@gmail.com
[2026-08-22 20:14:00] [INFO ] [notify] Arif Rahman #7600009 delivered via: In-App + Email
[2026-08-22 20:14:00] [INFO ] [notify] In-App notification stored for Tania Sultana #7600010
[2026-08-22 20:14:00] [INFO ] [notify] Email notification shown in-app for tania.sultana@gmail.com
[2026-08-22 20:14:00] [INFO ] [notify] Tania Sultana #7600010 delivered via: In-App + Email
[2026-08-22 20:14:00] [INFO ] [notify] In-App notification stored for Mehedi Hasan #7600011
[2026-08-22 20:14:00] [INFO ] [notify] Email notification shown in-app for mehedi.hasan@gmail.com
[2026-08-22 20:14:00] [INFO ] [notify] Mehedi Hasan #7600011 delivered via: In-App + Email
[2026-08-22 20:14:00] [INFO ] [notify] In-App notification stored for Jarin Akter #7600012
[2026-08-22 20:14:00] [INFO ] [notify] Email notification shown in-app for jarin.akter@gmail.com
[2026-08-22 20:14:00] [INFO ] [notify] Jarin Akter #7600012 delivered via: In-App + Email
[2026-08-22 20:14:00] [INFO ] [notify] In-App notification stored for Omar Faruk #7600013
[2026-08-22 20:14:00] [INFO ] [notify] Email notification shown in-app for omar.faruk@gmail.com
[2026-08-22 20:14:00] [INFO ] [notify] Omar Faruk #7600013 delivered via: In-App + Email
[2026-08-22 20:14:00] [INFO ] [notify] In-App notification stored for Maliha Tasnim #7600014
[2026-08-22 20:14:00] [INFO ] [notify] Email notification shown in-app for maliha.tasnim@gmail.com
[2026-08-22 20:14:00] [INFO ] [notify] Maliha Tasnim #7600014 delivered via: In-App + Email
[2026-08-22 20:14:00] [INFO ] [notify] In-App notification stored for Ridwan Khan #7600015
[2026-08-22 20:14:00] [INFO ] [notify] Email notification shown in-app for ridwan.khan@gmail.com
[2026-08-22 20:14:00] [INFO ] [notify] Ridwan Khan #7600015 delivered via: In-App + Email
[2026-08-22 20:14:00] [INFO ] [notify] In-App notification stored for Sakib Alam #7600016
[2026-08-22 20:14:00] [INFO ] [notify] Email notification shown in-app for sakib.alam@gmail.com
[2026-08-22 20:14:00] [INFO ] [notify] Sakib Alam #7600016 delivered via: In-App + Email
[2026-08-22 20:14:00] [INFO ] [notify] In-App notification stored for Nusrat Jahan #7600017
[2026-08-22 20:14:00] [INFO ] [notify] Email notification shown in-app for nusrat.jahan@gmail.com
[2026-08-22 20:14:00] [INFO ] [notify] Nusrat Jahan #7600017 delivered via: In-App + Email
[2026-08-22 20:14:00] [INFO ] [notify] In-App notification stored for Tahmid Ahmed #7600018
[2026-08-22 20:14:00] [INFO ] [notify] Email notification shown in-app for tahmid.ahmed@gmail.com
[2026-08-22 20:14:00] [INFO ] [notify] Tahmid Ahmed #7600018 delivered via: In-App + Email
[2026-08-22 20:14:00] [INFO ] [notify] In-App notification stored for Mim Akter #7600019
[2026-08-22 20:14:00] [INFO ] [notify] Email notification shown in-app for mim.akter@gmail.com
[2026-08-22 20:14:00] [INFO ] [notify] Mim Akter #7600019 delivered via: In-App + Email
[2026-08-22 20:14:00] [INFO ] [notify] In-App notification stored for Zayed Hossain #7600020
[2026-08-22 20:14:00] [INFO ] [notify] Email notification shown in-app for zayed.hossain@gmail.com
[2026-08-22 20:14:00] [INFO ] [notify] Zayed Hossain #7600020 delivered via: In-App + Email
[2026-08-22 20:14:00] [INFO ] [notify] In-App notification stored for Afsana Miah #7600021
[2026-08-22 20:14:00] [INFO ] [notify] Email notification shown in-app for afsana.miah@gmail.com
[2026-08-22 20:14:00] [INFO ] [notify] Afsana Miah #7600021 delivered via: In-App + Email
[2026-08-22 20:14:00] [INFO ] [notify] In-App notification stored for Rayhan Kabir #7600022
[2026-08-22 20:14:00] [INFO ] [notify] Email notification shown in-app for rayhan.kabir@gmail.com
[2026-08-22 20:14:00] [INFO ] [notify] Rayhan Kabir #7600022 delivered via: In-App + Email
[2026-08-22 20:14:00] [INFO ] [notify] In-App notification stored for Shifa Tasnim #7600023
[2026-08-22 20:14:00] [INFO ] [notify] Email notification shown in-app for shifa.tasnim@gmail.com
[2026-08-22 20:14:00] [INFO ] [notify] Shifa Tasnim #7600023 delivered via: In-App + Email
[2026-08-22 20:14:00] [INFO ] [notify] In-App notification stored for Abrar Rahman #7600024
[2026-08-22 20:14:00] [INFO ] [notify] Email notification shown in-app for abrar.rahman@gmail.com
[2026-08-22 20:14:00] [INFO ] [notify] Abrar Rahman #7600024 delivered via: In-App + Email
[2026-08-22 20:14:00] [INFO ] [notify] In-App notification stored for Sohana Islam #7600025
[2026-08-22 20:14:00] [INFO ] [notify] Email notification shown in-app for sohana.islam@gmail.com
[2026-08-22 20:14:00] [INFO ] [notify] Sohana Islam #7600025 delivered via: In-App + Email
[2026-08-22 20:14:00] [INFO ] [notify] In-App notification stored for Ehsan Khan #7600026
[2026-08-22 20:14:00] [INFO ] [notify] Email notification shown in-app for ehsan.khan@gmail.com
[2026-08-22 20:14:00] [INFO ] [notify] Ehsan Khan #7600026 delivered via: In-App + Email
[2026-08-22 20:14:00] [INFO ] [notify] In-App notification stored for Raisa Khatun #7600027
[2026-08-22 20:14:00] [INFO ] [notify] Email notification shown in-app for raisa.khatun@gmail.com
[2026-08-22 20:14:00] [INFO ] [notify] Raisa Khatun #7600027 delivered via: In-App + Email
[2026-08-22 20:14:00] [INFO ] [notify] In-App notification stored for Mahin Ahmed #7600028
[2026-08-22 20:14:00] [INFO ] [notify] Email notification shown in-app for mahin.ahmed@gmail.com
[2026-08-22 20:14:00] [INFO ] [notify] Mahin Ahmed #7600028 delivered via: In-App + Email
[2026-08-22 20:14:00] [INFO ] [notify] In-App notification stored for Liza Akter #7600029
[2026-08-22 20:14:00] [INFO ] [notify] Email notification shown in-app for liza.akter@gmail.com
[2026-08-22 20:14:00] [INFO ] [notify] Liza Akter #7600029 delivered via: In-App + Email
[2026-08-22 20:14:00] [INFO ] [notify] In-App notification stored for Jawad Hasan #7600030
[2026-08-22 20:14:00] [INFO ] [notify] Email notification shown in-app for jawad.hasan@gmail.com
[2026-08-22 20:14:00] [INFO ] [notify] Jawad Hasan #7600030 delivered via: In-App + Email
[2026-08-22 20:14:00] [INFO ] [notify] In-App notification stored for Nayla Jahan #7600031
[2026-08-22 20:14:00] [INFO ] [notify] Email notification shown in-app for nayla.jahan@gmail.com
[2026-08-22 20:14:00] [INFO ] [notify] Nayla Jahan #7600031 delivered via: In-App + Email
[2026-08-22 20:14:00] [INFO ] [notify] In-App notification stored for Ratul Islam #7600032
[2026-08-22 20:14:00] [INFO ] [notify] Email notification shown in-app for ratul.islam@gmail.com
[2026-08-22 20:14:00] [INFO ] [notify] Ratul Islam #7600032 delivered via: In-App + Email
[2026-08-22 20:14:00] [INFO ] [notify] In-App notification stored for Iffat Sultana #7600033
[2026-08-22 20:14:00] [INFO ] [notify] Email notification shown in-app for iffat.sultana@gmail.com
[2026-08-22 20:14:00] [INFO ] [notify] Iffat Sultana #7600033 delivered via: In-App + Email
[2026-08-22 20:14:00] [INFO ] [notify] In-App notification stored for Siam Khan #7600034
[2026-08-22 20:14:00] [INFO ] [notify] Email notification shown in-app for siam.khan@gmail.com
[2026-08-22 20:14:00] [INFO ] [notify] Siam Khan #7600034 delivered via: In-App + Email
[2026-08-22 20:14:00] [INFO ] [notify] In-App notification stored for Ayan Faruk #7600036
[2026-08-22 20:14:00] [INFO ] [notify] Email notification shown in-app for ayan.faruk@gmail.com
[2026-08-22 20:14:00] [INFO ] [notify] Ayan Faruk #7600036 delivered via: In-App + Email
[2026-08-22 20:14:00] [INFO ] [notify] In-App notification stored for Nafisa Khatun #7600037
[2026-08-22 20:14:00] [INFO ] [notify] Email notification shown in-app for nafisa.khatun@gmail.com
[2026-08-22 20:14:00] [INFO ] [notify] Nafisa Khatun #7600037 delivered via: In-App + Email
[2026-08-22 20:14:00] [INFO ] [notify] In-App notification stored for Labib Ahmed #7600038
[2026-08-22 20:14:00] [INFO ] [notify] Email notification shown in-app for labib.ahmed@gmail.com
[2026-08-22 20:14:00] [INFO ] [notify] Labib Ahmed #7600038 delivered via: In-App + Email
[2026-08-22 20:14:00] [INFO ] [notify] In-App notification stored for Zara Khan #7600039
[2026-08-22 20:14:00] [INFO ] [notify] Email notification shown in-app for zara.khan@gmail.com
[2026-08-22 20:14:00] [INFO ] [notify] Zara Khan #7600039 delivered via: In-App + Email
[2026-08-22 20:14:00] [INFO ] [notify] In-App notification stored for Fahad Rahman #7600040
[2026-08-22 20:14:00] [INFO ] [notify] Email notification shown in-app for fahad.rahman@gmail.com
[2026-08-22 20:14:00] [INFO ] [notify] Fahad Rahman #7600040 delivered via: In-App + Email
[2026-08-22 20:14:00] [INFO ] [notify] In-App notification stored for Shila Akter #7634891
[2026-08-22 20:14:00] [INFO ] [notify] Email notification shown in-app for shila.akter@yahoo.com
[2026-08-22 20:14:00] [INFO ] [notify] Shila Akter #7634891 delivered via: In-App + Email
[2026-08-22 20:14:00] [INFO ] [notify] In-App notification stored for Sadia Ferdous #7644433
[2026-08-22 20:14:00] [INFO ] [notify] Email notification shown in-app for sadia.ferdous@yahoo.com
[2026-08-22 20:14:00] [INFO ] [notify] Sadia Ferdous #7644433 delivered via: In-App + Email
[2026-08-22 20:14:00] [INFO ] [notify] In-App notification stored for Sumaiya Khatun #7648201
[2026-08-22 20:14:00] [INFO ] [notify] Email notification shown in-app for sumaiya.khatun@gmail.com
[2026-08-22 20:14:00] [INFO ] [notify] Sumaiya Khatun #7648201 delivered via: In-App + Email
[2026-08-22 20:14:00] [INFO ] [notify] In-App notification stored for Niloy Karim #7732091
[2026-08-22 20:14:00] [INFO ] [notify] Email notification shown in-app for niloy.karim@yahoo.com
[2026-08-22 20:14:00] [INFO ] [notify] Niloy Karim #7732091 delivered via: In-App + Email
[2026-08-22 20:14:00] [INFO ] [notify] In-App notification stored for Sohana Sultana #7812393
[2026-08-22 20:14:00] [INFO ] [notify] Email notification shown in-app for sohana.sultana@yahoo.com
[2026-08-22 20:14:00] [INFO ] [notify] Sohana Sultana #7812393 delivered via: In-App + Email
[2026-08-22 20:14:00] [INFO ] [notify] In-App notification stored for Rasel Ahmed #7829891
[2026-08-22 20:14:00] [INFO ] [notify] Email notification shown in-app for rasel.ahmed@gmail.com
[2026-08-22 20:14:00] [INFO ] [notify] Rasel Ahmed #7829891 delivered via: In-App + Email
[2026-08-22 20:14:00] [INFO ] [notify] In-App notification stored for Mamun Chowdhury #7845990
[2026-08-22 20:14:00] [INFO ] [notify] Email notification shown in-app for mamun.chowdhury@gmail.com
[2026-08-22 20:14:00] [INFO ] [notify] Mamun Chowdhury #7845990 delivered via: In-App + Email
[2026-08-22 20:14:00] [INFO ] [notify] In-App notification stored for Farzana Yasmin #7882345
[2026-08-22 20:14:00] [INFO ] [notify] Email notification shown in-app for farzana.yasmin@gmail.com
[2026-08-22 20:14:00] [INFO ] [notify] Farzana Yasmin #7882345 delivered via: In-App + Email
[2026-08-22 20:14:00] [INFO ] [notify] In-App notification stored for Sharmin Akhter #7932441
[2026-08-22 20:14:00] [INFO ] [notify] Email notification shown in-app for sharmin.akhter@yahoo.com
[2026-08-22 20:14:00] [INFO ] [notify] Sharmin Akhter #7932441 delivered via: In-App + Email
[2026-08-22 20:14:00] [INFO ] [notify] In-App notification stored for Arif Mahmud #7940012
[2026-08-22 20:14:00] [INFO ] [notify] Email notification shown in-app for arif.mahmud@gmail.com
[2026-08-22 20:14:00] [INFO ] [notify] Arif Mahmud #7940012 delivered via: In-App + Email
[2026-08-22 20:14:00] [INFO ] [notify] In-App notification stored for Rafi Islam #7993544
[2026-08-22 20:14:00] [INFO ] [notify] Email notification shown in-app for rafi.islam@gmail.com
[2026-08-22 20:14:00] [INFO ] [notify] Rafi Islam #7993544 delivered via: In-App + Email
[2026-08-22 20:14:00] [INFO ] [notify] In-App notification stored for Hasan Khan #8124593
[2026-08-22 20:14:00] [INFO ] [notify] Email notification shown in-app for hasan.khan@gmail.com
[2026-08-22 20:14:00] [INFO ] [notify] Hasan Khan #8124593 delivered via: In-App + Email
[2026-08-22 20:14:00] [INFO ] [notify] In-App notification stored for Nausicaaa Rren #9500105
[2026-08-22 20:14:00] [INFO ] [notify] Email notification shown in-app for rn@gmail.com
[2026-08-22 20:14:00] [INFO ] [notify] Nausicaaa Rren #9500105 delivered via: In-App + Email
[2026-08-22 20:14:00] [INFO ] [notify] In-App notification stored for Ahnaf Nehal #10000000
[2026-08-22 20:14:00] [INFO ] [notify] Email notification shown in-app for orpatasnimejannat@gmail.com
[2026-08-22 20:14:00] [INFO ] [notify] Ahnaf Nehal #10000000 delivered via: In-App + Email
[2026-08-22 20:14:00] [INFO ] [notify] In-App notification stored for Mumtahina Naomi #10000002
[2026-08-22 20:14:00] [INFO ] [notify] Email notification shown in-app for naomi@gmail.com
[2026-08-22 20:14:00] [INFO ] [notify] Mumtahina Naomi #10000002 delivered via: In-App + Email
[2026-08-22 20:32:29] [INFO ] Checkout for customer 10000010: Premium strategy (5%), 3 item(s)
[2026-08-22 20:33:53] [INFO ] [package] "Testing" added to the cart of customer 10000009 - 4 product(s), 4 unit(s)
[2026-08-22 20:34:27] [INFO ] Checkout for customer 10000009: Premium strategy (5%), 4 item(s)
[2026-08-22 20:35:24] [INFO ] DiscountService: 141 member observer(s) subscribed to the discount subject
[2026-08-22 20:35:24] [INFO ] DiscountSubject: notifying 142 observer(s) about "10% off Masoor Dal"
[2026-08-22 20:35:24] [INFO ] [discount] Farmer Abdul Karim has discounted Masoor Dal by 10%. The price is now BDT 126.00 instead of BDT 140.00.
[2026-08-22 20:35:24] [INFO ] [notify] In-App notification stored for Ahsan Kabir #7029344
[2026-08-22 20:35:24] [INFO ] [notify] SMS notification shown in-app for 01722334455
[2026-08-22 20:35:24] [INFO ] [notify] Push notification shown in-app for Ahsan Kabir
[2026-08-22 20:35:24] [INFO ] [notify] Ahsan Kabir #7029344 delivered via: In-App + SMS + Push
[2026-08-22 20:35:24] [INFO ] [notify] In-App notification stored for Nusrat Jahan #7065411
[2026-08-22 20:35:24] [INFO ] [notify] Email notification shown in-app for nusrat.jahan@yahoo.com
[2026-08-22 20:35:24] [INFO ] [notify] Nusrat Jahan #7065411 delivered via: In-App + Email
[2026-08-22 20:35:24] [INFO ] [notify] In-App notification stored for Sultana Begum #7123988
[2026-08-22 20:35:24] [INFO ] [notify] Email notification shown in-app for sultana.begum@yahoo.com
[2026-08-22 20:35:24] [INFO ] [notify] Sultana Begum #7123988 delivered via: In-App + Email
[2026-08-22 20:35:24] [INFO ] [notify] In-App notification stored for Mitu Begum #7159033
[2026-08-22 20:35:24] [INFO ] [notify] Email notification shown in-app for mitu.begum@yahoo.com
[2026-08-22 20:35:24] [INFO ] [notify] Mitu Begum #7159033 delivered via: In-App + Email
[2026-08-22 20:35:24] [INFO ] [notify] In-App notification stored for Rakin Hasib #7165321
[2026-08-22 20:35:24] [INFO ] [notify] Email notification shown in-app for rakin.hasib@gmail.com
[2026-08-22 20:35:24] [INFO ] [notify] Rakin Hasib #7165321 delivered via: In-App + Email
[2026-08-22 20:35:24] [INFO ] [notify] In-App notification stored for Mariya Sultana #7183440
[2026-08-22 20:35:24] [INFO ] [notify] Email notification shown in-app for mariya.sultana@gmail.com
[2026-08-22 20:35:24] [INFO ] [notify] Mariya Sultana #7183440 delivered via: In-App + Email
[2026-08-22 20:35:24] [INFO ] [notify] In-App notification stored for Tania Sultana #7203401
[2026-08-22 20:35:24] [INFO ] [notify] Email notification shown in-app for tania.sultana@gmail.com
[2026-08-22 20:35:24] [INFO ] [notify] Tania Sultana #7203401 delivered via: In-App + Email
[2026-08-22 20:35:24] [INFO ] [notify] In-App notification stored for Sabrina Chowdhury #7219033
[2026-08-22 20:35:24] [INFO ] [notify] Email notification shown in-app for sabrina.chy@gmail.com
[2026-08-22 20:35:24] [INFO ] [notify] Sabrina Chowdhury #7219033 delivered via: In-App + Email
[2026-08-22 20:35:24] [INFO ] [notify] In-App notification stored for Nahid Hasan #7250934
[2026-08-22 20:35:24] [INFO ] [notify] Email notification shown in-app for nahid.hasan@yahoo.com
[2026-08-22 20:35:24] [INFO ] [notify] Nahid Hasan #7250934 delivered via: In-App + Email
[2026-08-22 20:35:24] [INFO ] [notify] In-App notification stored for Sakib Ahmed #7283590
[2026-08-22 20:35:24] [INFO ] [notify] Email notification shown in-app for sakib.ahmed@gmail.com
[2026-08-22 20:35:24] [INFO ] [notify] Sakib Ahmed #7283590 delivered via: In-App + Email
[2026-08-22 20:35:24] [INFO ] [notify] In-App notification stored for Mou Akter #7331220
[2026-08-22 20:35:24] [INFO ] [notify] Email notification shown in-app for mou.akter@yahoo.com
[2026-08-22 20:35:24] [INFO ] [notify] Mou Akter #7331220 delivered via: In-App + Email
[2026-08-22 20:35:24] [INFO ] [notify] In-App notification stored for Rumana Akter #7338912
[2026-08-22 20:35:24] [INFO ] [notify] Email notification shown in-app for rumana.akter@gmail.com
[2026-08-22 20:35:24] [INFO ] [notify] Rumana Akter #7338912 delivered via: In-App + Email
[2026-08-22 20:35:24] [INFO ] [notify] In-App notification stored for Saif Rahman #7412891
[2026-08-22 20:35:24] [INFO ] [notify] Email notification shown in-app for saif.rahman@gmail.com
[2026-08-22 20:35:24] [INFO ] [notify] Saif Rahman #7412891 delivered via: In-App + Email
[2026-08-22 20:35:24] [INFO ] [notify] In-App notification stored for Lamia Khan #7419083
[2026-08-22 20:35:24] [INFO ] [notify] Email notification shown in-app for lamia.khan@gmail.com
[2026-08-22 20:35:24] [INFO ] [notify] Lamia Khan #7419083 delivered via: In-App + Email
[2026-08-22 20:35:24] [INFO ] [notify] In-App notification stored for Tamanna Akter #7429834
[2026-08-22 20:35:24] [INFO ] [notify] Email notification shown in-app for tamanna.akter@gmail.com
[2026-08-22 20:35:24] [INFO ] [notify] Tamanna Akter #7429834 delivered via: In-App + Email
[2026-08-22 20:35:24] [INFO ] [notify] In-App notification stored for Jannat Khanam #7440193
[2026-08-22 20:35:24] [INFO ] [notify] Email notification shown in-app for jannat.khanam@gmail.com
[2026-08-22 20:35:24] [INFO ] [notify] Jannat Khanam #7440193 delivered via: In-App + Email
[2026-08-22 20:35:24] [INFO ] [notify] In-App notification stored for Arif Hossain #7450001
[2026-08-22 20:35:24] [INFO ] [notify] Email notification shown in-app for arif.hossain@gmail.com
[2026-08-22 20:35:24] [INFO ] [notify] Arif Hossain #7450001 delivered via: In-App + Email
[2026-08-22 20:35:24] [INFO ] [notify] In-App notification stored for Rafi Islam #7450002
[2026-08-22 20:35:24] [INFO ] [notify] Email notification shown in-app for rafi.islam@gmail.com
[2026-08-22 20:35:24] [INFO ] [notify] Rafi Islam #7450002 delivered via: In-App + Email
[2026-08-22 20:35:24] [INFO ] [notify] In-App notification stored for Niloy Ahmed #7450003
[2026-08-22 20:35:24] [INFO ] [notify] Email notification shown in-app for niloy.ahmed@gmail.com
[2026-08-22 20:35:24] [INFO ] [notify] Niloy Ahmed #7450003 delivered via: In-App + Email
[2026-08-22 20:35:24] [INFO ] [notify] In-App notification stored for Shawon Khan #7450004
[2026-08-22 20:35:24] [INFO ] [notify] Email notification shown in-app for shawon.khan@gmail.com
[2026-08-22 20:35:24] [INFO ] [notify] Shawon Khan #7450004 delivered via: In-App + Email
[2026-08-22 20:35:24] [INFO ] [notify] In-App notification stored for Tamim Rahman #7450005
[2026-08-22 20:35:24] [INFO ] [notify] Email notification shown in-app for tamim.rahman@gmail.com
[2026-08-22 20:35:24] [INFO ] [notify] Tamim Rahman #7450005 delivered via: In-App + Email
[2026-08-22 20:35:24] [INFO ] [notify] In-App notification stored for Sifat Hasan #7450006
[2026-08-22 20:35:24] [INFO ] [notify] Email notification shown in-app for sifat.hasan@gmail.com
[2026-08-22 20:35:24] [INFO ] [notify] Sifat Hasan #7450006 delivered via: In-App + Email
[2026-08-22 20:35:24] [INFO ] [notify] In-App notification stored for Adib Mahmud #7450007
[2026-08-22 20:35:24] [INFO ] [notify] Email notification shown in-app for adib.mahmud@gmail.com
[2026-08-22 20:35:24] [INFO ] [notify] Adib Mahmud #7450007 delivered via: In-App + Email
[2026-08-22 20:35:24] [INFO ] [notify] In-App notification stored for Fardin Islam #7450008
[2026-08-22 20:35:24] [INFO ] [notify] Email notification shown in-app for fardin.islam@gmail.com
[2026-08-22 20:35:24] [INFO ] [notify] Fardin Islam #7450008 delivered via: In-App + Email
[2026-08-22 20:35:24] [INFO ] [notify] In-App notification stored for Nabil Haque #7450009
[2026-08-22 20:35:24] [INFO ] [notify] Email notification shown in-app for nabil.haque@gmail.com
[2026-08-22 20:35:24] [INFO ] [notify] Nabil Haque #7450009 delivered via: In-App + Email
[2026-08-22 20:35:24] [INFO ] [notify] In-App notification stored for Ruhan Chowdhury #7450010
[2026-08-22 20:35:24] [INFO ] [notify] Email notification shown in-app for ruhan.ch@gmail.com
[2026-08-22 20:35:24] [INFO ] [notify] Ruhan Chowdhury #7450010 delivered via: In-App + Email
[2026-08-22 20:35:24] [INFO ] [notify] In-App notification stored for Siam Uddin #7450011
[2026-08-22 20:35:24] [INFO ] [notify] Email notification shown in-app for siam.uddin@gmail.com
[2026-08-22 20:35:24] [INFO ] [notify] Siam Uddin #7450011 delivered via: In-App + Email
[2026-08-22 20:35:24] [INFO ] [notify] In-App notification stored for Ayon Mia #7450012
[2026-08-22 20:35:24] [INFO ] [notify] Email notification shown in-app for ayon.mia@gmail.com
[2026-08-22 20:35:24] [INFO ] [notify] Ayon Mia #7450012 delivered via: In-App + Email
[2026-08-22 20:35:24] [INFO ] [notify] In-App notification stored for Zihad Islam #7450013
[2026-08-22 20:35:24] [INFO ] [notify] Email notification shown in-app for zihad.islam@gmail.com
[2026-08-22 20:35:24] [INFO ] [notify] Zihad Islam #7450013 delivered via: In-App + Email
[2026-08-22 20:35:24] [INFO ] [notify] In-App notification stored for Rakib Hossain #7450014
[2026-08-22 20:35:24] [INFO ] [notify] Email notification shown in-app for rakib.h2@gmail.com
[2026-08-22 20:35:24] [INFO ] [notify] Rakib Hossain #7450014 delivered via: In-App + Email
[2026-08-22 20:35:24] [INFO ] [notify] In-App notification stored for Sajid Khan #7450015
[2026-08-22 20:35:24] [INFO ] [notify] Email notification shown in-app for sajid.khan@gmail.com
[2026-08-22 20:35:24] [INFO ] [notify] Sajid Khan #7450015 delivered via: In-App + Email
[2026-08-22 20:35:24] [INFO ] [notify] In-App notification stored for Tanvir Ahmed #7450016
[2026-08-22 20:35:24] [INFO ] [notify] Email notification shown in-app for tanvir.ahmed@gmail.com
[2026-08-22 20:35:24] [INFO ] [notify] Tanvir Ahmed #7450016 delivered via: In-App + Email
[2026-08-22 20:35:24] [INFO ] [notify] In-App notification stored for Riad Hasan #7450017
[2026-08-22 20:35:24] [INFO ] [notify] Email notification shown in-app for riad.hasan@gmail.com
[2026-08-22 20:35:24] [INFO ] [notify] Riad Hasan #7450017 delivered via: In-App + Email
[2026-08-22 20:35:24] [INFO ] [notify] In-App notification stored for Mahin Islam #7450018
[2026-08-22 20:35:24] [INFO ] [notify] Email notification shown in-app for mahin.islam@gmail.com
[2026-08-22 20:35:24] [INFO ] [notify] Mahin Islam #7450018 delivered via: In-App + Email
[2026-08-22 20:35:24] [INFO ] [notify] In-App notification stored for Iftekhar Rahman #7450019
[2026-08-22 20:35:24] [INFO ] [notify] Email notification shown in-app for iftekhar.rahman@gmail.com
[2026-08-22 20:35:24] [INFO ] [notify] Iftekhar Rahman #7450019 delivered via: In-App + Email
[2026-08-22 20:35:24] [INFO ] [notify] In-App notification stored for Anik Sarkar #7450020
[2026-08-22 20:35:24] [INFO ] [notify] Email notification shown in-app for anik.sarkar@gmail.com
[2026-08-22 20:35:24] [INFO ] [notify] Anik Sarkar #7450020 delivered via: In-App + Email
[2026-08-22 20:35:24] [INFO ] [notify] In-App notification stored for Shihab Uddin #7450021
[2026-08-22 20:35:24] [INFO ] [notify] Email notification shown in-app for shihab.uddin@gmail.com
[2026-08-22 20:35:24] [INFO ] [notify] Shihab Uddin #7450021 delivered via: In-App + Email
[2026-08-22 20:35:24] [INFO ] [notify] In-App notification stored for Foysal Mia #7450022
[2026-08-22 20:35:24] [INFO ] [notify] Email notification shown in-app for foysal.mia@gmail.com
[2026-08-22 20:35:24] [INFO ] [notify] Foysal Mia #7450022 delivered via: In-App + Email
[2026-08-22 20:35:24] [INFO ] [notify] In-App notification stored for Ashik Hassan #7450023
[2026-08-22 20:35:24] [INFO ] [notify] Email notification shown in-app for ashik.hassan@gmail.com
[2026-08-22 20:35:24] [INFO ] [notify] Ashik Hassan #7450023 delivered via: In-App + Email
[2026-08-22 20:35:24] [INFO ] [notify] In-App notification stored for Rony Islam #7450024
[2026-08-22 20:35:24] [INFO ] [notify] Email notification shown in-app for rony.islam@gmail.com
[2026-08-22 20:35:24] [INFO ] [notify] Rony Islam #7450024 delivered via: In-App + Email
[2026-08-22 20:35:24] [INFO ] [notify] In-App notification stored for Jubayer Ahmed #7450025
[2026-08-22 20:35:24] [INFO ] [notify] Email notification shown in-app for jubayer.ahmed@gmail.com
[2026-08-22 20:35:24] [INFO ] [notify] Jubayer Ahmed #7450025 delivered via: In-App + Email
[2026-08-22 20:35:24] [INFO ] [notify] In-App notification stored for Sabbir Rahman #7450026
[2026-08-22 20:35:24] [INFO ] [notify] Email notification shown in-app for sabbir.rahman@gmail.com
[2026-08-22 20:35:24] [INFO ] [notify] Sabbir Rahman #7450026 delivered via: In-App + Email
[2026-08-22 20:35:24] [INFO ] [notify] In-App notification stored for Rasel Hossain #7450027
[2026-08-22 20:35:24] [INFO ] [notify] Email notification shown in-app for rasel.h2@gmail.com
[2026-08-22 20:35:24] [INFO ] [notify] Rasel Hossain #7450027 delivered via: In-App + Email
[2026-08-22 20:35:24] [INFO ] [notify] In-App notification stored for Arafat Islam #7450028
[2026-08-22 20:35:24] [INFO ] [notify] Email notification shown in-app for arafat.islam@gmail.com
[2026-08-22 20:35:24] [INFO ] [notify] Arafat Islam #7450028 delivered via: In-App + Email
[2026-08-22 20:35:24] [INFO ] [notify] In-App notification stored for Sohan Khan #7450029
[2026-08-22 20:35:24] [INFO ] [notify] Email notification shown in-app for sohan.khan@gmail.com
[2026-08-22 20:35:24] [INFO ] [notify] Sohan Khan #7450029 delivered via: In-App + Email
[2026-08-22 20:35:24] [INFO ] [notify] In-App notification stored for Minhaz Rahman #7450030
[2026-08-22 20:35:24] [INFO ] [notify] Email notification shown in-app for minhaz.rahman@gmail.com
[2026-08-22 20:35:24] [INFO ] [notify] Minhaz Rahman #7450030 delivered via: In-App + Email
[2026-08-22 20:35:24] [INFO ] [notify] In-App notification stored for Riyad Hasan #7450031
[2026-08-22 20:35:24] [INFO ] [notify] Email notification shown in-app for riyad.hasan@gmail.com
[2026-08-22 20:35:24] [INFO ] [notify] Riyad Hasan #7450031 delivered via: In-App + Email
[2026-08-22 20:35:24] [INFO ] [notify] In-App notification stored for Fahad Islam #7450032
[2026-08-22 20:35:24] [INFO ] [notify] Email notification shown in-app for fahad.islam@gmail.com
[2026-08-22 20:35:24] [INFO ] [notify] Fahad Islam #7450032 delivered via: In-App + Email
[2026-08-22 20:35:24] [INFO ] [notify] In-App notification stored for Sakib Ahmed #7450033
[2026-08-22 20:35:24] [INFO ] [notify] Email notification shown in-app for sakib.ahmed@gmail.com
[2026-08-22 20:35:24] [INFO ] [notify] Sakib Ahmed #7450033 delivered via: In-App + Email
[2026-08-22 20:35:24] [INFO ] [notify] In-App notification stored for Imtiaz Hossain #7450034
[2026-08-22 20:35:24] [INFO ] [notify] Email notification shown in-app for imtiaz.hossain@gmail.com
[2026-08-22 20:35:24] [INFO ] [notify] Imtiaz Hossain #7450034 delivered via: In-App + Email
[2026-08-22 20:35:24] [INFO ] [notify] In-App notification stored for Shanto Islam #7450035
[2026-08-22 20:35:24] [INFO ] [notify] Email notification shown in-app for shanto.islam@gmail.com
[2026-08-22 20:35:24] [INFO ] [notify] Shanto Islam #7450035 delivered via: In-App + Email
[2026-08-22 20:35:24] [INFO ] [notify] In-App notification stored for Noman Khan #7450036
[2026-08-22 20:35:24] [INFO ] [notify] Email notification shown in-app for noman.khan@gmail.com
[2026-08-22 20:35:24] [INFO ] [notify] Noman Khan #7450036 delivered via: In-App + Email
[2026-08-22 20:35:24] [INFO ] [notify] In-App notification stored for Ashraf Uddin #7450037
[2026-08-22 20:35:24] [INFO ] [notify] Email notification shown in-app for ashraf.uddin@gmail.com
[2026-08-22 20:35:24] [INFO ] [notify] Ashraf Uddin #7450037 delivered via: In-App + Email
[2026-08-22 20:35:24] [INFO ] [notify] In-App notification stored for Tuhin Mia #7450038
[2026-08-22 20:35:24] [INFO ] [notify] Email notification shown in-app for tuhin.mia@gmail.com
[2026-08-22 20:35:24] [INFO ] [notify] Tuhin Mia #7450038 delivered via: In-App + Email
[2026-08-22 20:35:24] [INFO ] [notify] In-App notification stored for Parvez Hasan #7450039
[2026-08-22 20:35:24] [INFO ] [notify] Email notification shown in-app for parvez.hasan@gmail.com
[2026-08-22 20:35:24] [INFO ] [notify] Parvez Hasan #7450039 delivered via: In-App + Email
[2026-08-22 20:35:24] [INFO ] [notify] In-App notification stored for Mahfuz Rahman #7450040
[2026-08-22 20:35:24] [INFO ] [notify] Email notification shown in-app for mahfuz.rahman@gmail.com
[2026-08-22 20:35:24] [INFO ] [notify] Mahfuz Rahman #7450040 delivered via: In-App + Email
[2026-08-22 20:35:24] [INFO ] [notify] In-App notification stored for Raihan Islam #7450041
[2026-08-22 20:35:24] [INFO ] [notify] Email notification shown in-app for raihan.islam@gmail.com
[2026-08-22 20:35:24] [INFO ] [notify] Raihan Islam #7450041 delivered via: In-App + Email
[2026-08-22 20:35:24] [INFO ] [notify] In-App notification stored for Shamim Ahmed #7450042
[2026-08-22 20:35:24] [INFO ] [notify] Email notification shown in-app for shamim.ahmed@gmail.com
[2026-08-22 20:35:24] [INFO ] [notify] Shamim Ahmed #7450042 delivered via: In-App + Email
[2026-08-22 20:35:24] [INFO ] [notify] In-App notification stored for Emon Hossain #7450043
[2026-08-22 20:35:24] [INFO ] [notify] Email notification shown in-app for emon.hossain@gmail.com
[2026-08-22 20:35:24] [INFO ] [notify] Emon Hossain #7450043 delivered via: In-App + Email
[2026-08-22 20:35:24] [INFO ] [notify] In-App notification stored for Jahid Islam #7450044
[2026-08-22 20:35:24] [INFO ] [notify] Email notification shown in-app for jahid.islam@gmail.com
[2026-08-22 20:35:24] [INFO ] [notify] Jahid Islam #7450044 delivered via: In-App + Email
[2026-08-22 20:35:24] [INFO ] [notify] In-App notification stored for Rifat Khan #7450045
[2026-08-22 20:35:24] [INFO ] [notify] Email notification shown in-app for rifat.khan@gmail.com
[2026-08-22 20:35:24] [INFO ] [notify] Rifat Khan #7450045 delivered via: In-App + Email
[2026-08-22 20:35:24] [INFO ] [notify] In-App notification stored for Masud Rahman #7450046
[2026-08-22 20:35:24] [INFO ] [notify] Email notification shown in-app for masud.rahman@gmail.com
[2026-08-22 20:35:24] [INFO ] [notify] Masud Rahman #7450046 delivered via: In-App + Email
[2026-08-22 20:35:24] [INFO ] [notify] In-App notification stored for Bashir Uddin #7450047
[2026-08-22 20:35:24] [INFO ] [notify] Email notification shown in-app for bashir.uddin@gmail.com
[2026-08-22 20:35:24] [INFO ] [notify] Bashir Uddin #7450047 delivered via: In-App + Email
[2026-08-22 20:35:24] [INFO ] [notify] In-App notification stored for Shafi Islam #7450048
[2026-08-22 20:35:24] [INFO ] [notify] Email notification shown in-app for shafi.islam@gmail.com
[2026-08-22 20:35:24] [INFO ] [notify] Shafi Islam #7450048 delivered via: In-App + Email
[2026-08-22 20:35:24] [INFO ] [notify] In-App notification stored for Tareq Hasan #7450049
[2026-08-22 20:35:24] [INFO ] [notify] Email notification shown in-app for tareq.hasan@gmail.com
[2026-08-22 20:35:24] [INFO ] [notify] Tareq Hasan #7450049 delivered via: In-App + Email
[2026-08-22 20:35:24] [INFO ] [notify] In-App notification stored for Rashed Khan #7450050
[2026-08-22 20:35:24] [INFO ] [notify] Email notification shown in-app for rashed.khan@gmail.com
[2026-08-22 20:35:24] [INFO ] [notify] Rashed Khan #7450050 delivered via: In-App + Email
[2026-08-22 20:35:24] [INFO ] [notify] In-App notification stored for Naim Islam #7450051
[2026-08-22 20:35:24] [INFO ] [notify] Email notification shown in-app for naim.islam@gmail.com
[2026-08-22 20:35:24] [INFO ] [notify] Naim Islam #7450051 delivered via: In-App + Email
[2026-08-22 20:35:24] [INFO ] [notify] In-App notification stored for Firoz Ahmed #7450052
[2026-08-22 20:35:24] [INFO ] [notify] Email notification shown in-app for firoz.ahmed@gmail.com
[2026-08-22 20:35:24] [INFO ] [notify] Firoz Ahmed #7450052 delivered via: In-App + Email
[2026-08-22 20:35:24] [INFO ] [notify] In-App notification stored for Iqbal Hossain #7450053
[2026-08-22 20:35:24] [INFO ] [notify] Email notification shown in-app for iqbal.hossain@gmail.com
[2026-08-22 20:35:24] [INFO ] [notify] Iqbal Hossain #7450053 delivered via: In-App + Email
[2026-08-22 20:35:24] [INFO ] [notify] In-App notification stored for Nazmul Islam #7450054
[2026-08-22 20:35:24] [INFO ] [notify] Email notification shown in-app for nazmul.islam@gmail.com
[2026-08-22 20:35:24] [INFO ] [notify] Nazmul Islam #7450054 delivered via: In-App + Email
[2026-08-22 20:35:24] [INFO ] [notify] In-App notification stored for Kawsar Khan #7450055
[2026-08-22 20:35:24] [INFO ] [notify] Email notification shown in-app for kawsar.khan@gmail.com
[2026-08-22 20:35:24] [INFO ] [notify] Kawsar Khan #7450055 delivered via: In-App + Email
[2026-08-22 20:35:24] [INFO ] [notify] In-App notification stored for Sujon Mia #7450056
[2026-08-22 20:35:24] [INFO ] [notify] Email notification shown in-app for sujon.mia@gmail.com
[2026-08-22 20:35:24] [INFO ] [notify] Sujon Mia #7450056 delivered via: In-App + Email
[2026-08-22 20:35:24] [INFO ] [notify] In-App notification stored for Habib Rahman #7450057
[2026-08-22 20:35:24] [INFO ] [notify] Email notification shown in-app for habib.rahman@gmail.com
[2026-08-22 20:35:24] [INFO ] [notify] Habib Rahman #7450057 delivered via: In-App + Email
[2026-08-22 20:35:24] [INFO ] [notify] In-App notification stored for Alif Hasan #7450058
[2026-08-22 20:35:24] [INFO ] [notify] Email notification shown in-app for alif.hasan@gmail.com
[2026-08-22 20:35:24] [INFO ] [notify] Alif Hasan #7450058 delivered via: In-App + Email
[2026-08-22 20:35:24] [INFO ] [notify] In-App notification stored for Rokon Uddin #7450059
[2026-08-22 20:35:24] [INFO ] [notify] Email notification shown in-app for rokon.uddin@gmail.com
[2026-08-22 20:35:24] [INFO ] [notify] Rokon Uddin #7450059 delivered via: In-App + Email
[2026-08-22 20:35:24] [INFO ] [notify] In-App notification stored for Jony Islam #7450060
[2026-08-22 20:35:24] [INFO ] [notify] Email notification shown in-app for jony.islam@gmail.com
[2026-08-22 20:35:24] [INFO ] [notify] Jony Islam #7450060 delivered via: In-App + Email
[2026-08-22 20:35:24] [INFO ] [notify] In-App notification stored for Sazzad Khan #7450061
[2026-08-22 20:35:24] [INFO ] [notify] Email notification shown in-app for sazzad.khan@gmail.com
[2026-08-22 20:35:24] [INFO ] [notify] Sazzad Khan #7450061 delivered via: In-App + Email
[2026-08-22 20:35:24] [INFO ] [notify] In-App notification stored for Shawon Ahmed #7450062
[2026-08-22 20:35:24] [INFO ] [notify] Email notification shown in-app for shawon.ahmed@gmail.com
[2026-08-22 20:35:24] [INFO ] [notify] Shawon Ahmed #7450062 delivered via: In-App + Email
[2026-08-22 20:35:24] [INFO ] [notify] In-App notification stored for Mahdi Islam #7450063
[2026-08-22 20:35:24] [INFO ] [notify] Email notification shown in-app for mahdi.islam@gmail.com
[2026-08-22 20:35:24] [INFO ] [notify] Mahdi Islam #7450063 delivered via: In-App + Email
[2026-08-22 20:35:24] [INFO ] [notify] In-App notification stored for Zakir Hossain #7450064
[2026-08-22 20:35:24] [INFO ] [notify] Email notification shown in-app for zakir.hossain@gmail.com
[2026-08-22 20:35:24] [INFO ] [notify] Zakir Hossain #7450064 delivered via: In-App + Email
[2026-08-22 20:35:24] [INFO ] [notify] In-App notification stored for Sami Rahman #7450065
[2026-08-22 20:35:24] [INFO ] [notify] Email notification shown in-app for sami.rahman@gmail.com
[2026-08-22 20:35:24] [INFO ] [notify] Sami Rahman #7450065 delivered via: In-App + Email
[2026-08-22 20:35:24] [INFO ] [notify] In-App notification stored for Tanim Islam #7450066
[2026-08-22 20:35:24] [INFO ] [notify] Email notification shown in-app for tanim.islam@gmail.com
[2026-08-22 20:35:24] [INFO ] [notify] Tanim Islam #7450066 delivered via: In-App + Email
[2026-08-22 20:35:24] [INFO ] [notify] In-App notification stored for Ishrat Jahan #7569211
[2026-08-22 20:35:24] [INFO ] [notify] Email notification shown in-app for ishrat.jahan@yahoo.com
[2026-08-22 20:35:24] [INFO ] [notify] Ishrat Jahan #7569211 delivered via: In-App + Email
[2026-08-22 20:35:24] [INFO ] [notify] In-App notification stored for Amina Khatun #7600001
[2026-08-22 20:35:24] [INFO ] [notify] Email notification shown in-app for amina.khatun@gmail.com
[2026-08-22 20:35:24] [INFO ] [notify] Amina Khatun #7600001 delivered via: In-App + Email
[2026-08-22 20:35:24] [INFO ] [notify] In-App notification stored for Rohan Ahmed #7600002
[2026-08-22 20:35:24] [INFO ] [notify] Email notification shown in-app for rohan.ahmed@gmail.com
[2026-08-22 20:35:24] [INFO ] [notify] Rohan Ahmed #7600002 delivered via: In-App + Email
[2026-08-22 20:35:24] [INFO ] [notify] In-App notification stored for Sadia Islam #7600003
[2026-08-22 20:35:24] [INFO ] [notify] Email notification shown in-app for sadia.islam@gmail.com
[2026-08-22 20:35:24] [INFO ] [notify] Sadia Islam #7600003 delivered via: In-App + Email
[2026-08-22 20:35:24] [INFO ] [notify] In-App notification stored for Imran Hossain #7600004
[2026-08-22 20:35:24] [INFO ] [notify] Email notification shown in-app for imran.hossain@gmail.com
[2026-08-22 20:35:24] [INFO ] [notify] Imran Hossain #7600004 delivered via: In-App + Email
[2026-08-22 20:35:24] [INFO ] [notify] In-App notification stored for Nabila Khan #7600005
[2026-08-22 20:35:24] [INFO ] [notify] Email notification shown in-app for nabila.khan@gmail.com
[2026-08-22 20:35:24] [INFO ] [notify] Nabila Khan #7600005 delivered via: In-App + Email
[2026-08-22 20:35:24] [INFO ] [notify] In-App notification stored for Saif Uddin #7600006
[2026-08-22 20:35:24] [INFO ] [notify] Email notification shown in-app for saif.uddin@gmail.com
[2026-08-22 20:35:24] [INFO ] [notify] Saif Uddin #7600006 delivered via: In-App + Email
[2026-08-22 20:35:24] [INFO ] [notify] In-App notification stored for Farhan Miah #7600007
[2026-08-22 20:35:24] [INFO ] [notify] Email notification shown in-app for farhan.miah@gmail.com
[2026-08-22 20:35:24] [INFO ] [notify] Farhan Miah #7600007 delivered via: In-App + Email
[2026-08-22 20:35:24] [INFO ] [notify] In-App notification stored for Lamia Chowdhury #7600008
[2026-08-22 20:35:24] [INFO ] [notify] Email notification shown in-app for lamia.chowdhury@gmail.com
[2026-08-22 20:35:24] [INFO ] [notify] Lamia Chowdhury #7600008 delivered via: In-App + Email
[2026-08-22 20:35:24] [INFO ] [notify] In-App notification stored for Arif Rahman #7600009
[2026-08-22 20:35:24] [INFO ] [notify] Email notification shown in-app for arif.rahman@gmail.com
[2026-08-22 20:35:24] [INFO ] [notify] Arif Rahman #7600009 delivered via: In-App + Email
[2026-08-22 20:35:24] [INFO ] [notify] In-App notification stored for Tania Sultana #7600010
[2026-08-22 20:35:24] [INFO ] [notify] Email notification shown in-app for tania.sultana@gmail.com
[2026-08-22 20:35:24] [INFO ] [notify] Tania Sultana #7600010 delivered via: In-App + Email
[2026-08-22 20:35:24] [INFO ] [notify] In-App notification stored for Mehedi Hasan #7600011
[2026-08-22 20:35:24] [INFO ] [notify] Email notification shown in-app for mehedi.hasan@gmail.com
[2026-08-22 20:35:24] [INFO ] [notify] Mehedi Hasan #7600011 delivered via: In-App + Email
[2026-08-22 20:35:24] [INFO ] [notify] In-App notification stored for Jarin Akter #7600012
[2026-08-22 20:35:24] [INFO ] [notify] Email notification shown in-app for jarin.akter@gmail.com
[2026-08-22 20:35:24] [INFO ] [notify] Jarin Akter #7600012 delivered via: In-App + Email
[2026-08-22 20:35:24] [INFO ] [notify] In-App notification stored for Omar Faruk #7600013
[2026-08-22 20:35:24] [INFO ] [notify] Email notification shown in-app for omar.faruk@gmail.com
[2026-08-22 20:35:24] [INFO ] [notify] Omar Faruk #7600013 delivered via: In-App + Email
[2026-08-22 20:35:24] [INFO ] [notify] In-App notification stored for Maliha Tasnim #7600014
[2026-08-22 20:35:24] [INFO ] [notify] Email notification shown in-app for maliha.tasnim@gmail.com
[2026-08-22 20:35:24] [INFO ] [notify] Maliha Tasnim #7600014 delivered via: In-App + Email
[2026-08-22 20:35:24] [INFO ] [notify] In-App notification stored for Ridwan Khan #7600015
[2026-08-22 20:35:24] [INFO ] [notify] Email notification shown in-app for ridwan.khan@gmail.com
[2026-08-22 20:35:24] [INFO ] [notify] Ridwan Khan #7600015 delivered via: In-App + Email
[2026-08-22 20:35:24] [INFO ] [notify] In-App notification stored for Sakib Alam #7600016
[2026-08-22 20:35:24] [INFO ] [notify] Email notification shown in-app for sakib.alam@gmail.com
[2026-08-22 20:35:24] [INFO ] [notify] Sakib Alam #7600016 delivered via: In-App + Email
[2026-08-22 20:35:24] [INFO ] [notify] In-App notification stored for Nusrat Jahan #7600017
[2026-08-22 20:35:24] [INFO ] [notify] Email notification shown in-app for nusrat.jahan@gmail.com
[2026-08-22 20:35:24] [INFO ] [notify] Nusrat Jahan #7600017 delivered via: In-App + Email
[2026-08-22 20:35:24] [INFO ] [notify] In-App notification stored for Tahmid Ahmed #7600018
[2026-08-22 20:35:24] [INFO ] [notify] Email notification shown in-app for tahmid.ahmed@gmail.com
[2026-08-22 20:35:24] [INFO ] [notify] Tahmid Ahmed #7600018 delivered via: In-App + Email
[2026-08-22 20:35:24] [INFO ] [notify] In-App notification stored for Mim Akter #7600019
[2026-08-22 20:35:24] [INFO ] [notify] Email notification shown in-app for mim.akter@gmail.com
[2026-08-22 20:35:24] [INFO ] [notify] Mim Akter #7600019 delivered via: In-App + Email
[2026-08-22 20:35:24] [INFO ] [notify] In-App notification stored for Zayed Hossain #7600020
[2026-08-22 20:35:24] [INFO ] [notify] Email notification shown in-app for zayed.hossain@gmail.com
[2026-08-22 20:35:24] [INFO ] [notify] Zayed Hossain #7600020 delivered via: In-App + Email
[2026-08-22 20:35:24] [INFO ] [notify] In-App notification stored for Afsana Miah #7600021
[2026-08-22 20:35:24] [INFO ] [notify] Email notification shown in-app for afsana.miah@gmail.com
[2026-08-22 20:35:24] [INFO ] [notify] Afsana Miah #7600021 delivered via: In-App + Email
[2026-08-22 20:35:24] [INFO ] [notify] In-App notification stored for Rayhan Kabir #7600022
[2026-08-22 20:35:24] [INFO ] [notify] Email notification shown in-app for rayhan.kabir@gmail.com
[2026-08-22 20:35:24] [INFO ] [notify] Rayhan Kabir #7600022 delivered via: In-App + Email
[2026-08-22 20:35:24] [INFO ] [notify] In-App notification stored for Shifa Tasnim #7600023
[2026-08-22 20:35:24] [INFO ] [notify] Email notification shown in-app for shifa.tasnim@gmail.com
[2026-08-22 20:35:24] [INFO ] [notify] Shifa Tasnim #7600023 delivered via: In-App + Email
[2026-08-22 20:35:24] [INFO ] [notify] In-App notification stored for Abrar Rahman #7600024
[2026-08-22 20:35:24] [INFO ] [notify] Email notification shown in-app for abrar.rahman@gmail.com
[2026-08-22 20:35:24] [INFO ] [notify] Abrar Rahman #7600024 delivered via: In-App + Email
[2026-08-22 20:35:24] [INFO ] [notify] In-App notification stored for Sohana Islam #7600025
[2026-08-22 20:35:24] [INFO ] [notify] Email notification shown in-app for sohana.islam@gmail.com
[2026-08-22 20:35:24] [INFO ] [notify] Sohana Islam #7600025 delivered via: In-App + Email
[2026-08-22 20:35:24] [INFO ] [notify] In-App notification stored for Ehsan Khan #7600026
[2026-08-22 20:35:24] [INFO ] [notify] Email notification shown in-app for ehsan.khan@gmail.com
[2026-08-22 20:35:24] [INFO ] [notify] Ehsan Khan #7600026 delivered via: In-App + Email
[2026-08-22 20:35:24] [INFO ] [notify] In-App notification stored for Raisa Khatun #7600027
[2026-08-22 20:35:24] [INFO ] [notify] Email notification shown in-app for raisa.khatun@gmail.com
[2026-08-22 20:35:24] [INFO ] [notify] Raisa Khatun #7600027 delivered via: In-App + Email
[2026-08-22 20:35:24] [INFO ] [notify] In-App notification stored for Mahin Ahmed #7600028
[2026-08-22 20:35:24] [INFO ] [notify] Email notification shown in-app for mahin.ahmed@gmail.com
[2026-08-22 20:35:24] [INFO ] [notify] Mahin Ahmed #7600028 delivered via: In-App + Email
[2026-08-22 20:35:24] [INFO ] [notify] In-App notification stored for Liza Akter #7600029
[2026-08-22 20:35:24] [INFO ] [notify] Email notification shown in-app for liza.akter@gmail.com
[2026-08-22 20:35:24] [INFO ] [notify] Liza Akter #7600029 delivered via: In-App + Email
[2026-08-22 20:35:24] [INFO ] [notify] In-App notification stored for Jawad Hasan #7600030
[2026-08-22 20:35:24] [INFO ] [notify] Email notification shown in-app for jawad.hasan@gmail.com
[2026-08-22 20:35:24] [INFO ] [notify] Jawad Hasan #7600030 delivered via: In-App + Email
[2026-08-22 20:35:24] [INFO ] [notify] In-App notification stored for Nayla Jahan #7600031
[2026-08-22 20:35:24] [INFO ] [notify] Email notification shown in-app for nayla.jahan@gmail.com
[2026-08-22 20:35:24] [INFO ] [notify] Nayla Jahan #7600031 delivered via: In-App + Email
[2026-08-22 20:35:24] [INFO ] [notify] In-App notification stored for Ratul Islam #7600032
[2026-08-22 20:35:24] [INFO ] [notify] Email notification shown in-app for ratul.islam@gmail.com
[2026-08-22 20:35:24] [INFO ] [notify] Ratul Islam #7600032 delivered via: In-App + Email
[2026-08-22 20:35:24] [INFO ] [notify] In-App notification stored for Iffat Sultana #7600033
[2026-08-22 20:35:24] [INFO ] [notify] Email notification shown in-app for iffat.sultana@gmail.com
[2026-08-22 20:35:24] [INFO ] [notify] Iffat Sultana #7600033 delivered via: In-App + Email
[2026-08-22 20:35:24] [INFO ] [notify] In-App notification stored for Siam Khan #7600034
[2026-08-22 20:35:24] [INFO ] [notify] Email notification shown in-app for siam.khan@gmail.com
[2026-08-22 20:35:24] [INFO ] [notify] Siam Khan #7600034 delivered via: In-App + Email
[2026-08-22 20:35:24] [INFO ] [notify] In-App notification stored for Ayan Faruk #7600036
[2026-08-22 20:35:24] [INFO ] [notify] Email notification shown in-app for ayan.faruk@gmail.com
[2026-08-22 20:35:24] [INFO ] [notify] Ayan Faruk #7600036 delivered via: In-App + Email
[2026-08-22 20:35:24] [INFO ] [notify] In-App notification stored for Nafisa Khatun #7600037
[2026-08-22 20:35:24] [INFO ] [notify] Email notification shown in-app for nafisa.khatun@gmail.com
[2026-08-22 20:35:24] [INFO ] [notify] Nafisa Khatun #7600037 delivered via: In-App + Email
[2026-08-22 20:35:24] [INFO ] [notify] In-App notification stored for Labib Ahmed #7600038
[2026-08-22 20:35:24] [INFO ] [notify] Email notification shown in-app for labib.ahmed@gmail.com
[2026-08-22 20:35:24] [INFO ] [notify] Labib Ahmed #7600038 delivered via: In-App + Email
[2026-08-22 20:35:24] [INFO ] [notify] In-App notification stored for Zara Khan #7600039
[2026-08-22 20:35:24] [INFO ] [notify] Email notification shown in-app for zara.khan@gmail.com
[2026-08-22 20:35:24] [INFO ] [notify] Zara Khan #7600039 delivered via: In-App + Email
[2026-08-22 20:35:24] [INFO ] [notify] In-App notification stored for Fahad Rahman #7600040
[2026-08-22 20:35:24] [INFO ] [notify] Email notification shown in-app for fahad.rahman@gmail.com
[2026-08-22 20:35:24] [INFO ] [notify] Fahad Rahman #7600040 delivered via: In-App + Email
[2026-08-22 20:35:24] [INFO ] [notify] In-App notification stored for Shila Akter #7634891
[2026-08-22 20:35:24] [INFO ] [notify] Email notification shown in-app for shila.akter@yahoo.com
[2026-08-22 20:35:24] [INFO ] [notify] Shila Akter #7634891 delivered via: In-App + Email
[2026-08-22 20:35:24] [INFO ] [notify] In-App notification stored for Sadia Ferdous #7644433
[2026-08-22 20:35:24] [INFO ] [notify] Email notification shown in-app for sadia.ferdous@yahoo.com
[2026-08-22 20:35:24] [INFO ] [notify] Sadia Ferdous #7644433 delivered via: In-App + Email
[2026-08-22 20:35:24] [INFO ] [notify] In-App notification stored for Sumaiya Khatun #7648201
[2026-08-22 20:35:24] [INFO ] [notify] Email notification shown in-app for sumaiya.khatun@gmail.com
[2026-08-22 20:35:24] [INFO ] [notify] Sumaiya Khatun #7648201 delivered via: In-App + Email
[2026-08-22 20:35:24] [INFO ] [notify] In-App notification stored for Niloy Karim #7732091
[2026-08-22 20:35:24] [INFO ] [notify] Email notification shown in-app for niloy.karim@yahoo.com
[2026-08-22 20:35:24] [INFO ] [notify] Niloy Karim #7732091 delivered via: In-App + Email
[2026-08-22 20:35:24] [INFO ] [notify] In-App notification stored for Sohana Sultana #7812393
[2026-08-22 20:35:24] [INFO ] [notify] Email notification shown in-app for sohana.sultana@yahoo.com
[2026-08-22 20:35:24] [INFO ] [notify] Sohana Sultana #7812393 delivered via: In-App + Email
[2026-08-22 20:35:24] [INFO ] [notify] In-App notification stored for Rasel Ahmed #7829891
[2026-08-22 20:35:24] [INFO ] [notify] Email notification shown in-app for rasel.ahmed@gmail.com
[2026-08-22 20:35:24] [INFO ] [notify] Rasel Ahmed #7829891 delivered via: In-App + Email
[2026-08-22 20:35:24] [INFO ] [notify] In-App notification stored for Mamun Chowdhury #7845990
[2026-08-22 20:35:24] [INFO ] [notify] Email notification shown in-app for mamun.chowdhury@gmail.com
[2026-08-22 20:35:24] [INFO ] [notify] Mamun Chowdhury #7845990 delivered via: In-App + Email
[2026-08-22 20:35:24] [INFO ] [notify] In-App notification stored for Farzana Yasmin #7882345
[2026-08-22 20:35:24] [INFO ] [notify] Email notification shown in-app for farzana.yasmin@gmail.com
[2026-08-22 20:35:24] [INFO ] [notify] Farzana Yasmin #7882345 delivered via: In-App + Email
[2026-08-22 20:35:24] [INFO ] [notify] In-App notification stored for Sharmin Akhter #7932441
[2026-08-22 20:35:24] [INFO ] [notify] Email notification shown in-app for sharmin.akhter@yahoo.com
[2026-08-22 20:35:24] [INFO ] [notify] Sharmin Akhter #7932441 delivered via: In-App + Email
[2026-08-22 20:35:24] [INFO ] [notify] In-App notification stored for Arif Mahmud #7940012
[2026-08-22 20:35:24] [INFO ] [notify] Email notification shown in-app for arif.mahmud@gmail.com
[2026-08-22 20:35:24] [INFO ] [notify] Arif Mahmud #7940012 delivered via: In-App + Email
[2026-08-22 20:35:24] [INFO ] [notify] In-App notification stored for Rafi Islam #7993544
[2026-08-22 20:35:24] [INFO ] [notify] Email notification shown in-app for rafi.islam@gmail.com
[2026-08-22 20:35:24] [INFO ] [notify] Rafi Islam #7993544 delivered via: In-App + Email
[2026-08-22 20:35:24] [INFO ] [notify] In-App notification stored for Hasan Khan #8124593
[2026-08-22 20:35:24] [INFO ] [notify] Email notification shown in-app for hasan.khan@gmail.com
[2026-08-22 20:35:24] [INFO ] [notify] Hasan Khan #8124593 delivered via: In-App + Email
[2026-08-22 20:35:24] [INFO ] [notify] In-App notification stored for Nausicaaa Rren #9500105
[2026-08-22 20:35:24] [INFO ] [notify] Email notification shown in-app for rn@gmail.com
[2026-08-22 20:35:24] [INFO ] [notify] Nausicaaa Rren #9500105 delivered via: In-App + Email
[2026-08-22 20:35:24] [INFO ] [notify] In-App notification stored for Ahnaf Nehal #10000000
[2026-08-22 20:35:24] [INFO ] [notify] Email notification shown in-app for orpatasnimejannat@gmail.com
[2026-08-22 20:35:24] [INFO ] [notify] Ahnaf Nehal #10000000 delivered via: In-App + Email
[2026-08-22 20:35:24] [INFO ] [notify] In-App notification stored for Mumtahina Naomi #10000002
[2026-08-22 20:35:24] [INFO ] [notify] Email notification shown in-app for naomi@gmail.com
[2026-08-22 20:35:24] [INFO ] [notify] Mumtahina Naomi #10000002 delivered via: In-App + Email
[2026-08-22 20:35:24] [INFO ] [notify] In-App notification stored for Habiba ww #10000006
[2026-08-22 20:35:24] [INFO ] [notify] Email notification shown in-app for we@gmail.com
[2026-08-22 20:35:24] [INFO ] [notify] Habiba ww #10000006 delivered via: In-App + Email
[2026-08-22 20:35:24] [INFO ] [notify] In-App notification stored for Nanjiba Nisa #10000007
[2026-08-22 20:35:24] [INFO ] [notify] Email notification shown in-app for nanjiba789@gmail.com
[2026-08-22 20:35:24] [INFO ] [notify] Nanjiba Nisa #10000007 delivered via: In-App + Email
[2026-08-22 20:35:24] [INFO ] [notify] In-App notification stored for Sudad Masnun #10000009
[2026-08-22 20:35:24] [INFO ] [notify] SMS notification shown in-app for 01770108190
[2026-08-22 20:35:24] [INFO ] [notify] Push notification shown in-app for Sudad Masnun
[2026-08-22 20:35:24] [INFO ] [notify] Sudad Masnun #10000009 delivered via: In-App + SMS + Push
[2026-08-22 20:35:24] [INFO ] [notify] In-App notification stored for AKM Iqtidar Newaz #10000010
[2026-08-22 20:35:24] [INFO ] [notify] Email notification shown in-app for Iqtidar@gmail.com
[2026-08-22 20:35:24] [INFO ] [notify] AKM Iqtidar Newaz #10000010 delivered via: In-App + Email
[2026-08-22 20:50:31] [INFO ] DiscountService: 141 member observer(s) subscribed to the discount subject
[2026-08-22 20:50:31] [INFO ] DiscountSubject: notifying 142 observer(s) about "10% off Eggs (Brown)"
[2026-08-22 20:50:31] [INFO ] [discount] Farmer Rahim Uddin has discounted Eggs (Brown) by 10%. The price is now BDT 8.10 instead of BDT 9.00.
[2026-08-22 20:50:31] [INFO ] [notify] In-App notification stored for Ahsan Kabir #7029344
[2026-08-22 20:50:31] [INFO ] [notify] SMS notification shown in-app for 01722334455
[2026-08-22 20:50:31] [INFO ] [notify] Push notification shown in-app for Ahsan Kabir
[2026-08-22 20:50:31] [INFO ] [notify] Ahsan Kabir #7029344 delivered via: In-App + SMS + Push
[2026-08-22 20:50:31] [INFO ] [notify] In-App notification stored for Nusrat Jahan #7065411
[2026-08-22 20:50:31] [INFO ] [notify] Email notification shown in-app for nusrat.jahan@yahoo.com
[2026-08-22 20:50:31] [INFO ] [notify] Nusrat Jahan #7065411 delivered via: In-App + Email
[2026-08-22 20:50:31] [INFO ] [notify] In-App notification stored for Sultana Begum #7123988
[2026-08-22 20:50:31] [INFO ] [notify] Email notification shown in-app for sultana.begum@yahoo.com
[2026-08-22 20:50:31] [INFO ] [notify] Sultana Begum #7123988 delivered via: In-App + Email
[2026-08-22 20:50:31] [INFO ] [notify] In-App notification stored for Mitu Begum #7159033
[2026-08-22 20:50:31] [INFO ] [notify] Email notification shown in-app for mitu.begum@yahoo.com
[2026-08-22 20:50:31] [INFO ] [notify] Mitu Begum #7159033 delivered via: In-App + Email
[2026-08-22 20:50:31] [INFO ] [notify] In-App notification stored for Rakin Hasib #7165321
[2026-08-22 20:50:31] [INFO ] [notify] Email notification shown in-app for rakin.hasib@gmail.com
[2026-08-22 20:50:31] [INFO ] [notify] Rakin Hasib #7165321 delivered via: In-App + Email
[2026-08-22 20:50:31] [INFO ] [notify] In-App notification stored for Mariya Sultana #7183440
[2026-08-22 20:50:31] [INFO ] [notify] Email notification shown in-app for mariya.sultana@gmail.com
[2026-08-22 20:50:31] [INFO ] [notify] Mariya Sultana #7183440 delivered via: In-App + Email
[2026-08-22 20:50:31] [INFO ] [notify] In-App notification stored for Tania Sultana #7203401
[2026-08-22 20:50:31] [INFO ] [notify] Email notification shown in-app for tania.sultana@gmail.com
[2026-08-22 20:50:31] [INFO ] [notify] Tania Sultana #7203401 delivered via: In-App + Email
[2026-08-22 20:50:31] [INFO ] [notify] In-App notification stored for Sabrina Chowdhury #7219033
[2026-08-22 20:50:31] [INFO ] [notify] Email notification shown in-app for sabrina.chy@gmail.com
[2026-08-22 20:50:31] [INFO ] [notify] Sabrina Chowdhury #7219033 delivered via: In-App + Email
[2026-08-22 20:50:31] [INFO ] [notify] In-App notification stored for Nahid Hasan #7250934
[2026-08-22 20:50:31] [INFO ] [notify] Email notification shown in-app for nahid.hasan@yahoo.com
[2026-08-22 20:50:31] [INFO ] [notify] Nahid Hasan #7250934 delivered via: In-App + Email
[2026-08-22 20:50:31] [INFO ] [notify] In-App notification stored for Sakib Ahmed #7283590
[2026-08-22 20:50:31] [INFO ] [notify] Email notification shown in-app for sakib.ahmed@gmail.com
[2026-08-22 20:50:31] [INFO ] [notify] Sakib Ahmed #7283590 delivered via: In-App + Email
[2026-08-22 20:50:31] [INFO ] [notify] In-App notification stored for Mou Akter #7331220
[2026-08-22 20:50:31] [INFO ] [notify] Email notification shown in-app for mou.akter@yahoo.com
[2026-08-22 20:50:31] [INFO ] [notify] Mou Akter #7331220 delivered via: In-App + Email
[2026-08-22 20:50:31] [INFO ] [notify] In-App notification stored for Rumana Akter #7338912
[2026-08-22 20:50:31] [INFO ] [notify] Email notification shown in-app for rumana.akter@gmail.com
[2026-08-22 20:50:31] [INFO ] [notify] Rumana Akter #7338912 delivered via: In-App + Email
[2026-08-22 20:50:31] [INFO ] [notify] In-App notification stored for Saif Rahman #7412891
[2026-08-22 20:50:31] [INFO ] [notify] Email notification shown in-app for saif.rahman@gmail.com
[2026-08-22 20:50:31] [INFO ] [notify] Saif Rahman #7412891 delivered via: In-App + Email
[2026-08-22 20:50:31] [INFO ] [notify] In-App notification stored for Lamia Khan #7419083
[2026-08-22 20:50:31] [INFO ] [notify] Email notification shown in-app for lamia.khan@gmail.com
[2026-08-22 20:50:31] [INFO ] [notify] Lamia Khan #7419083 delivered via: In-App + Email
[2026-08-22 20:50:31] [INFO ] [notify] In-App notification stored for Tamanna Akter #7429834
[2026-08-22 20:50:31] [INFO ] [notify] Email notification shown in-app for tamanna.akter@gmail.com
[2026-08-22 20:50:31] [INFO ] [notify] Tamanna Akter #7429834 delivered via: In-App + Email
[2026-08-22 20:50:31] [INFO ] [notify] In-App notification stored for Jannat Khanam #7440193
[2026-08-22 20:50:31] [INFO ] [notify] Email notification shown in-app for jannat.khanam@gmail.com
[2026-08-22 20:50:31] [INFO ] [notify] Jannat Khanam #7440193 delivered via: In-App + Email
[2026-08-22 20:50:31] [INFO ] [notify] In-App notification stored for Arif Hossain #7450001
[2026-08-22 20:50:31] [INFO ] [notify] Email notification shown in-app for arif.hossain@gmail.com
[2026-08-22 20:50:31] [INFO ] [notify] Arif Hossain #7450001 delivered via: In-App + Email
[2026-08-22 20:50:31] [INFO ] [notify] In-App notification stored for Rafi Islam #7450002
[2026-08-22 20:50:31] [INFO ] [notify] Email notification shown in-app for rafi.islam@gmail.com
[2026-08-22 20:50:31] [INFO ] [notify] Rafi Islam #7450002 delivered via: In-App + Email
[2026-08-22 20:50:31] [INFO ] [notify] In-App notification stored for Niloy Ahmed #7450003
[2026-08-22 20:50:31] [INFO ] [notify] Email notification shown in-app for niloy.ahmed@gmail.com
[2026-08-22 20:50:31] [INFO ] [notify] Niloy Ahmed #7450003 delivered via: In-App + Email
[2026-08-22 20:50:31] [INFO ] [notify] In-App notification stored for Shawon Khan #7450004
[2026-08-22 20:50:31] [INFO ] [notify] Email notification shown in-app for shawon.khan@gmail.com
[2026-08-22 20:50:31] [INFO ] [notify] Shawon Khan #7450004 delivered via: In-App + Email
[2026-08-22 20:50:31] [INFO ] [notify] In-App notification stored for Tamim Rahman #7450005
[2026-08-22 20:50:31] [INFO ] [notify] Email notification shown in-app for tamim.rahman@gmail.com
[2026-08-22 20:50:31] [INFO ] [notify] Tamim Rahman #7450005 delivered via: In-App + Email
[2026-08-22 20:50:31] [INFO ] [notify] In-App notification stored for Sifat Hasan #7450006
[2026-08-22 20:50:31] [INFO ] [notify] Email notification shown in-app for sifat.hasan@gmail.com
[2026-08-22 20:50:31] [INFO ] [notify] Sifat Hasan #7450006 delivered via: In-App + Email
[2026-08-22 20:50:31] [INFO ] [notify] In-App notification stored for Adib Mahmud #7450007
[2026-08-22 20:50:31] [INFO ] [notify] Email notification shown in-app for adib.mahmud@gmail.com
[2026-08-22 20:50:31] [INFO ] [notify] Adib Mahmud #7450007 delivered via: In-App + Email
[2026-08-22 20:50:31] [INFO ] [notify] In-App notification stored for Fardin Islam #7450008
[2026-08-22 20:50:31] [INFO ] [notify] Email notification shown in-app for fardin.islam@gmail.com
[2026-08-22 20:50:31] [INFO ] [notify] Fardin Islam #7450008 delivered via: In-App + Email
[2026-08-22 20:50:31] [INFO ] [notify] In-App notification stored for Nabil Haque #7450009
[2026-08-22 20:50:31] [INFO ] [notify] Email notification shown in-app for nabil.haque@gmail.com
[2026-08-22 20:50:31] [INFO ] [notify] Nabil Haque #7450009 delivered via: In-App + Email
[2026-08-22 20:50:31] [INFO ] [notify] In-App notification stored for Ruhan Chowdhury #7450010
[2026-08-22 20:50:31] [INFO ] [notify] Email notification shown in-app for ruhan.ch@gmail.com
[2026-08-22 20:50:31] [INFO ] [notify] Ruhan Chowdhury #7450010 delivered via: In-App + Email
[2026-08-22 20:50:31] [INFO ] [notify] In-App notification stored for Siam Uddin #7450011
[2026-08-22 20:50:31] [INFO ] [notify] Email notification shown in-app for siam.uddin@gmail.com
[2026-08-22 20:50:31] [INFO ] [notify] Siam Uddin #7450011 delivered via: In-App + Email
[2026-08-22 20:50:31] [INFO ] [notify] In-App notification stored for Ayon Mia #7450012
[2026-08-22 20:50:31] [INFO ] [notify] Email notification shown in-app for ayon.mia@gmail.com
[2026-08-22 20:50:31] [INFO ] [notify] Ayon Mia #7450012 delivered via: In-App + Email
[2026-08-22 20:50:31] [INFO ] [notify] In-App notification stored for Zihad Islam #7450013
[2026-08-22 20:50:31] [INFO ] [notify] Email notification shown in-app for zihad.islam@gmail.com
[2026-08-22 20:50:31] [INFO ] [notify] Zihad Islam #7450013 delivered via: In-App + Email
[2026-08-22 20:50:31] [INFO ] [notify] In-App notification stored for Rakib Hossain #7450014
[2026-08-22 20:50:31] [INFO ] [notify] Email notification shown in-app for rakib.h2@gmail.com
[2026-08-22 20:50:31] [INFO ] [notify] Rakib Hossain #7450014 delivered via: In-App + Email
[2026-08-22 20:50:31] [INFO ] [notify] In-App notification stored for Sajid Khan #7450015
[2026-08-22 20:50:31] [INFO ] [notify] Email notification shown in-app for sajid.khan@gmail.com
[2026-08-22 20:50:31] [INFO ] [notify] Sajid Khan #7450015 delivered via: In-App + Email
[2026-08-22 20:50:31] [INFO ] [notify] In-App notification stored for Tanvir Ahmed #7450016
[2026-08-22 20:50:31] [INFO ] [notify] Email notification shown in-app for tanvir.ahmed@gmail.com
[2026-08-22 20:50:31] [INFO ] [notify] Tanvir Ahmed #7450016 delivered via: In-App + Email
[2026-08-22 20:50:31] [INFO ] [notify] In-App notification stored for Riad Hasan #7450017
[2026-08-22 20:50:31] [INFO ] [notify] Email notification shown in-app for riad.hasan@gmail.com
[2026-08-22 20:50:31] [INFO ] [notify] Riad Hasan #7450017 delivered via: In-App + Email
[2026-08-22 20:50:31] [INFO ] [notify] In-App notification stored for Mahin Islam #7450018
[2026-08-22 20:50:31] [INFO ] [notify] Email notification shown in-app for mahin.islam@gmail.com
[2026-08-22 20:50:31] [INFO ] [notify] Mahin Islam #7450018 delivered via: In-App + Email
[2026-08-22 20:50:31] [INFO ] [notify] In-App notification stored for Iftekhar Rahman #7450019
[2026-08-22 20:50:31] [INFO ] [notify] Email notification shown in-app for iftekhar.rahman@gmail.com
[2026-08-22 20:50:31] [INFO ] [notify] Iftekhar Rahman #7450019 delivered via: In-App + Email
[2026-08-22 20:50:31] [INFO ] [notify] In-App notification stored for Anik Sarkar #7450020
[2026-08-22 20:50:31] [INFO ] [notify] Email notification shown in-app for anik.sarkar@gmail.com
[2026-08-22 20:50:31] [INFO ] [notify] Anik Sarkar #7450020 delivered via: In-App + Email
[2026-08-22 20:50:31] [INFO ] [notify] In-App notification stored for Shihab Uddin #7450021
[2026-08-22 20:50:31] [INFO ] [notify] Email notification shown in-app for shihab.uddin@gmail.com
[2026-08-22 20:50:31] [INFO ] [notify] Shihab Uddin #7450021 delivered via: In-App + Email
[2026-08-22 20:50:31] [INFO ] [notify] In-App notification stored for Foysal Mia #7450022
[2026-08-22 20:50:31] [INFO ] [notify] Email notification shown in-app for foysal.mia@gmail.com
[2026-08-22 20:50:31] [INFO ] [notify] Foysal Mia #7450022 delivered via: In-App + Email
[2026-08-22 20:50:31] [INFO ] [notify] In-App notification stored for Ashik Hassan #7450023
[2026-08-22 20:50:31] [INFO ] [notify] Email notification shown in-app for ashik.hassan@gmail.com
[2026-08-22 20:50:31] [INFO ] [notify] Ashik Hassan #7450023 delivered via: In-App + Email
[2026-08-22 20:50:31] [INFO ] [notify] In-App notification stored for Rony Islam #7450024
[2026-08-22 20:50:31] [INFO ] [notify] Email notification shown in-app for rony.islam@gmail.com
[2026-08-22 20:50:31] [INFO ] [notify] Rony Islam #7450024 delivered via: In-App + Email
[2026-08-22 20:50:31] [INFO ] [notify] In-App notification stored for Jubayer Ahmed #7450025
[2026-08-22 20:50:31] [INFO ] [notify] Email notification shown in-app for jubayer.ahmed@gmail.com
[2026-08-22 20:50:31] [INFO ] [notify] Jubayer Ahmed #7450025 delivered via: In-App + Email
[2026-08-22 20:50:31] [INFO ] [notify] In-App notification stored for Sabbir Rahman #7450026
[2026-08-22 20:50:31] [INFO ] [notify] Email notification shown in-app for sabbir.rahman@gmail.com
[2026-08-22 20:50:31] [INFO ] [notify] Sabbir Rahman #7450026 delivered via: In-App + Email
[2026-08-22 20:50:31] [INFO ] [notify] In-App notification stored for Rasel Hossain #7450027
[2026-08-22 20:50:31] [INFO ] [notify] Email notification shown in-app for rasel.h2@gmail.com
[2026-08-22 20:50:31] [INFO ] [notify] Rasel Hossain #7450027 delivered via: In-App + Email
[2026-08-22 20:50:31] [INFO ] [notify] In-App notification stored for Arafat Islam #7450028
[2026-08-22 20:50:31] [INFO ] [notify] Email notification shown in-app for arafat.islam@gmail.com
[2026-08-22 20:50:31] [INFO ] [notify] Arafat Islam #7450028 delivered via: In-App + Email
[2026-08-22 20:50:31] [INFO ] [notify] In-App notification stored for Sohan Khan #7450029
[2026-08-22 20:50:31] [INFO ] [notify] Email notification shown in-app for sohan.khan@gmail.com
[2026-08-22 20:50:31] [INFO ] [notify] Sohan Khan #7450029 delivered via: In-App + Email
[2026-08-22 20:50:31] [INFO ] [notify] In-App notification stored for Minhaz Rahman #7450030
[2026-08-22 20:50:31] [INFO ] [notify] Email notification shown in-app for minhaz.rahman@gmail.com
[2026-08-22 20:50:31] [INFO ] [notify] Minhaz Rahman #7450030 delivered via: In-App + Email
[2026-08-22 20:50:31] [INFO ] [notify] In-App notification stored for Riyad Hasan #7450031
[2026-08-22 20:50:31] [INFO ] [notify] Email notification shown in-app for riyad.hasan@gmail.com
[2026-08-22 20:50:31] [INFO ] [notify] Riyad Hasan #7450031 delivered via: In-App + Email
[2026-08-22 20:50:31] [INFO ] [notify] In-App notification stored for Fahad Islam #7450032
[2026-08-22 20:50:31] [INFO ] [notify] Email notification shown in-app for fahad.islam@gmail.com
[2026-08-22 20:50:31] [INFO ] [notify] Fahad Islam #7450032 delivered via: In-App + Email
[2026-08-22 20:50:31] [INFO ] [notify] In-App notification stored for Sakib Ahmed #7450033
[2026-08-22 20:50:31] [INFO ] [notify] Email notification shown in-app for sakib.ahmed@gmail.com
[2026-08-22 20:50:31] [INFO ] [notify] Sakib Ahmed #7450033 delivered via: In-App + Email
[2026-08-22 20:50:31] [INFO ] [notify] In-App notification stored for Imtiaz Hossain #7450034
[2026-08-22 20:50:31] [INFO ] [notify] Email notification shown in-app for imtiaz.hossain@gmail.com
[2026-08-22 20:50:31] [INFO ] [notify] Imtiaz Hossain #7450034 delivered via: In-App + Email
[2026-08-22 20:50:31] [INFO ] [notify] In-App notification stored for Shanto Islam #7450035
[2026-08-22 20:50:31] [INFO ] [notify] Email notification shown in-app for shanto.islam@gmail.com
[2026-08-22 20:50:31] [INFO ] [notify] Shanto Islam #7450035 delivered via: In-App + Email
[2026-08-22 20:50:31] [INFO ] [notify] In-App notification stored for Noman Khan #7450036
[2026-08-22 20:50:31] [INFO ] [notify] Email notification shown in-app for noman.khan@gmail.com
[2026-08-22 20:50:31] [INFO ] [notify] Noman Khan #7450036 delivered via: In-App + Email
[2026-08-22 20:50:31] [INFO ] [notify] In-App notification stored for Ashraf Uddin #7450037
[2026-08-22 20:50:31] [INFO ] [notify] Email notification shown in-app for ashraf.uddin@gmail.com
[2026-08-22 20:50:31] [INFO ] [notify] Ashraf Uddin #7450037 delivered via: In-App + Email
[2026-08-22 20:50:31] [INFO ] [notify] In-App notification stored for Tuhin Mia #7450038
[2026-08-22 20:50:31] [INFO ] [notify] Email notification shown in-app for tuhin.mia@gmail.com
[2026-08-22 20:50:31] [INFO ] [notify] Tuhin Mia #7450038 delivered via: In-App + Email
[2026-08-22 20:50:31] [INFO ] [notify] In-App notification stored for Parvez Hasan #7450039
[2026-08-22 20:50:31] [INFO ] [notify] Email notification shown in-app for parvez.hasan@gmail.com
[2026-08-22 20:50:31] [INFO ] [notify] Parvez Hasan #7450039 delivered via: In-App + Email
[2026-08-22 20:50:31] [INFO ] [notify] In-App notification stored for Mahfuz Rahman #7450040
[2026-08-22 20:50:31] [INFO ] [notify] Email notification shown in-app for mahfuz.rahman@gmail.com
[2026-08-22 20:50:31] [INFO ] [notify] Mahfuz Rahman #7450040 delivered via: In-App + Email
[2026-08-22 20:50:31] [INFO ] [notify] In-App notification stored for Raihan Islam #7450041
[2026-08-22 20:50:31] [INFO ] [notify] Email notification shown in-app for raihan.islam@gmail.com
[2026-08-22 20:50:31] [INFO ] [notify] Raihan Islam #7450041 delivered via: In-App + Email
[2026-08-22 20:50:31] [INFO ] [notify] In-App notification stored for Shamim Ahmed #7450042
[2026-08-22 20:50:31] [INFO ] [notify] Email notification shown in-app for shamim.ahmed@gmail.com
[2026-08-22 20:50:31] [INFO ] [notify] Shamim Ahmed #7450042 delivered via: In-App + Email
[2026-08-22 20:50:31] [INFO ] [notify] In-App notification stored for Emon Hossain #7450043
[2026-08-22 20:50:31] [INFO ] [notify] Email notification shown in-app for emon.hossain@gmail.com
[2026-08-22 20:50:31] [INFO ] [notify] Emon Hossain #7450043 delivered via: In-App + Email
[2026-08-22 20:50:31] [INFO ] [notify] In-App notification stored for Jahid Islam #7450044
[2026-08-22 20:50:31] [INFO ] [notify] Email notification shown in-app for jahid.islam@gmail.com
[2026-08-22 20:50:31] [INFO ] [notify] Jahid Islam #7450044 delivered via: In-App + Email
[2026-08-22 20:50:31] [INFO ] [notify] In-App notification stored for Rifat Khan #7450045
[2026-08-22 20:50:31] [INFO ] [notify] Email notification shown in-app for rifat.khan@gmail.com
[2026-08-22 20:50:31] [INFO ] [notify] Rifat Khan #7450045 delivered via: In-App + Email
[2026-08-22 20:50:31] [INFO ] [notify] In-App notification stored for Masud Rahman #7450046
[2026-08-22 20:50:31] [INFO ] [notify] Email notification shown in-app for masud.rahman@gmail.com
[2026-08-22 20:50:31] [INFO ] [notify] Masud Rahman #7450046 delivered via: In-App + Email
[2026-08-22 20:50:31] [INFO ] [notify] In-App notification stored for Bashir Uddin #7450047
[2026-08-22 20:50:31] [INFO ] [notify] Email notification shown in-app for bashir.uddin@gmail.com
[2026-08-22 20:50:31] [INFO ] [notify] Bashir Uddin #7450047 delivered via: In-App + Email
[2026-08-22 20:50:31] [INFO ] [notify] In-App notification stored for Shafi Islam #7450048
[2026-08-22 20:50:31] [INFO ] [notify] Email notification shown in-app for shafi.islam@gmail.com
[2026-08-22 20:50:31] [INFO ] [notify] Shafi Islam #7450048 delivered via: In-App + Email
[2026-08-22 20:50:31] [INFO ] [notify] In-App notification stored for Tareq Hasan #7450049
[2026-08-22 20:50:31] [INFO ] [notify] Email notification shown in-app for tareq.hasan@gmail.com
[2026-08-22 20:50:31] [INFO ] [notify] Tareq Hasan #7450049 delivered via: In-App + Email
[2026-08-22 20:50:31] [INFO ] [notify] In-App notification stored for Rashed Khan #7450050
[2026-08-22 20:50:31] [INFO ] [notify] Email notification shown in-app for rashed.khan@gmail.com
[2026-08-22 20:50:31] [INFO ] [notify] Rashed Khan #7450050 delivered via: In-App + Email
[2026-08-22 20:50:31] [INFO ] [notify] In-App notification stored for Naim Islam #7450051
[2026-08-22 20:50:31] [INFO ] [notify] Email notification shown in-app for naim.islam@gmail.com
[2026-08-22 20:50:31] [INFO ] [notify] Naim Islam #7450051 delivered via: In-App + Email
[2026-08-22 20:50:31] [INFO ] [notify] In-App notification stored for Firoz Ahmed #7450052
[2026-08-22 20:50:31] [INFO ] [notify] Email notification shown in-app for firoz.ahmed@gmail.com
[2026-08-22 20:50:31] [INFO ] [notify] Firoz Ahmed #7450052 delivered via: In-App + Email
[2026-08-22 20:50:31] [INFO ] [notify] In-App notification stored for Iqbal Hossain #7450053
[2026-08-22 20:50:31] [INFO ] [notify] Email notification shown in-app for iqbal.hossain@gmail.com
[2026-08-22 20:50:31] [INFO ] [notify] Iqbal Hossain #7450053 delivered via: In-App + Email
[2026-08-22 20:50:31] [INFO ] [notify] In-App notification stored for Nazmul Islam #7450054
[2026-08-22 20:50:31] [INFO ] [notify] Email notification shown in-app for nazmul.islam@gmail.com
[2026-08-22 20:50:31] [INFO ] [notify] Nazmul Islam #7450054 delivered via: In-App + Email
[2026-08-22 20:50:31] [INFO ] [notify] In-App notification stored for Kawsar Khan #7450055
[2026-08-22 20:50:31] [INFO ] [notify] Email notification shown in-app for kawsar.khan@gmail.com
[2026-08-22 20:50:31] [INFO ] [notify] Kawsar Khan #7450055 delivered via: In-App + Email
[2026-08-22 20:50:31] [INFO ] [notify] In-App notification stored for Sujon Mia #7450056
[2026-08-22 20:50:31] [INFO ] [notify] Email notification shown in-app for sujon.mia@gmail.com
[2026-08-22 20:50:31] [INFO ] [notify] Sujon Mia #7450056 delivered via: In-App + Email
[2026-08-22 20:50:31] [INFO ] [notify] In-App notification stored for Habib Rahman #7450057
[2026-08-22 20:50:31] [INFO ] [notify] Email notification shown in-app for habib.rahman@gmail.com
[2026-08-22 20:50:31] [INFO ] [notify] Habib Rahman #7450057 delivered via: In-App + Email
[2026-08-22 20:50:31] [INFO ] [notify] In-App notification stored for Alif Hasan #7450058
[2026-08-22 20:50:31] [INFO ] [notify] Email notification shown in-app for alif.hasan@gmail.com
[2026-08-22 20:50:31] [INFO ] [notify] Alif Hasan #7450058 delivered via: In-App + Email
[2026-08-22 20:50:31] [INFO ] [notify] In-App notification stored for Rokon Uddin #7450059
[2026-08-22 20:50:31] [INFO ] [notify] Email notification shown in-app for rokon.uddin@gmail.com
[2026-08-22 20:50:31] [INFO ] [notify] Rokon Uddin #7450059 delivered via: In-App + Email
[2026-08-22 20:50:31] [INFO ] [notify] In-App notification stored for Jony Islam #7450060
[2026-08-22 20:50:31] [INFO ] [notify] Email notification shown in-app for jony.islam@gmail.com
[2026-08-22 20:50:31] [INFO ] [notify] Jony Islam #7450060 delivered via: In-App + Email
[2026-08-22 20:50:31] [INFO ] [notify] In-App notification stored for Sazzad Khan #7450061
[2026-08-22 20:50:31] [INFO ] [notify] Email notification shown in-app for sazzad.khan@gmail.com
[2026-08-22 20:50:31] [INFO ] [notify] Sazzad Khan #7450061 delivered via: In-App + Email
[2026-08-22 20:50:31] [INFO ] [notify] In-App notification stored for Shawon Ahmed #7450062
[2026-08-22 20:50:32] [INFO ] [notify] Email notification shown in-app for shawon.ahmed@gmail.com
[2026-08-22 20:50:32] [INFO ] [notify] Shawon Ahmed #7450062 delivered via: In-App + Email
[2026-08-22 20:50:32] [INFO ] [notify] In-App notification stored for Mahdi Islam #7450063
[2026-08-22 20:50:32] [INFO ] [notify] Email notification shown in-app for mahdi.islam@gmail.com
[2026-08-22 20:50:32] [INFO ] [notify] Mahdi Islam #7450063 delivered via: In-App + Email
[2026-08-22 20:50:32] [INFO ] [notify] In-App notification stored for Zakir Hossain #7450064
[2026-08-22 20:50:32] [INFO ] [notify] Email notification shown in-app for zakir.hossain@gmail.com
[2026-08-22 20:50:32] [INFO ] [notify] Zakir Hossain #7450064 delivered via: In-App + Email
[2026-08-22 20:50:32] [INFO ] [notify] In-App notification stored for Sami Rahman #7450065
[2026-08-22 20:50:32] [INFO ] [notify] Email notification shown in-app for sami.rahman@gmail.com
[2026-08-22 20:50:32] [INFO ] [notify] Sami Rahman #7450065 delivered via: In-App + Email
[2026-08-22 20:50:32] [INFO ] [notify] In-App notification stored for Tanim Islam #7450066
[2026-08-22 20:50:32] [INFO ] [notify] Email notification shown in-app for tanim.islam@gmail.com
[2026-08-22 20:50:32] [INFO ] [notify] Tanim Islam #7450066 delivered via: In-App + Email
[2026-08-22 20:50:32] [INFO ] [notify] In-App notification stored for Ishrat Jahan #7569211
[2026-08-22 20:50:32] [INFO ] [notify] Email notification shown in-app for ishrat.jahan@yahoo.com
[2026-08-22 20:50:32] [INFO ] [notify] Ishrat Jahan #7569211 delivered via: In-App + Email
[2026-08-22 20:50:32] [INFO ] [notify] In-App notification stored for Amina Khatun #7600001
[2026-08-22 20:50:32] [INFO ] [notify] Email notification shown in-app for amina.khatun@gmail.com
[2026-08-22 20:50:32] [INFO ] [notify] Amina Khatun #7600001 delivered via: In-App + Email
[2026-08-22 20:50:32] [INFO ] [notify] In-App notification stored for Rohan Ahmed #7600002
[2026-08-22 20:50:32] [INFO ] [notify] Email notification shown in-app for rohan.ahmed@gmail.com
[2026-08-22 20:50:32] [INFO ] [notify] Rohan Ahmed #7600002 delivered via: In-App + Email
[2026-08-22 20:50:32] [INFO ] [notify] In-App notification stored for Sadia Islam #7600003
[2026-08-22 20:50:32] [INFO ] [notify] Email notification shown in-app for sadia.islam@gmail.com
[2026-08-22 20:50:32] [INFO ] [notify] Sadia Islam #7600003 delivered via: In-App + Email
[2026-08-22 20:50:32] [INFO ] [notify] In-App notification stored for Imran Hossain #7600004
[2026-08-22 20:50:32] [INFO ] [notify] Email notification shown in-app for imran.hossain@gmail.com
[2026-08-22 20:50:32] [INFO ] [notify] Imran Hossain #7600004 delivered via: In-App + Email
[2026-08-22 20:50:32] [INFO ] [notify] In-App notification stored for Nabila Khan #7600005
[2026-08-22 20:50:32] [INFO ] [notify] Email notification shown in-app for nabila.khan@gmail.com
[2026-08-22 20:50:32] [INFO ] [notify] Nabila Khan #7600005 delivered via: In-App + Email
[2026-08-22 20:50:32] [INFO ] [notify] In-App notification stored for Saif Uddin #7600006
[2026-08-22 20:50:32] [INFO ] [notify] Email notification shown in-app for saif.uddin@gmail.com
[2026-08-22 20:50:32] [INFO ] [notify] Saif Uddin #7600006 delivered via: In-App + Email
[2026-08-22 20:50:32] [INFO ] [notify] In-App notification stored for Farhan Miah #7600007
[2026-08-22 20:50:32] [INFO ] [notify] Email notification shown in-app for farhan.miah@gmail.com
[2026-08-22 20:50:32] [INFO ] [notify] Farhan Miah #7600007 delivered via: In-App + Email
[2026-08-22 20:50:32] [INFO ] [notify] In-App notification stored for Lamia Chowdhury #7600008
[2026-08-22 20:50:32] [INFO ] [notify] Email notification shown in-app for lamia.chowdhury@gmail.com
[2026-08-22 20:50:32] [INFO ] [notify] Lamia Chowdhury #7600008 delivered via: In-App + Email
[2026-08-22 20:50:32] [INFO ] [notify] In-App notification stored for Arif Rahman #7600009
[2026-08-22 20:50:32] [INFO ] [notify] Email notification shown in-app for arif.rahman@gmail.com
[2026-08-22 20:50:32] [INFO ] [notify] Arif Rahman #7600009 delivered via: In-App + Email
[2026-08-22 20:50:32] [INFO ] [notify] In-App notification stored for Tania Sultana #7600010
[2026-08-22 20:50:32] [INFO ] [notify] Email notification shown in-app for tania.sultana@gmail.com
[2026-08-22 20:50:32] [INFO ] [notify] Tania Sultana #7600010 delivered via: In-App + Email
[2026-08-22 20:50:32] [INFO ] [notify] In-App notification stored for Mehedi Hasan #7600011
[2026-08-22 20:50:32] [INFO ] [notify] Email notification shown in-app for mehedi.hasan@gmail.com
[2026-08-22 20:50:32] [INFO ] [notify] Mehedi Hasan #7600011 delivered via: In-App + Email
[2026-08-22 20:50:32] [INFO ] [notify] In-App notification stored for Jarin Akter #7600012
[2026-08-22 20:50:32] [INFO ] [notify] Email notification shown in-app for jarin.akter@gmail.com
[2026-08-22 20:50:32] [INFO ] [notify] Jarin Akter #7600012 delivered via: In-App + Email
[2026-08-22 20:50:32] [INFO ] [notify] In-App notification stored for Omar Faruk #7600013
[2026-08-22 20:50:32] [INFO ] [notify] Email notification shown in-app for omar.faruk@gmail.com
[2026-08-22 20:50:32] [INFO ] [notify] Omar Faruk #7600013 delivered via: In-App + Email
[2026-08-22 20:50:32] [INFO ] [notify] In-App notification stored for Maliha Tasnim #7600014
[2026-08-22 20:50:32] [INFO ] [notify] Email notification shown in-app for maliha.tasnim@gmail.com
[2026-08-22 20:50:32] [INFO ] [notify] Maliha Tasnim #7600014 delivered via: In-App + Email
[2026-08-22 20:50:32] [INFO ] [notify] In-App notification stored for Ridwan Khan #7600015
[2026-08-22 20:50:32] [INFO ] [notify] Email notification shown in-app for ridwan.khan@gmail.com
[2026-08-22 20:50:32] [INFO ] [notify] Ridwan Khan #7600015 delivered via: In-App + Email
[2026-08-22 20:50:32] [INFO ] [notify] In-App notification stored for Sakib Alam #7600016
[2026-08-22 20:50:32] [INFO ] [notify] Email notification shown in-app for sakib.alam@gmail.com
[2026-08-22 20:50:32] [INFO ] [notify] Sakib Alam #7600016 delivered via: In-App + Email
[2026-08-22 20:50:32] [INFO ] [notify] In-App notification stored for Nusrat Jahan #7600017
[2026-08-22 20:50:32] [INFO ] [notify] Email notification shown in-app for nusrat.jahan@gmail.com
[2026-08-22 20:50:32] [INFO ] [notify] Nusrat Jahan #7600017 delivered via: In-App + Email
[2026-08-22 20:50:32] [INFO ] [notify] In-App notification stored for Tahmid Ahmed #7600018
[2026-08-22 20:50:32] [INFO ] [notify] Email notification shown in-app for tahmid.ahmed@gmail.com
[2026-08-22 20:50:32] [INFO ] [notify] Tahmid Ahmed #7600018 delivered via: In-App + Email
[2026-08-22 20:50:32] [INFO ] [notify] In-App notification stored for Mim Akter #7600019
[2026-08-22 20:50:32] [INFO ] [notify] Email notification shown in-app for mim.akter@gmail.com
[2026-08-22 20:50:32] [INFO ] [notify] Mim Akter #7600019 delivered via: In-App + Email
[2026-08-22 20:50:32] [INFO ] [notify] In-App notification stored for Zayed Hossain #7600020
[2026-08-22 20:50:32] [INFO ] [notify] Email notification shown in-app for zayed.hossain@gmail.com
[2026-08-22 20:50:32] [INFO ] [notify] Zayed Hossain #7600020 delivered via: In-App + Email
[2026-08-22 20:50:32] [INFO ] [notify] In-App notification stored for Afsana Miah #7600021
[2026-08-22 20:50:32] [INFO ] [notify] Email notification shown in-app for afsana.miah@gmail.com
[2026-08-22 20:50:32] [INFO ] [notify] Afsana Miah #7600021 delivered via: In-App + Email
[2026-08-22 20:50:32] [INFO ] [notify] In-App notification stored for Rayhan Kabir #7600022
[2026-08-22 20:50:32] [INFO ] [notify] Email notification shown in-app for rayhan.kabir@gmail.com
[2026-08-22 20:50:32] [INFO ] [notify] Rayhan Kabir #7600022 delivered via: In-App + Email
[2026-08-22 20:50:32] [INFO ] [notify] In-App notification stored for Shifa Tasnim #7600023
[2026-08-22 20:50:32] [INFO ] [notify] Email notification shown in-app for shifa.tasnim@gmail.com
[2026-08-22 20:50:32] [INFO ] [notify] Shifa Tasnim #7600023 delivered via: In-App + Email
[2026-08-22 20:50:32] [INFO ] [notify] In-App notification stored for Abrar Rahman #7600024
[2026-08-22 20:50:32] [INFO ] [notify] Email notification shown in-app for abrar.rahman@gmail.com
[2026-08-22 20:50:32] [INFO ] [notify] Abrar Rahman #7600024 delivered via: In-App + Email
[2026-08-22 20:50:32] [INFO ] [notify] In-App notification stored for Sohana Islam #7600025
[2026-08-22 20:50:32] [INFO ] [notify] Email notification shown in-app for sohana.islam@gmail.com
[2026-08-22 20:50:32] [INFO ] [notify] Sohana Islam #7600025 delivered via: In-App + Email
[2026-08-22 20:50:32] [INFO ] [notify] In-App notification stored for Ehsan Khan #7600026
[2026-08-22 20:50:32] [INFO ] [notify] Email notification shown in-app for ehsan.khan@gmail.com
[2026-08-22 20:50:32] [INFO ] [notify] Ehsan Khan #7600026 delivered via: In-App + Email
[2026-08-22 20:50:32] [INFO ] [notify] In-App notification stored for Raisa Khatun #7600027
[2026-08-22 20:50:32] [INFO ] [notify] Email notification shown in-app for raisa.khatun@gmail.com
[2026-08-22 20:50:32] [INFO ] [notify] Raisa Khatun #7600027 delivered via: In-App + Email
[2026-08-22 20:50:32] [INFO ] [notify] In-App notification stored for Mahin Ahmed #7600028
[2026-08-22 20:50:32] [INFO ] [notify] Email notification shown in-app for mahin.ahmed@gmail.com
[2026-08-22 20:50:32] [INFO ] [notify] Mahin Ahmed #7600028 delivered via: In-App + Email
[2026-08-22 20:50:32] [INFO ] [notify] In-App notification stored for Liza Akter #7600029
[2026-08-22 20:50:32] [INFO ] [notify] Email notification shown in-app for liza.akter@gmail.com
[2026-08-22 20:50:32] [INFO ] [notify] Liza Akter #7600029 delivered via: In-App + Email
[2026-08-22 20:50:32] [INFO ] [notify] In-App notification stored for Jawad Hasan #7600030
[2026-08-22 20:50:32] [INFO ] [notify] Email notification shown in-app for jawad.hasan@gmail.com
[2026-08-22 20:50:32] [INFO ] [notify] Jawad Hasan #7600030 delivered via: In-App + Email
[2026-08-22 20:50:32] [INFO ] [notify] In-App notification stored for Nayla Jahan #7600031
[2026-08-22 20:50:32] [INFO ] [notify] Email notification shown in-app for nayla.jahan@gmail.com
[2026-08-22 20:50:32] [INFO ] [notify] Nayla Jahan #7600031 delivered via: In-App + Email
[2026-08-22 20:50:32] [INFO ] [notify] In-App notification stored for Ratul Islam #7600032
[2026-08-22 20:50:32] [INFO ] [notify] Email notification shown in-app for ratul.islam@gmail.com
[2026-08-22 20:50:32] [INFO ] [notify] Ratul Islam #7600032 delivered via: In-App + Email
[2026-08-22 20:50:32] [INFO ] [notify] In-App notification stored for Iffat Sultana #7600033
[2026-08-22 20:50:32] [INFO ] [notify] Email notification shown in-app for iffat.sultana@gmail.com
[2026-08-22 20:50:32] [INFO ] [notify] Iffat Sultana #7600033 delivered via: In-App + Email
[2026-08-22 20:50:32] [INFO ] [notify] In-App notification stored for Siam Khan #7600034
[2026-08-22 20:50:32] [INFO ] [notify] Email notification shown in-app for siam.khan@gmail.com
[2026-08-22 20:50:32] [INFO ] [notify] Siam Khan #7600034 delivered via: In-App + Email
[2026-08-22 20:50:32] [INFO ] [notify] In-App notification stored for Ayan Faruk #7600036
[2026-08-22 20:50:32] [INFO ] [notify] Email notification shown in-app for ayan.faruk@gmail.com
[2026-08-22 20:50:32] [INFO ] [notify] Ayan Faruk #7600036 delivered via: In-App + Email
[2026-08-22 20:50:32] [INFO ] [notify] In-App notification stored for Nafisa Khatun #7600037
[2026-08-22 20:50:32] [INFO ] [notify] Email notification shown in-app for nafisa.khatun@gmail.com
[2026-08-22 20:50:32] [INFO ] [notify] Nafisa Khatun #7600037 delivered via: In-App + Email
[2026-08-22 20:50:32] [INFO ] [notify] In-App notification stored for Labib Ahmed #7600038
[2026-08-22 20:50:32] [INFO ] [notify] Email notification shown in-app for labib.ahmed@gmail.com
[2026-08-22 20:50:32] [INFO ] [notify] Labib Ahmed #7600038 delivered via: In-App + Email
[2026-08-22 20:50:32] [INFO ] [notify] In-App notification stored for Zara Khan #7600039
[2026-08-22 20:50:32] [INFO ] [notify] Email notification shown in-app for zara.khan@gmail.com
[2026-08-22 20:50:32] [INFO ] [notify] Zara Khan #7600039 delivered via: In-App + Email
[2026-08-22 20:50:32] [INFO ] [notify] In-App notification stored for Fahad Rahman #7600040
[2026-08-22 20:50:32] [INFO ] [notify] Email notification shown in-app for fahad.rahman@gmail.com
[2026-08-22 20:50:32] [INFO ] [notify] Fahad Rahman #7600040 delivered via: In-App + Email
[2026-08-22 20:50:32] [INFO ] [notify] In-App notification stored for Shila Akter #7634891
[2026-08-22 20:50:32] [INFO ] [notify] Email notification shown in-app for shila.akter@yahoo.com
[2026-08-22 20:50:32] [INFO ] [notify] Shila Akter #7634891 delivered via: In-App + Email
[2026-08-22 20:50:32] [INFO ] [notify] In-App notification stored for Sadia Ferdous #7644433
[2026-08-22 20:50:32] [INFO ] [notify] Email notification shown in-app for sadia.ferdous@yahoo.com
[2026-08-22 20:50:32] [INFO ] [notify] Sadia Ferdous #7644433 delivered via: In-App + Email
[2026-08-22 20:50:32] [INFO ] [notify] In-App notification stored for Sumaiya Khatun #7648201
[2026-08-22 20:50:32] [INFO ] [notify] Email notification shown in-app for sumaiya.khatun@gmail.com
[2026-08-22 20:50:32] [INFO ] [notify] Sumaiya Khatun #7648201 delivered via: In-App + Email
[2026-08-22 20:50:32] [INFO ] [notify] In-App notification stored for Niloy Karim #7732091
[2026-08-22 20:50:32] [INFO ] [notify] Email notification shown in-app for niloy.karim@yahoo.com
[2026-08-22 20:50:32] [INFO ] [notify] Niloy Karim #7732091 delivered via: In-App + Email
[2026-08-22 20:50:32] [INFO ] [notify] In-App notification stored for Sohana Sultana #7812393
[2026-08-22 20:50:32] [INFO ] [notify] Email notification shown in-app for sohana.sultana@yahoo.com
[2026-08-22 20:50:32] [INFO ] [notify] Sohana Sultana #7812393 delivered via: In-App + Email
[2026-08-22 20:50:32] [INFO ] [notify] In-App notification stored for Rasel Ahmed #7829891
[2026-08-22 20:50:32] [INFO ] [notify] Email notification shown in-app for rasel.ahmed@gmail.com
[2026-08-22 20:50:32] [INFO ] [notify] Rasel Ahmed #7829891 delivered via: In-App + Email
[2026-08-22 20:50:32] [INFO ] [notify] In-App notification stored for Mamun Chowdhury #7845990
[2026-08-22 20:50:32] [INFO ] [notify] Email notification shown in-app for mamun.chowdhury@gmail.com
[2026-08-22 20:50:32] [INFO ] [notify] Mamun Chowdhury #7845990 delivered via: In-App + Email
[2026-08-22 20:50:32] [INFO ] [notify] In-App notification stored for Farzana Yasmin #7882345
[2026-08-22 20:50:32] [INFO ] [notify] Email notification shown in-app for farzana.yasmin@gmail.com
[2026-08-22 20:50:32] [INFO ] [notify] Farzana Yasmin #7882345 delivered via: In-App + Email
[2026-08-22 20:50:32] [INFO ] [notify] In-App notification stored for Sharmin Akhter #7932441
[2026-08-22 20:50:32] [INFO ] [notify] Email notification shown in-app for sharmin.akhter@yahoo.com
[2026-08-22 20:50:32] [INFO ] [notify] Sharmin Akhter #7932441 delivered via: In-App + Email
[2026-08-22 20:50:32] [INFO ] [notify] In-App notification stored for Arif Mahmud #7940012
[2026-08-22 20:50:32] [INFO ] [notify] Email notification shown in-app for arif.mahmud@gmail.com
[2026-08-22 20:50:32] [INFO ] [notify] Arif Mahmud #7940012 delivered via: In-App + Email
[2026-08-22 20:50:32] [INFO ] [notify] In-App notification stored for Rafi Islam #7993544
[2026-08-22 20:50:32] [INFO ] [notify] Email notification shown in-app for rafi.islam@gmail.com
[2026-08-22 20:50:32] [INFO ] [notify] Rafi Islam #7993544 delivered via: In-App + Email
[2026-08-22 20:50:32] [INFO ] [notify] In-App notification stored for Hasan Khan #8124593
[2026-08-22 20:50:32] [INFO ] [notify] Email notification shown in-app for hasan.khan@gmail.com
[2026-08-22 20:50:32] [INFO ] [notify] Hasan Khan #8124593 delivered via: In-App + Email
[2026-08-22 20:50:32] [INFO ] [notify] In-App notification stored for Nausicaaa Rren #9500105
[2026-08-22 20:50:32] [INFO ] [notify] Email notification shown in-app for rn@gmail.com
[2026-08-22 20:50:32] [INFO ] [notify] Nausicaaa Rren #9500105 delivered via: In-App + Email
[2026-08-22 20:50:32] [INFO ] [notify] In-App notification stored for Ahnaf Nehal #10000000
[2026-08-22 20:50:32] [INFO ] [notify] Email notification shown in-app for orpatasnimejannat@gmail.com
[2026-08-22 20:50:32] [INFO ] [notify] Ahnaf Nehal #10000000 delivered via: In-App + Email
[2026-08-22 20:50:32] [INFO ] [notify] In-App notification stored for Mumtahina Naomi #10000002
[2026-08-22 20:50:32] [INFO ] [notify] Email notification shown in-app for naomi@gmail.com
[2026-08-22 20:50:32] [INFO ] [notify] Mumtahina Naomi #10000002 delivered via: In-App + Email
[2026-08-22 20:50:32] [INFO ] [notify] In-App notification stored for Habiba ww #10000006
[2026-08-22 20:50:32] [INFO ] [notify] Email notification shown in-app for we@gmail.com
[2026-08-22 20:50:32] [INFO ] [notify] Habiba ww #10000006 delivered via: In-App + Email
[2026-08-22 20:50:32] [INFO ] [notify] In-App notification stored for Nanjiba Nisa #10000007
[2026-08-22 20:50:32] [INFO ] [notify] Email notification shown in-app for nanjiba789@gmail.com
[2026-08-22 20:50:32] [INFO ] [notify] Nanjiba Nisa #10000007 delivered via: In-App + Email
[2026-08-22 20:50:32] [INFO ] [notify] In-App notification stored for Sudad Masnun #10000009
[2026-08-22 20:50:32] [INFO ] [notify] SMS notification shown in-app for 01770108190
[2026-08-22 20:50:32] [INFO ] [notify] Push notification shown in-app for Sudad Masnun
[2026-08-22 20:50:32] [INFO ] [notify] Sudad Masnun #10000009 delivered via: In-App + SMS + Push
[2026-08-22 20:50:32] [INFO ] [notify] In-App notification stored for AKM Iqtidar Newaz #10000010
[2026-08-22 20:50:32] [INFO ] [notify] Email notification shown in-app for Iqtidar@gmail.com
[2026-08-22 20:50:32] [INFO ] [notify] AKM Iqtidar Newaz #10000010 delivered via: In-App + Email
[2026-08-23 03:25:03] [INFO ] AgriSphere C++ backend starting
[2026-08-23 03:25:03] [INFO ] Configuration loaded from config\backend.ini
[2026-08-23 03:25:03] [INFO ] DatabaseManager ready: 4 connection(s) to 127.0.0.1:3306/cse311 lab project
[2026-08-23 03:25:03] [INFO ] PaymentCreatorRegistry: 7 payment method key(s) registered
[2026-08-23 03:25:03] [INFO ] HTTP API listening on http://127.0.0.1:8787 (8 worker threads)
[2026-08-23 04:07:56] [INFO ] Shutdown requested, stopping the AgriSphere backend...
[2026-08-23 10:16:14] [INFO ] AgriSphere C++ backend starting
[2026-08-23 10:16:14] [INFO ] Configuration loaded from config\backend.ini
[2026-08-23 10:16:14] [INFO ] DatabaseManager ready: 4 connection(s) to 127.0.0.1:3306/cse311 lab project
[2026-08-23 10:16:14] [INFO ] PaymentCreatorRegistry: 7 payment method key(s) registered
[2026-08-23 10:16:14] [INFO ] HTTP API listening on http://127.0.0.1:8787 (8 worker threads)
[2026-08-23 10:22:24] [INFO ] DiscountService: 141 member observer(s) subscribed to the discount subject
[2026-08-23 10:22:24] [INFO ] DiscountSubject: notifying 142 observer(s) about "10% off Turmeric (Holud)"
[2026-08-23 10:22:24] [INFO ] [discount] Farmer Labib Miah has discounted Turmeric (Holud) by 10%. The price is now BDT 180.00 instead of BDT 200.00.
[2026-08-23 10:22:24] [INFO ] [notify] In-App notification stored for Ahsan Kabir #7029344
[2026-08-23 10:22:24] [INFO ] [notify] SMS notification shown in-app for 01722334455
[2026-08-23 10:22:24] [INFO ] [notify] Push notification shown in-app for Ahsan Kabir
[2026-08-23 10:22:24] [INFO ] [notify] Ahsan Kabir #7029344 delivered via: In-App + SMS + Push
[2026-08-23 10:22:24] [INFO ] [notify] In-App notification stored for Nusrat Jahan #7065411
[2026-08-23 10:22:24] [INFO ] [notify] Email notification shown in-app for nusrat.jahan@yahoo.com
[2026-08-23 10:22:24] [INFO ] [notify] Nusrat Jahan #7065411 delivered via: In-App + Email
[2026-08-23 10:22:24] [INFO ] [notify] In-App notification stored for Sultana Begum #7123988
[2026-08-23 10:22:24] [INFO ] [notify] Email notification shown in-app for sultana.begum@yahoo.com
[2026-08-23 10:22:24] [INFO ] [notify] Sultana Begum #7123988 delivered via: In-App + Email
[2026-08-23 10:22:24] [INFO ] [notify] In-App notification stored for Mitu Begum #7159033
[2026-08-23 10:22:24] [INFO ] [notify] Email notification shown in-app for mitu.begum@yahoo.com
[2026-08-23 10:22:24] [INFO ] [notify] Mitu Begum #7159033 delivered via: In-App + Email
[2026-08-23 10:22:24] [INFO ] [notify] In-App notification stored for Rakin Hasib #7165321
[2026-08-23 10:22:24] [INFO ] [notify] Email notification shown in-app for rakin.hasib@gmail.com
[2026-08-23 10:22:24] [INFO ] [notify] Rakin Hasib #7165321 delivered via: In-App + Email
[2026-08-23 10:22:24] [INFO ] [notify] In-App notification stored for Mariya Sultana #7183440
[2026-08-23 10:22:24] [INFO ] [notify] Email notification shown in-app for mariya.sultana@gmail.com
[2026-08-23 10:22:24] [INFO ] [notify] Mariya Sultana #7183440 delivered via: In-App + Email
[2026-08-23 10:22:24] [INFO ] [notify] In-App notification stored for Tania Sultana #7203401
[2026-08-23 10:22:24] [INFO ] [notify] Email notification shown in-app for tania.sultana@gmail.com
[2026-08-23 10:22:24] [INFO ] [notify] Tania Sultana #7203401 delivered via: In-App + Email
[2026-08-23 10:22:24] [INFO ] [notify] In-App notification stored for Sabrina Chowdhury #7219033
[2026-08-23 10:22:24] [INFO ] [notify] Email notification shown in-app for sabrina.chy@gmail.com
[2026-08-23 10:22:24] [INFO ] [notify] Sabrina Chowdhury #7219033 delivered via: In-App + Email
[2026-08-23 10:22:24] [INFO ] [notify] In-App notification stored for Nahid Hasan #7250934
[2026-08-23 10:22:24] [INFO ] [notify] Email notification shown in-app for nahid.hasan@yahoo.com
[2026-08-23 10:22:24] [INFO ] [notify] Nahid Hasan #7250934 delivered via: In-App + Email
[2026-08-23 10:22:24] [INFO ] [notify] In-App notification stored for Sakib Ahmed #7283590
[2026-08-23 10:22:24] [INFO ] [notify] Email notification shown in-app for sakib.ahmed@gmail.com
[2026-08-23 10:22:24] [INFO ] [notify] Sakib Ahmed #7283590 delivered via: In-App + Email
[2026-08-23 10:22:24] [INFO ] [notify] In-App notification stored for Mou Akter #7331220
[2026-08-23 10:22:24] [INFO ] [notify] Email notification shown in-app for mou.akter@yahoo.com
[2026-08-23 10:22:24] [INFO ] [notify] Mou Akter #7331220 delivered via: In-App + Email
[2026-08-23 10:22:24] [INFO ] [notify] In-App notification stored for Rumana Akter #7338912
[2026-08-23 10:22:24] [INFO ] [notify] Email notification shown in-app for rumana.akter@gmail.com
[2026-08-23 10:22:24] [INFO ] [notify] Rumana Akter #7338912 delivered via: In-App + Email
[2026-08-23 10:22:24] [INFO ] [notify] In-App notification stored for Saif Rahman #7412891
[2026-08-23 10:22:24] [INFO ] [notify] Email notification shown in-app for saif.rahman@gmail.com
[2026-08-23 10:22:24] [INFO ] [notify] Saif Rahman #7412891 delivered via: In-App + Email
[2026-08-23 10:22:24] [INFO ] [notify] In-App notification stored for Lamia Khan #7419083
[2026-08-23 10:22:24] [INFO ] [notify] Email notification shown in-app for lamia.khan@gmail.com
[2026-08-23 10:22:24] [INFO ] [notify] Lamia Khan #7419083 delivered via: In-App + Email
[2026-08-23 10:22:24] [INFO ] [notify] In-App notification stored for Tamanna Akter #7429834
[2026-08-23 10:22:24] [INFO ] [notify] Email notification shown in-app for tamanna.akter@gmail.com
[2026-08-23 10:22:24] [INFO ] [notify] Tamanna Akter #7429834 delivered via: In-App + Email
[2026-08-23 10:22:24] [INFO ] [notify] In-App notification stored for Jannat Khanam #7440193
[2026-08-23 10:22:24] [INFO ] [notify] Email notification shown in-app for jannat.khanam@gmail.com
[2026-08-23 10:22:24] [INFO ] [notify] Jannat Khanam #7440193 delivered via: In-App + Email
[2026-08-23 10:22:24] [INFO ] [notify] In-App notification stored for Arif Hossain #7450001
[2026-08-23 10:22:24] [INFO ] [notify] Email notification shown in-app for arif.hossain@gmail.com
[2026-08-23 10:22:24] [INFO ] [notify] Arif Hossain #7450001 delivered via: In-App + Email
[2026-08-23 10:22:24] [INFO ] [notify] In-App notification stored for Rafi Islam #7450002
[2026-08-23 10:22:24] [INFO ] [notify] Email notification shown in-app for rafi.islam@gmail.com
[2026-08-23 10:22:24] [INFO ] [notify] Rafi Islam #7450002 delivered via: In-App + Email
[2026-08-23 10:22:24] [INFO ] [notify] In-App notification stored for Niloy Ahmed #7450003
[2026-08-23 10:22:24] [INFO ] [notify] Email notification shown in-app for niloy.ahmed@gmail.com
[2026-08-23 10:22:24] [INFO ] [notify] Niloy Ahmed #7450003 delivered via: In-App + Email
[2026-08-23 10:22:24] [INFO ] [notify] In-App notification stored for Shawon Khan #7450004
[2026-08-23 10:22:24] [INFO ] [notify] Email notification shown in-app for shawon.khan@gmail.com
[2026-08-23 10:22:24] [INFO ] [notify] Shawon Khan #7450004 delivered via: In-App + Email
[2026-08-23 10:22:24] [INFO ] [notify] In-App notification stored for Tamim Rahman #7450005
[2026-08-23 10:22:24] [INFO ] [notify] Email notification shown in-app for tamim.rahman@gmail.com
[2026-08-23 10:22:24] [INFO ] [notify] Tamim Rahman #7450005 delivered via: In-App + Email
[2026-08-23 10:22:24] [INFO ] [notify] In-App notification stored for Sifat Hasan #7450006
[2026-08-23 10:22:24] [INFO ] [notify] Email notification shown in-app for sifat.hasan@gmail.com
[2026-08-23 10:22:24] [INFO ] [notify] Sifat Hasan #7450006 delivered via: In-App + Email
[2026-08-23 10:22:24] [INFO ] [notify] In-App notification stored for Adib Mahmud #7450007
[2026-08-23 10:22:24] [INFO ] [notify] Email notification shown in-app for adib.mahmud@gmail.com
[2026-08-23 10:22:24] [INFO ] [notify] Adib Mahmud #7450007 delivered via: In-App + Email
[2026-08-23 10:22:24] [INFO ] [notify] In-App notification stored for Fardin Islam #7450008
[2026-08-23 10:22:24] [INFO ] [notify] Email notification shown in-app for fardin.islam@gmail.com
[2026-08-23 10:22:24] [INFO ] [notify] Fardin Islam #7450008 delivered via: In-App + Email
[2026-08-23 10:22:24] [INFO ] [notify] In-App notification stored for Nabil Haque #7450009
[2026-08-23 10:22:24] [INFO ] [notify] Email notification shown in-app for nabil.haque@gmail.com
[2026-08-23 10:22:24] [INFO ] [notify] Nabil Haque #7450009 delivered via: In-App + Email
[2026-08-23 10:22:24] [INFO ] [notify] In-App notification stored for Ruhan Chowdhury #7450010
[2026-08-23 10:22:24] [INFO ] [notify] Email notification shown in-app for ruhan.ch@gmail.com
[2026-08-23 10:22:24] [INFO ] [notify] Ruhan Chowdhury #7450010 delivered via: In-App + Email
[2026-08-23 10:22:24] [INFO ] [notify] In-App notification stored for Siam Uddin #7450011
[2026-08-23 10:22:24] [INFO ] [notify] Email notification shown in-app for siam.uddin@gmail.com
[2026-08-23 10:22:24] [INFO ] [notify] Siam Uddin #7450011 delivered via: In-App + Email
[2026-08-23 10:22:24] [INFO ] [notify] In-App notification stored for Ayon Mia #7450012
[2026-08-23 10:22:24] [INFO ] [notify] Email notification shown in-app for ayon.mia@gmail.com
[2026-08-23 10:22:24] [INFO ] [notify] Ayon Mia #7450012 delivered via: In-App + Email
[2026-08-23 10:22:24] [INFO ] [notify] In-App notification stored for Zihad Islam #7450013
[2026-08-23 10:22:24] [INFO ] [notify] Email notification shown in-app for zihad.islam@gmail.com
[2026-08-23 10:22:24] [INFO ] [notify] Zihad Islam #7450013 delivered via: In-App + Email
[2026-08-23 10:22:24] [INFO ] [notify] In-App notification stored for Rakib Hossain #7450014
[2026-08-23 10:22:24] [INFO ] [notify] Email notification shown in-app for rakib.h2@gmail.com
[2026-08-23 10:22:24] [INFO ] [notify] Rakib Hossain #7450014 delivered via: In-App + Email
[2026-08-23 10:22:24] [INFO ] [notify] In-App notification stored for Sajid Khan #7450015
[2026-08-23 10:22:24] [INFO ] [notify] Email notification shown in-app for sajid.khan@gmail.com
[2026-08-23 10:22:24] [INFO ] [notify] Sajid Khan #7450015 delivered via: In-App + Email
[2026-08-23 10:22:24] [INFO ] [notify] In-App notification stored for Tanvir Ahmed #7450016
[2026-08-23 10:22:24] [INFO ] [notify] Email notification shown in-app for tanvir.ahmed@gmail.com
[2026-08-23 10:22:24] [INFO ] [notify] Tanvir Ahmed #7450016 delivered via: In-App + Email
[2026-08-23 10:22:24] [INFO ] [notify] In-App notification stored for Riad Hasan #7450017
[2026-08-23 10:22:24] [INFO ] [notify] Email notification shown in-app for riad.hasan@gmail.com
[2026-08-23 10:22:24] [INFO ] [notify] Riad Hasan #7450017 delivered via: In-App + Email
[2026-08-23 10:22:24] [INFO ] [notify] In-App notification stored for Mahin Islam #7450018
[2026-08-23 10:22:24] [INFO ] [notify] Email notification shown in-app for mahin.islam@gmail.com
[2026-08-23 10:22:24] [INFO ] [notify] Mahin Islam #7450018 delivered via: In-App + Email
[2026-08-23 10:22:24] [INFO ] [notify] In-App notification stored for Iftekhar Rahman #7450019
[2026-08-23 10:22:24] [INFO ] [notify] Email notification shown in-app for iftekhar.rahman@gmail.com
[2026-08-23 10:22:24] [INFO ] [notify] Iftekhar Rahman #7450019 delivered via: In-App + Email
[2026-08-23 10:22:24] [INFO ] [notify] In-App notification stored for Anik Sarkar #7450020
[2026-08-23 10:22:24] [INFO ] [notify] Email notification shown in-app for anik.sarkar@gmail.com
[2026-08-23 10:22:24] [INFO ] [notify] Anik Sarkar #7450020 delivered via: In-App + Email
[2026-08-23 10:22:24] [INFO ] [notify] In-App notification stored for Shihab Uddin #7450021
[2026-08-23 10:22:24] [INFO ] [notify] Email notification shown in-app for shihab.uddin@gmail.com
[2026-08-23 10:22:24] [INFO ] [notify] Shihab Uddin #7450021 delivered via: In-App + Email
[2026-08-23 10:22:24] [INFO ] [notify] In-App notification stored for Foysal Mia #7450022
[2026-08-23 10:22:24] [INFO ] [notify] Email notification shown in-app for foysal.mia@gmail.com
[2026-08-23 10:22:24] [INFO ] [notify] Foysal Mia #7450022 delivered via: In-App + Email
[2026-08-23 10:22:24] [INFO ] [notify] In-App notification stored for Ashik Hassan #7450023
[2026-08-23 10:22:24] [INFO ] [notify] Email notification shown in-app for ashik.hassan@gmail.com
[2026-08-23 10:22:24] [INFO ] [notify] Ashik Hassan #7450023 delivered via: In-App + Email
[2026-08-23 10:22:24] [INFO ] [notify] In-App notification stored for Rony Islam #7450024
[2026-08-23 10:22:24] [INFO ] [notify] Email notification shown in-app for rony.islam@gmail.com
[2026-08-23 10:22:24] [INFO ] [notify] Rony Islam #7450024 delivered via: In-App + Email
[2026-08-23 10:22:24] [INFO ] [notify] In-App notification stored for Jubayer Ahmed #7450025
[2026-08-23 10:22:24] [INFO ] [notify] Email notification shown in-app for jubayer.ahmed@gmail.com
[2026-08-23 10:22:24] [INFO ] [notify] Jubayer Ahmed #7450025 delivered via: In-App + Email
[2026-08-23 10:22:24] [INFO ] [notify] In-App notification stored for Sabbir Rahman #7450026
[2026-08-23 10:22:24] [INFO ] [notify] Email notification shown in-app for sabbir.rahman@gmail.com
[2026-08-23 10:22:24] [INFO ] [notify] Sabbir Rahman #7450026 delivered via: In-App + Email
[2026-08-23 10:22:24] [INFO ] [notify] In-App notification stored for Rasel Hossain #7450027
[2026-08-23 10:22:24] [INFO ] [notify] Email notification shown in-app for rasel.h2@gmail.com
[2026-08-23 10:22:24] [INFO ] [notify] Rasel Hossain #7450027 delivered via: In-App + Email
[2026-08-23 10:22:24] [INFO ] [notify] In-App notification stored for Arafat Islam #7450028
[2026-08-23 10:22:24] [INFO ] [notify] Email notification shown in-app for arafat.islam@gmail.com
[2026-08-23 10:22:24] [INFO ] [notify] Arafat Islam #7450028 delivered via: In-App + Email
[2026-08-23 10:22:24] [INFO ] [notify] In-App notification stored for Sohan Khan #7450029
[2026-08-23 10:22:24] [INFO ] [notify] Email notification shown in-app for sohan.khan@gmail.com
[2026-08-23 10:22:24] [INFO ] [notify] Sohan Khan #7450029 delivered via: In-App + Email
[2026-08-23 10:22:24] [INFO ] [notify] In-App notification stored for Minhaz Rahman #7450030
[2026-08-23 10:22:24] [INFO ] [notify] Email notification shown in-app for minhaz.rahman@gmail.com
[2026-08-23 10:22:24] [INFO ] [notify] Minhaz Rahman #7450030 delivered via: In-App + Email
[2026-08-23 10:22:24] [INFO ] [notify] In-App notification stored for Riyad Hasan #7450031
[2026-08-23 10:22:24] [INFO ] [notify] Email notification shown in-app for riyad.hasan@gmail.com
[2026-08-23 10:22:24] [INFO ] [notify] Riyad Hasan #7450031 delivered via: In-App + Email
[2026-08-23 10:22:24] [INFO ] [notify] In-App notification stored for Fahad Islam #7450032
[2026-08-23 10:22:24] [INFO ] [notify] Email notification shown in-app for fahad.islam@gmail.com
[2026-08-23 10:22:24] [INFO ] [notify] Fahad Islam #7450032 delivered via: In-App + Email
[2026-08-23 10:22:24] [INFO ] [notify] In-App notification stored for Sakib Ahmed #7450033
[2026-08-23 10:22:24] [INFO ] [notify] Email notification shown in-app for sakib.ahmed@gmail.com
[2026-08-23 10:22:24] [INFO ] [notify] Sakib Ahmed #7450033 delivered via: In-App + Email
[2026-08-23 10:22:24] [INFO ] [notify] In-App notification stored for Imtiaz Hossain #7450034
[2026-08-23 10:22:24] [INFO ] [notify] Email notification shown in-app for imtiaz.hossain@gmail.com
[2026-08-23 10:22:24] [INFO ] [notify] Imtiaz Hossain #7450034 delivered via: In-App + Email
[2026-08-23 10:22:24] [INFO ] [notify] In-App notification stored for Shanto Islam #7450035
[2026-08-23 10:22:24] [INFO ] [notify] Email notification shown in-app for shanto.islam@gmail.com
[2026-08-23 10:22:24] [INFO ] [notify] Shanto Islam #7450035 delivered via: In-App + Email
[2026-08-23 10:22:24] [INFO ] [notify] In-App notification stored for Noman Khan #7450036
[2026-08-23 10:22:24] [INFO ] [notify] Email notification shown in-app for noman.khan@gmail.com
[2026-08-23 10:22:24] [INFO ] [notify] Noman Khan #7450036 delivered via: In-App + Email
[2026-08-23 10:22:24] [INFO ] [notify] In-App notification stored for Ashraf Uddin #7450037
[2026-08-23 10:22:24] [INFO ] [notify] Email notification shown in-app for ashraf.uddin@gmail.com
[2026-08-23 10:22:24] [INFO ] [notify] Ashraf Uddin #7450037 delivered via: In-App + Email
[2026-08-23 10:22:24] [INFO ] [notify] In-App notification stored for Tuhin Mia #7450038
[2026-08-23 10:22:24] [INFO ] [notify] Email notification shown in-app for tuhin.mia@gmail.com
[2026-08-23 10:22:24] [INFO ] [notify] Tuhin Mia #7450038 delivered via: In-App + Email
[2026-08-23 10:22:24] [INFO ] [notify] In-App notification stored for Parvez Hasan #7450039
[2026-08-23 10:22:24] [INFO ] [notify] Email notification shown in-app for parvez.hasan@gmail.com
[2026-08-23 10:22:24] [INFO ] [notify] Parvez Hasan #7450039 delivered via: In-App + Email
[2026-08-23 10:22:24] [INFO ] [notify] In-App notification stored for Mahfuz Rahman #7450040
[2026-08-23 10:22:24] [INFO ] [notify] Email notification shown in-app for mahfuz.rahman@gmail.com
[2026-08-23 10:22:24] [INFO ] [notify] Mahfuz Rahman #7450040 delivered via: In-App + Email
[2026-08-23 10:22:24] [INFO ] [notify] In-App notification stored for Raihan Islam #7450041
[2026-08-23 10:22:24] [INFO ] [notify] Email notification shown in-app for raihan.islam@gmail.com
[2026-08-23 10:22:24] [INFO ] [notify] Raihan Islam #7450041 delivered via: In-App + Email
[2026-08-23 10:22:24] [INFO ] [notify] In-App notification stored for Shamim Ahmed #7450042
[2026-08-23 10:22:24] [INFO ] [notify] Email notification shown in-app for shamim.ahmed@gmail.com
[2026-08-23 10:22:24] [INFO ] [notify] Shamim Ahmed #7450042 delivered via: In-App + Email
[2026-08-23 10:22:24] [INFO ] [notify] In-App notification stored for Emon Hossain #7450043
[2026-08-23 10:22:24] [INFO ] [notify] Email notification shown in-app for emon.hossain@gmail.com
[2026-08-23 10:22:24] [INFO ] [notify] Emon Hossain #7450043 delivered via: In-App + Email
[2026-08-23 10:22:24] [INFO ] [notify] In-App notification stored for Jahid Islam #7450044
[2026-08-23 10:22:24] [INFO ] [notify] Email notification shown in-app for jahid.islam@gmail.com
[2026-08-23 10:22:24] [INFO ] [notify] Jahid Islam #7450044 delivered via: In-App + Email
[2026-08-23 10:22:24] [INFO ] [notify] In-App notification stored for Rifat Khan #7450045
[2026-08-23 10:22:24] [INFO ] [notify] Email notification shown in-app for rifat.khan@gmail.com
[2026-08-23 10:22:24] [INFO ] [notify] Rifat Khan #7450045 delivered via: In-App + Email
[2026-08-23 10:22:24] [INFO ] [notify] In-App notification stored for Masud Rahman #7450046
[2026-08-23 10:22:24] [INFO ] [notify] Email notification shown in-app for masud.rahman@gmail.com
[2026-08-23 10:22:24] [INFO ] [notify] Masud Rahman #7450046 delivered via: In-App + Email
[2026-08-23 10:22:24] [INFO ] [notify] In-App notification stored for Bashir Uddin #7450047
[2026-08-23 10:22:24] [INFO ] [notify] Email notification shown in-app for bashir.uddin@gmail.com
[2026-08-23 10:22:24] [INFO ] [notify] Bashir Uddin #7450047 delivered via: In-App + Email
[2026-08-23 10:22:24] [INFO ] [notify] In-App notification stored for Shafi Islam #7450048
[2026-08-23 10:22:24] [INFO ] [notify] Email notification shown in-app for shafi.islam@gmail.com
[2026-08-23 10:22:24] [INFO ] [notify] Shafi Islam #7450048 delivered via: In-App + Email
[2026-08-23 10:22:24] [INFO ] [notify] In-App notification stored for Tareq Hasan #7450049
[2026-08-23 10:22:24] [INFO ] [notify] Email notification shown in-app for tareq.hasan@gmail.com
[2026-08-23 10:22:24] [INFO ] [notify] Tareq Hasan #7450049 delivered via: In-App + Email
[2026-08-23 10:22:24] [INFO ] [notify] In-App notification stored for Rashed Khan #7450050
[2026-08-23 10:22:24] [INFO ] [notify] Email notification shown in-app for rashed.khan@gmail.com
[2026-08-23 10:22:24] [INFO ] [notify] Rashed Khan #7450050 delivered via: In-App + Email
[2026-08-23 10:22:24] [INFO ] [notify] In-App notification stored for Naim Islam #7450051
[2026-08-23 10:22:24] [INFO ] [notify] Email notification shown in-app for naim.islam@gmail.com
[2026-08-23 10:22:24] [INFO ] [notify] Naim Islam #7450051 delivered via: In-App + Email
[2026-08-23 10:22:24] [INFO ] [notify] In-App notification stored for Firoz Ahmed #7450052
[2026-08-23 10:22:24] [INFO ] [notify] Email notification shown in-app for firoz.ahmed@gmail.com
[2026-08-23 10:22:24] [INFO ] [notify] Firoz Ahmed #7450052 delivered via: In-App + Email
[2026-08-23 10:22:24] [INFO ] [notify] In-App notification stored for Iqbal Hossain #7450053
[2026-08-23 10:22:24] [INFO ] [notify] Email notification shown in-app for iqbal.hossain@gmail.com
[2026-08-23 10:22:24] [INFO ] [notify] Iqbal Hossain #7450053 delivered via: In-App + Email
[2026-08-23 10:22:24] [INFO ] [notify] In-App notification stored for Nazmul Islam #7450054
[2026-08-23 10:22:24] [INFO ] [notify] Email notification shown in-app for nazmul.islam@gmail.com
[2026-08-23 10:22:24] [INFO ] [notify] Nazmul Islam #7450054 delivered via: In-App + Email
[2026-08-23 10:22:24] [INFO ] [notify] In-App notification stored for Kawsar Khan #7450055
[2026-08-23 10:22:24] [INFO ] [notify] Email notification shown in-app for kawsar.khan@gmail.com
[2026-08-23 10:22:24] [INFO ] [notify] Kawsar Khan #7450055 delivered via: In-App + Email
[2026-08-23 10:22:24] [INFO ] [notify] In-App notification stored for Sujon Mia #7450056
[2026-08-23 10:22:24] [INFO ] [notify] Email notification shown in-app for sujon.mia@gmail.com
[2026-08-23 10:22:24] [INFO ] [notify] Sujon Mia #7450056 delivered via: In-App + Email
[2026-08-23 10:22:24] [INFO ] [notify] In-App notification stored for Habib Rahman #7450057
[2026-08-23 10:22:24] [INFO ] [notify] Email notification shown in-app for habib.rahman@gmail.com
[2026-08-23 10:22:24] [INFO ] [notify] Habib Rahman #7450057 delivered via: In-App + Email
[2026-08-23 10:22:24] [INFO ] [notify] In-App notification stored for Alif Hasan #7450058
[2026-08-23 10:22:24] [INFO ] [notify] Email notification shown in-app for alif.hasan@gmail.com
[2026-08-23 10:22:24] [INFO ] [notify] Alif Hasan #7450058 delivered via: In-App + Email
[2026-08-23 10:22:24] [INFO ] [notify] In-App notification stored for Rokon Uddin #7450059
[2026-08-23 10:22:24] [INFO ] [notify] Email notification shown in-app for rokon.uddin@gmail.com
[2026-08-23 10:22:24] [INFO ] [notify] Rokon Uddin #7450059 delivered via: In-App + Email
[2026-08-23 10:22:24] [INFO ] [notify] In-App notification stored for Jony Islam #7450060
[2026-08-23 10:22:24] [INFO ] [notify] Email notification shown in-app for jony.islam@gmail.com
[2026-08-23 10:22:24] [INFO ] [notify] Jony Islam #7450060 delivered via: In-App + Email
[2026-08-23 10:22:24] [INFO ] [notify] In-App notification stored for Sazzad Khan #7450061
[2026-08-23 10:22:24] [INFO ] [notify] Email notification shown in-app for sazzad.khan@gmail.com
[2026-08-23 10:22:24] [INFO ] [notify] Sazzad Khan #7450061 delivered via: In-App + Email
[2026-08-23 10:22:24] [INFO ] [notify] In-App notification stored for Shawon Ahmed #7450062
[2026-08-23 10:22:24] [INFO ] [notify] Email notification shown in-app for shawon.ahmed@gmail.com
[2026-08-23 10:22:24] [INFO ] [notify] Shawon Ahmed #7450062 delivered via: In-App + Email
[2026-08-23 10:22:24] [INFO ] [notify] In-App notification stored for Mahdi Islam #7450063
[2026-08-23 10:22:24] [INFO ] [notify] Email notification shown in-app for mahdi.islam@gmail.com
[2026-08-23 10:22:24] [INFO ] [notify] Mahdi Islam #7450063 delivered via: In-App + Email
[2026-08-23 10:22:24] [INFO ] [notify] In-App notification stored for Zakir Hossain #7450064
[2026-08-23 10:22:24] [INFO ] [notify] Email notification shown in-app for zakir.hossain@gmail.com
[2026-08-23 10:22:24] [INFO ] [notify] Zakir Hossain #7450064 delivered via: In-App + Email
[2026-08-23 10:22:24] [INFO ] [notify] In-App notification stored for Sami Rahman #7450065
[2026-08-23 10:22:24] [INFO ] [notify] Email notification shown in-app for sami.rahman@gmail.com
[2026-08-23 10:22:24] [INFO ] [notify] Sami Rahman #7450065 delivered via: In-App + Email
[2026-08-23 10:22:24] [INFO ] [notify] In-App notification stored for Tanim Islam #7450066
[2026-08-23 10:22:24] [INFO ] [notify] Email notification shown in-app for tanim.islam@gmail.com
[2026-08-23 10:22:24] [INFO ] [notify] Tanim Islam #7450066 delivered via: In-App + Email
[2026-08-23 10:22:24] [INFO ] [notify] In-App notification stored for Ishrat Jahan #7569211
[2026-08-23 10:22:24] [INFO ] [notify] Email notification shown in-app for ishrat.jahan@yahoo.com
[2026-08-23 10:22:24] [INFO ] [notify] Ishrat Jahan #7569211 delivered via: In-App + Email
[2026-08-23 10:22:24] [INFO ] [notify] In-App notification stored for Amina Khatun #7600001
[2026-08-23 10:22:24] [INFO ] [notify] Email notification shown in-app for amina.khatun@gmail.com
[2026-08-23 10:22:24] [INFO ] [notify] Amina Khatun #7600001 delivered via: In-App + Email
[2026-08-23 10:22:24] [INFO ] [notify] In-App notification stored for Rohan Ahmed #7600002
[2026-08-23 10:22:24] [INFO ] [notify] Email notification shown in-app for rohan.ahmed@gmail.com
[2026-08-23 10:22:24] [INFO ] [notify] Rohan Ahmed #7600002 delivered via: In-App + Email
[2026-08-23 10:22:24] [INFO ] [notify] In-App notification stored for Sadia Islam #7600003
[2026-08-23 10:22:24] [INFO ] [notify] Email notification shown in-app for sadia.islam@gmail.com
[2026-08-23 10:22:24] [INFO ] [notify] Sadia Islam #7600003 delivered via: In-App + Email
[2026-08-23 10:22:24] [INFO ] [notify] In-App notification stored for Imran Hossain #7600004
[2026-08-23 10:22:24] [INFO ] [notify] Email notification shown in-app for imran.hossain@gmail.com
[2026-08-23 10:22:24] [INFO ] [notify] Imran Hossain #7600004 delivered via: In-App + Email
[2026-08-23 10:22:24] [INFO ] [notify] In-App notification stored for Nabila Khan #7600005
[2026-08-23 10:22:24] [INFO ] [notify] Email notification shown in-app for nabila.khan@gmail.com
[2026-08-23 10:22:24] [INFO ] [notify] Nabila Khan #7600005 delivered via: In-App + Email
[2026-08-23 10:22:24] [INFO ] [notify] In-App notification stored for Saif Uddin #7600006
[2026-08-23 10:22:24] [INFO ] [notify] Email notification shown in-app for saif.uddin@gmail.com
[2026-08-23 10:22:24] [INFO ] [notify] Saif Uddin #7600006 delivered via: In-App + Email
[2026-08-23 10:22:24] [INFO ] [notify] In-App notification stored for Farhan Miah #7600007
[2026-08-23 10:22:24] [INFO ] [notify] Email notification shown in-app for farhan.miah@gmail.com
[2026-08-23 10:22:24] [INFO ] [notify] Farhan Miah #7600007 delivered via: In-App + Email
[2026-08-23 10:22:24] [INFO ] [notify] In-App notification stored for Lamia Chowdhury #7600008
[2026-08-23 10:22:24] [INFO ] [notify] Email notification shown in-app for lamia.chowdhury@gmail.com
[2026-08-23 10:22:24] [INFO ] [notify] Lamia Chowdhury #7600008 delivered via: In-App + Email
[2026-08-23 10:22:24] [INFO ] [notify] In-App notification stored for Arif Rahman #7600009
[2026-08-23 10:22:24] [INFO ] [notify] Email notification shown in-app for arif.rahman@gmail.com
[2026-08-23 10:22:24] [INFO ] [notify] Arif Rahman #7600009 delivered via: In-App + Email
[2026-08-23 10:22:24] [INFO ] [notify] In-App notification stored for Tania Sultana #7600010
[2026-08-23 10:22:24] [INFO ] [notify] Email notification shown in-app for tania.sultana@gmail.com
[2026-08-23 10:22:24] [INFO ] [notify] Tania Sultana #7600010 delivered via: In-App + Email
[2026-08-23 10:22:24] [INFO ] [notify] In-App notification stored for Mehedi Hasan #7600011
[2026-08-23 10:22:24] [INFO ] [notify] Email notification shown in-app for mehedi.hasan@gmail.com
[2026-08-23 10:22:24] [INFO ] [notify] Mehedi Hasan #7600011 delivered via: In-App + Email
[2026-08-23 10:22:24] [INFO ] [notify] In-App notification stored for Jarin Akter #7600012
[2026-08-23 10:22:24] [INFO ] [notify] Email notification shown in-app for jarin.akter@gmail.com
[2026-08-23 10:22:24] [INFO ] [notify] Jarin Akter #7600012 delivered via: In-App + Email
[2026-08-23 10:22:24] [INFO ] [notify] In-App notification stored for Omar Faruk #7600013
[2026-08-23 10:22:24] [INFO ] [notify] Email notification shown in-app for omar.faruk@gmail.com
[2026-08-23 10:22:24] [INFO ] [notify] Omar Faruk #7600013 delivered via: In-App + Email
[2026-08-23 10:22:24] [INFO ] [notify] In-App notification stored for Maliha Tasnim #7600014
[2026-08-23 10:22:24] [INFO ] [notify] Email notification shown in-app for maliha.tasnim@gmail.com
[2026-08-23 10:22:24] [INFO ] [notify] Maliha Tasnim #7600014 delivered via: In-App + Email
[2026-08-23 10:22:24] [INFO ] [notify] In-App notification stored for Ridwan Khan #7600015
[2026-08-23 10:22:24] [INFO ] [notify] Email notification shown in-app for ridwan.khan@gmail.com
[2026-08-23 10:22:24] [INFO ] [notify] Ridwan Khan #7600015 delivered via: In-App + Email
[2026-08-23 10:22:24] [INFO ] [notify] In-App notification stored for Sakib Alam #7600016
[2026-08-23 10:22:24] [INFO ] [notify] Email notification shown in-app for sakib.alam@gmail.com
[2026-08-23 10:22:24] [INFO ] [notify] Sakib Alam #7600016 delivered via: In-App + Email
[2026-08-23 10:22:24] [INFO ] [notify] In-App notification stored for Nusrat Jahan #7600017
[2026-08-23 10:22:24] [INFO ] [notify] Email notification shown in-app for nusrat.jahan@gmail.com
[2026-08-23 10:22:24] [INFO ] [notify] Nusrat Jahan #7600017 delivered via: In-App + Email
[2026-08-23 10:22:24] [INFO ] [notify] In-App notification stored for Tahmid Ahmed #7600018
[2026-08-23 10:22:24] [INFO ] [notify] Email notification shown in-app for tahmid.ahmed@gmail.com
[2026-08-23 10:22:24] [INFO ] [notify] Tahmid Ahmed #7600018 delivered via: In-App + Email
[2026-08-23 10:22:24] [INFO ] [notify] In-App notification stored for Mim Akter #7600019
[2026-08-23 10:22:24] [INFO ] [notify] Email notification shown in-app for mim.akter@gmail.com
[2026-08-23 10:22:24] [INFO ] [notify] Mim Akter #7600019 delivered via: In-App + Email
[2026-08-23 10:22:24] [INFO ] [notify] In-App notification stored for Zayed Hossain #7600020
[2026-08-23 10:22:24] [INFO ] [notify] Email notification shown in-app for zayed.hossain@gmail.com
[2026-08-23 10:22:24] [INFO ] [notify] Zayed Hossain #7600020 delivered via: In-App + Email
[2026-08-23 10:22:24] [INFO ] [notify] In-App notification stored for Afsana Miah #7600021
[2026-08-23 10:22:24] [INFO ] [notify] Email notification shown in-app for afsana.miah@gmail.com
[2026-08-23 10:22:24] [INFO ] [notify] Afsana Miah #7600021 delivered via: In-App + Email
[2026-08-23 10:22:24] [INFO ] [notify] In-App notification stored for Rayhan Kabir #7600022
[2026-08-23 10:22:24] [INFO ] [notify] Email notification shown in-app for rayhan.kabir@gmail.com
[2026-08-23 10:22:24] [INFO ] [notify] Rayhan Kabir #7600022 delivered via: In-App + Email
[2026-08-23 10:22:24] [INFO ] [notify] In-App notification stored for Shifa Tasnim #7600023
[2026-08-23 10:22:24] [INFO ] [notify] Email notification shown in-app for shifa.tasnim@gmail.com
[2026-08-23 10:22:24] [INFO ] [notify] Shifa Tasnim #7600023 delivered via: In-App + Email
[2026-08-23 10:22:24] [INFO ] [notify] In-App notification stored for Abrar Rahman #7600024
[2026-08-23 10:22:24] [INFO ] [notify] Email notification shown in-app for abrar.rahman@gmail.com
[2026-08-23 10:22:24] [INFO ] [notify] Abrar Rahman #7600024 delivered via: In-App + Email
[2026-08-23 10:22:24] [INFO ] [notify] In-App notification stored for Sohana Islam #7600025
[2026-08-23 10:22:24] [INFO ] [notify] Email notification shown in-app for sohana.islam@gmail.com
[2026-08-23 10:22:24] [INFO ] [notify] Sohana Islam #7600025 delivered via: In-App + Email
[2026-08-23 10:22:24] [INFO ] [notify] In-App notification stored for Ehsan Khan #7600026
[2026-08-23 10:22:24] [INFO ] [notify] Email notification shown in-app for ehsan.khan@gmail.com
[2026-08-23 10:22:24] [INFO ] [notify] Ehsan Khan #7600026 delivered via: In-App + Email
[2026-08-23 10:22:24] [INFO ] [notify] In-App notification stored for Raisa Khatun #7600027
[2026-08-23 10:22:24] [INFO ] [notify] Email notification shown in-app for raisa.khatun@gmail.com
[2026-08-23 10:22:24] [INFO ] [notify] Raisa Khatun #7600027 delivered via: In-App + Email
[2026-08-23 10:22:24] [INFO ] [notify] In-App notification stored for Mahin Ahmed #7600028
[2026-08-23 10:22:24] [INFO ] [notify] Email notification shown in-app for mahin.ahmed@gmail.com
[2026-08-23 10:22:24] [INFO ] [notify] Mahin Ahmed #7600028 delivered via: In-App + Email
[2026-08-23 10:22:24] [INFO ] [notify] In-App notification stored for Liza Akter #7600029
[2026-08-23 10:22:24] [INFO ] [notify] Email notification shown in-app for liza.akter@gmail.com
[2026-08-23 10:22:24] [INFO ] [notify] Liza Akter #7600029 delivered via: In-App + Email
[2026-08-23 10:22:24] [INFO ] [notify] In-App notification stored for Jawad Hasan #7600030
[2026-08-23 10:22:24] [INFO ] [notify] Email notification shown in-app for jawad.hasan@gmail.com
[2026-08-23 10:22:24] [INFO ] [notify] Jawad Hasan #7600030 delivered via: In-App + Email
[2026-08-23 10:22:24] [INFO ] [notify] In-App notification stored for Nayla Jahan #7600031
[2026-08-23 10:22:24] [INFO ] [notify] Email notification shown in-app for nayla.jahan@gmail.com
[2026-08-23 10:22:24] [INFO ] [notify] Nayla Jahan #7600031 delivered via: In-App + Email
[2026-08-23 10:22:24] [INFO ] [notify] In-App notification stored for Ratul Islam #7600032
[2026-08-23 10:22:24] [INFO ] [notify] Email notification shown in-app for ratul.islam@gmail.com
[2026-08-23 10:22:24] [INFO ] [notify] Ratul Islam #7600032 delivered via: In-App + Email
[2026-08-23 10:22:24] [INFO ] [notify] In-App notification stored for Iffat Sultana #7600033
[2026-08-23 10:22:24] [INFO ] [notify] Email notification shown in-app for iffat.sultana@gmail.com
[2026-08-23 10:22:24] [INFO ] [notify] Iffat Sultana #7600033 delivered via: In-App + Email
[2026-08-23 10:22:24] [INFO ] [notify] In-App notification stored for Siam Khan #7600034
[2026-08-23 10:22:24] [INFO ] [notify] Email notification shown in-app for siam.khan@gmail.com
[2026-08-23 10:22:24] [INFO ] [notify] Siam Khan #7600034 delivered via: In-App + Email
[2026-08-23 10:22:24] [INFO ] [notify] In-App notification stored for Ayan Faruk #7600036
[2026-08-23 10:22:24] [INFO ] [notify] Email notification shown in-app for ayan.faruk@gmail.com
[2026-08-23 10:22:24] [INFO ] [notify] Ayan Faruk #7600036 delivered via: In-App + Email
[2026-08-23 10:22:24] [INFO ] [notify] In-App notification stored for Nafisa Khatun #7600037
[2026-08-23 10:22:24] [INFO ] [notify] Email notification shown in-app for nafisa.khatun@gmail.com
[2026-08-23 10:22:24] [INFO ] [notify] Nafisa Khatun #7600037 delivered via: In-App + Email
[2026-08-23 10:22:24] [INFO ] [notify] In-App notification stored for Labib Ahmed #7600038
[2026-08-23 10:22:24] [INFO ] [notify] Email notification shown in-app for labib.ahmed@gmail.com
[2026-08-23 10:22:24] [INFO ] [notify] Labib Ahmed #7600038 delivered via: In-App + Email
[2026-08-23 10:22:24] [INFO ] [notify] In-App notification stored for Zara Khan #7600039
[2026-08-23 10:22:24] [INFO ] [notify] Email notification shown in-app for zara.khan@gmail.com
[2026-08-23 10:22:24] [INFO ] [notify] Zara Khan #7600039 delivered via: In-App + Email
[2026-08-23 10:22:24] [INFO ] [notify] In-App notification stored for Fahad Rahman #7600040
[2026-08-23 10:22:24] [INFO ] [notify] Email notification shown in-app for fahad.rahman@gmail.com
[2026-08-23 10:22:24] [INFO ] [notify] Fahad Rahman #7600040 delivered via: In-App + Email
[2026-08-23 10:22:24] [INFO ] [notify] In-App notification stored for Shila Akter #7634891
[2026-08-23 10:22:24] [INFO ] [notify] Email notification shown in-app for shila.akter@yahoo.com
[2026-08-23 10:22:24] [INFO ] [notify] Shila Akter #7634891 delivered via: In-App + Email
[2026-08-23 10:22:24] [INFO ] [notify] In-App notification stored for Sadia Ferdous #7644433
[2026-08-23 10:22:24] [INFO ] [notify] Email notification shown in-app for sadia.ferdous@yahoo.com
[2026-08-23 10:22:24] [INFO ] [notify] Sadia Ferdous #7644433 delivered via: In-App + Email
[2026-08-23 10:22:24] [INFO ] [notify] In-App notification stored for Sumaiya Khatun #7648201
[2026-08-23 10:22:24] [INFO ] [notify] Email notification shown in-app for sumaiya.khatun@gmail.com
[2026-08-23 10:22:24] [INFO ] [notify] Sumaiya Khatun #7648201 delivered via: In-App + Email
[2026-08-23 10:22:24] [INFO ] [notify] In-App notification stored for Niloy Karim #7732091
[2026-08-23 10:22:24] [INFO ] [notify] Email notification shown in-app for niloy.karim@yahoo.com
[2026-08-23 10:22:24] [INFO ] [notify] Niloy Karim #7732091 delivered via: In-App + Email
[2026-08-23 10:22:24] [INFO ] [notify] In-App notification stored for Sohana Sultana #7812393
[2026-08-23 10:22:24] [INFO ] [notify] Email notification shown in-app for sohana.sultana@yahoo.com
[2026-08-23 10:22:24] [INFO ] [notify] Sohana Sultana #7812393 delivered via: In-App + Email
[2026-08-23 10:22:24] [INFO ] [notify] In-App notification stored for Rasel Ahmed #7829891
[2026-08-23 10:22:24] [INFO ] [notify] Email notification shown in-app for rasel.ahmed@gmail.com
[2026-08-23 10:22:24] [INFO ] [notify] Rasel Ahmed #7829891 delivered via: In-App + Email
[2026-08-23 10:22:24] [INFO ] [notify] In-App notification stored for Mamun Chowdhury #7845990
[2026-08-23 10:22:24] [INFO ] [notify] Email notification shown in-app for mamun.chowdhury@gmail.com
[2026-08-23 10:22:24] [INFO ] [notify] Mamun Chowdhury #7845990 delivered via: In-App + Email
[2026-08-23 10:22:24] [INFO ] [notify] In-App notification stored for Farzana Yasmin #7882345
[2026-08-23 10:22:24] [INFO ] [notify] Email notification shown in-app for farzana.yasmin@gmail.com
[2026-08-23 10:22:24] [INFO ] [notify] Farzana Yasmin #7882345 delivered via: In-App + Email
[2026-08-23 10:22:24] [INFO ] [notify] In-App notification stored for Sharmin Akhter #7932441
[2026-08-23 10:22:24] [INFO ] [notify] Email notification shown in-app for sharmin.akhter@yahoo.com
[2026-08-23 10:22:24] [INFO ] [notify] Sharmin Akhter #7932441 delivered via: In-App + Email
[2026-08-23 10:22:24] [INFO ] [notify] In-App notification stored for Arif Mahmud #7940012
[2026-08-23 10:22:24] [INFO ] [notify] Email notification shown in-app for arif.mahmud@gmail.com
[2026-08-23 10:22:24] [INFO ] [notify] Arif Mahmud #7940012 delivered via: In-App + Email
[2026-08-23 10:22:24] [INFO ] [notify] In-App notification stored for Rafi Islam #7993544
[2026-08-23 10:22:24] [INFO ] [notify] Email notification shown in-app for rafi.islam@gmail.com
[2026-08-23 10:22:24] [INFO ] [notify] Rafi Islam #7993544 delivered via: In-App + Email
[2026-08-23 10:22:24] [INFO ] [notify] In-App notification stored for Hasan Khan #8124593
[2026-08-23 10:22:24] [INFO ] [notify] Email notification shown in-app for hasan.khan@gmail.com
[2026-08-23 10:22:24] [INFO ] [notify] Hasan Khan #8124593 delivered via: In-App + Email
[2026-08-23 10:22:24] [INFO ] [notify] In-App notification stored for Nausicaaa Rren #9500105
[2026-08-23 10:22:24] [INFO ] [notify] Email notification shown in-app for rn@gmail.com
[2026-08-23 10:22:24] [INFO ] [notify] Nausicaaa Rren #9500105 delivered via: In-App + Email
[2026-08-23 10:22:24] [INFO ] [notify] In-App notification stored for Ahnaf Nehal #10000000
[2026-08-23 10:22:24] [INFO ] [notify] Email notification shown in-app for orpatasnimejannat@gmail.com
[2026-08-23 10:22:24] [INFO ] [notify] Ahnaf Nehal #10000000 delivered via: In-App + Email
[2026-08-23 10:22:24] [INFO ] [notify] In-App notification stored for Mumtahina Naomi #10000002
[2026-08-23 10:22:24] [INFO ] [notify] Email notification shown in-app for naomi@gmail.com
[2026-08-23 10:22:24] [INFO ] [notify] Mumtahina Naomi #10000002 delivered via: In-App + Email
[2026-08-23 10:22:24] [INFO ] [notify] In-App notification stored for Habiba ww #10000006
[2026-08-23 10:22:24] [INFO ] [notify] Email notification shown in-app for we@gmail.com
[2026-08-23 10:22:24] [INFO ] [notify] Habiba ww #10000006 delivered via: In-App + Email
[2026-08-23 10:22:24] [INFO ] [notify] In-App notification stored for Nanjiba Nisa #10000007
[2026-08-23 10:22:24] [INFO ] [notify] Email notification shown in-app for nanjiba789@gmail.com
[2026-08-23 10:22:24] [INFO ] [notify] Nanjiba Nisa #10000007 delivered via: In-App + Email
[2026-08-23 10:22:24] [INFO ] [notify] In-App notification stored for Sudad Masnun #10000009
[2026-08-23 10:22:24] [INFO ] [notify] Email notification shown in-app for sudadmasnunnabi789@gmail.com
[2026-08-23 10:22:24] [INFO ] [notify] Push notification shown in-app for Sudad Masnun
[2026-08-23 10:22:24] [INFO ] [notify] Sudad Masnun #10000009 delivered via: In-App + Email + Push
[2026-08-23 10:22:24] [INFO ] [notify] In-App notification stored for AKM Iqtidar Newaz #10000010
[2026-08-23 10:22:24] [INFO ] [notify] Email notification shown in-app for Iqtidar@gmail.com
[2026-08-23 10:22:24] [INFO ] [notify] AKM Iqtidar Newaz #10000010 delivered via: In-App + Email
[2026-08-23 10:23:46] [INFO ] [package] "Testing" added to the cart of customer 10000009 - 4 product(s), 4 unit(s)
[2026-08-23 12:05:57] [INFO ] DiscountService: 141 member observer(s) subscribed to the discount subject
[2026-08-23 12:05:57] [INFO ] DiscountSubject: notifying 142 observer(s) about "10% off Turmeric (Holud)"
[2026-08-23 12:05:57] [INFO ] [discount] Farmer Labib Miah has discounted Turmeric (Holud) by 10%. The price is now BDT 180.00 instead of BDT 200.00.
[2026-08-23 12:05:57] [INFO ] [notify] In-App notification stored for Ahsan Kabir #7029344
[2026-08-23 12:05:57] [INFO ] [notify] SMS notification shown in-app for 01722334455
[2026-08-23 12:05:57] [INFO ] [notify] Push notification shown in-app for Ahsan Kabir
[2026-08-23 12:05:57] [INFO ] [notify] Ahsan Kabir #7029344 delivered via: In-App + SMS + Push
[2026-08-23 12:05:57] [INFO ] [notify] In-App notification stored for Nusrat Jahan #7065411
[2026-08-23 12:05:57] [INFO ] [notify] Email notification shown in-app for nusrat.jahan@yahoo.com
[2026-08-23 12:05:57] [INFO ] [notify] Nusrat Jahan #7065411 delivered via: In-App + Email
[2026-08-23 12:05:57] [INFO ] [notify] In-App notification stored for Sultana Begum #7123988
[2026-08-23 12:05:57] [INFO ] [notify] Email notification shown in-app for sultana.begum@yahoo.com
[2026-08-23 12:05:57] [INFO ] [notify] Sultana Begum #7123988 delivered via: In-App + Email
[2026-08-23 12:05:57] [INFO ] [notify] In-App notification stored for Mitu Begum #7159033
[2026-08-23 12:05:57] [INFO ] [notify] Email notification shown in-app for mitu.begum@yahoo.com
[2026-08-23 12:05:57] [INFO ] [notify] Mitu Begum #7159033 delivered via: In-App + Email
[2026-08-23 12:05:57] [INFO ] [notify] In-App notification stored for Rakin Hasib #7165321
[2026-08-23 12:05:57] [INFO ] [notify] Email notification shown in-app for rakin.hasib@gmail.com
[2026-08-23 12:05:57] [INFO ] [notify] Rakin Hasib #7165321 delivered via: In-App + Email
[2026-08-23 12:05:57] [INFO ] [notify] In-App notification stored for Mariya Sultana #7183440
[2026-08-23 12:05:57] [INFO ] [notify] Email notification shown in-app for mariya.sultana@gmail.com
[2026-08-23 12:05:57] [INFO ] [notify] Mariya Sultana #7183440 delivered via: In-App + Email
[2026-08-23 12:05:57] [INFO ] [notify] In-App notification stored for Tania Sultana #7203401
[2026-08-23 12:05:57] [INFO ] [notify] Email notification shown in-app for tania.sultana@gmail.com
[2026-08-23 12:05:57] [INFO ] [notify] Tania Sultana #7203401 delivered via: In-App + Email
[2026-08-23 12:05:57] [INFO ] [notify] In-App notification stored for Sabrina Chowdhury #7219033
[2026-08-23 12:05:57] [INFO ] [notify] Email notification shown in-app for sabrina.chy@gmail.com
[2026-08-23 12:05:57] [INFO ] [notify] Sabrina Chowdhury #7219033 delivered via: In-App + Email
[2026-08-23 12:05:57] [INFO ] [notify] In-App notification stored for Nahid Hasan #7250934
[2026-08-23 12:05:57] [INFO ] [notify] Email notification shown in-app for nahid.hasan@yahoo.com
[2026-08-23 12:05:57] [INFO ] [notify] Nahid Hasan #7250934 delivered via: In-App + Email
[2026-08-23 12:05:57] [INFO ] [notify] In-App notification stored for Sakib Ahmed #7283590
[2026-08-23 12:05:57] [INFO ] [notify] Email notification shown in-app for sakib.ahmed@gmail.com
[2026-08-23 12:05:57] [INFO ] [notify] Sakib Ahmed #7283590 delivered via: In-App + Email
[2026-08-23 12:05:57] [INFO ] [notify] In-App notification stored for Mou Akter #7331220
[2026-08-23 12:05:57] [INFO ] [notify] Email notification shown in-app for mou.akter@yahoo.com
[2026-08-23 12:05:57] [INFO ] [notify] Mou Akter #7331220 delivered via: In-App + Email
[2026-08-23 12:05:57] [INFO ] [notify] In-App notification stored for Rumana Akter #7338912
[2026-08-23 12:05:57] [INFO ] [notify] Email notification shown in-app for rumana.akter@gmail.com
[2026-08-23 12:05:57] [INFO ] [notify] Rumana Akter #7338912 delivered via: In-App + Email
[2026-08-23 12:05:57] [INFO ] [notify] In-App notification stored for Saif Rahman #7412891
[2026-08-23 12:05:57] [INFO ] [notify] Email notification shown in-app for saif.rahman@gmail.com
[2026-08-23 12:05:57] [INFO ] [notify] Saif Rahman #7412891 delivered via: In-App + Email
[2026-08-23 12:05:57] [INFO ] [notify] In-App notification stored for Lamia Khan #7419083
[2026-08-23 12:05:57] [INFO ] [notify] Email notification shown in-app for lamia.khan@gmail.com
[2026-08-23 12:05:57] [INFO ] [notify] Lamia Khan #7419083 delivered via: In-App + Email
[2026-08-23 12:05:58] [INFO ] [notify] In-App notification stored for Tamanna Akter #7429834
[2026-08-23 12:05:58] [INFO ] [notify] Email notification shown in-app for tamanna.akter@gmail.com
[2026-08-23 12:05:58] [INFO ] [notify] Tamanna Akter #7429834 delivered via: In-App + Email
[2026-08-23 12:05:58] [INFO ] [notify] In-App notification stored for Jannat Khanam #7440193
[2026-08-23 12:05:58] [INFO ] [notify] Email notification shown in-app for jannat.khanam@gmail.com
[2026-08-23 12:05:58] [INFO ] [notify] Jannat Khanam #7440193 delivered via: In-App + Email
[2026-08-23 12:05:58] [INFO ] [notify] In-App notification stored for Arif Hossain #7450001
[2026-08-23 12:05:58] [INFO ] [notify] Email notification shown in-app for arif.hossain@gmail.com
[2026-08-23 12:05:58] [INFO ] [notify] Arif Hossain #7450001 delivered via: In-App + Email
[2026-08-23 12:05:58] [INFO ] [notify] In-App notification stored for Rafi Islam #7450002
[2026-08-23 12:05:58] [INFO ] [notify] Email notification shown in-app for rafi.islam@gmail.com
[2026-08-23 12:05:58] [INFO ] [notify] Rafi Islam #7450002 delivered via: In-App + Email
[2026-08-23 12:05:58] [INFO ] [notify] In-App notification stored for Niloy Ahmed #7450003
[2026-08-23 12:05:58] [INFO ] [notify] Email notification shown in-app for niloy.ahmed@gmail.com
[2026-08-23 12:05:58] [INFO ] [notify] Niloy Ahmed #7450003 delivered via: In-App + Email
[2026-08-23 12:05:58] [INFO ] [notify] In-App notification stored for Shawon Khan #7450004
[2026-08-23 12:05:58] [INFO ] [notify] Email notification shown in-app for shawon.khan@gmail.com
[2026-08-23 12:05:58] [INFO ] [notify] Shawon Khan #7450004 delivered via: In-App + Email
[2026-08-23 12:05:58] [INFO ] [notify] In-App notification stored for Tamim Rahman #7450005
[2026-08-23 12:05:58] [INFO ] [notify] Email notification shown in-app for tamim.rahman@gmail.com
[2026-08-23 12:05:58] [INFO ] [notify] Tamim Rahman #7450005 delivered via: In-App + Email
[2026-08-23 12:05:58] [INFO ] [notify] In-App notification stored for Sifat Hasan #7450006
[2026-08-23 12:05:58] [INFO ] [notify] Email notification shown in-app for sifat.hasan@gmail.com
[2026-08-23 12:05:58] [INFO ] [notify] Sifat Hasan #7450006 delivered via: In-App + Email
[2026-08-23 12:05:58] [INFO ] [notify] In-App notification stored for Adib Mahmud #7450007
[2026-08-23 12:05:58] [INFO ] [notify] Email notification shown in-app for adib.mahmud@gmail.com
[2026-08-23 12:05:58] [INFO ] [notify] Adib Mahmud #7450007 delivered via: In-App + Email
[2026-08-23 12:05:58] [INFO ] [notify] In-App notification stored for Fardin Islam #7450008
[2026-08-23 12:05:58] [INFO ] [notify] Email notification shown in-app for fardin.islam@gmail.com
[2026-08-23 12:05:58] [INFO ] [notify] Fardin Islam #7450008 delivered via: In-App + Email
[2026-08-23 12:05:58] [INFO ] [notify] In-App notification stored for Nabil Haque #7450009
[2026-08-23 12:05:58] [INFO ] [notify] Email notification shown in-app for nabil.haque@gmail.com
[2026-08-23 12:05:58] [INFO ] [notify] Nabil Haque #7450009 delivered via: In-App + Email
[2026-08-23 12:05:58] [INFO ] [notify] In-App notification stored for Ruhan Chowdhury #7450010
[2026-08-23 12:05:58] [INFO ] [notify] Email notification shown in-app for ruhan.ch@gmail.com
[2026-08-23 12:05:58] [INFO ] [notify] Ruhan Chowdhury #7450010 delivered via: In-App + Email
[2026-08-23 12:05:58] [INFO ] [notify] In-App notification stored for Siam Uddin #7450011
[2026-08-23 12:05:58] [INFO ] [notify] Email notification shown in-app for siam.uddin@gmail.com
[2026-08-23 12:05:58] [INFO ] [notify] Siam Uddin #7450011 delivered via: In-App + Email
[2026-08-23 12:05:58] [INFO ] [notify] In-App notification stored for Ayon Mia #7450012
[2026-08-23 12:05:58] [INFO ] [notify] Email notification shown in-app for ayon.mia@gmail.com
[2026-08-23 12:05:58] [INFO ] [notify] Ayon Mia #7450012 delivered via: In-App + Email
[2026-08-23 12:05:58] [INFO ] [notify] In-App notification stored for Zihad Islam #7450013
[2026-08-23 12:05:58] [INFO ] [notify] Email notification shown in-app for zihad.islam@gmail.com
[2026-08-23 12:05:58] [INFO ] [notify] Zihad Islam #7450013 delivered via: In-App + Email
[2026-08-23 12:05:58] [INFO ] [notify] In-App notification stored for Rakib Hossain #7450014
[2026-08-23 12:05:58] [INFO ] [notify] Email notification shown in-app for rakib.h2@gmail.com
[2026-08-23 12:05:58] [INFO ] [notify] Rakib Hossain #7450014 delivered via: In-App + Email
[2026-08-23 12:05:58] [INFO ] [notify] In-App notification stored for Sajid Khan #7450015
[2026-08-23 12:05:58] [INFO ] [notify] Email notification shown in-app for sajid.khan@gmail.com
[2026-08-23 12:05:58] [INFO ] [notify] Sajid Khan #7450015 delivered via: In-App + Email
[2026-08-23 12:05:58] [INFO ] [notify] In-App notification stored for Tanvir Ahmed #7450016
[2026-08-23 12:05:58] [INFO ] [notify] Email notification shown in-app for tanvir.ahmed@gmail.com
[2026-08-23 12:05:58] [INFO ] [notify] Tanvir Ahmed #7450016 delivered via: In-App + Email
[2026-08-23 12:05:58] [INFO ] [notify] In-App notification stored for Riad Hasan #7450017
[2026-08-23 12:05:58] [INFO ] [notify] Email notification shown in-app for riad.hasan@gmail.com
[2026-08-23 12:05:58] [INFO ] [notify] Riad Hasan #7450017 delivered via: In-App + Email
[2026-08-23 12:05:58] [INFO ] [notify] In-App notification stored for Mahin Islam #7450018
[2026-08-23 12:05:58] [INFO ] [notify] Email notification shown in-app for mahin.islam@gmail.com
[2026-08-23 12:05:58] [INFO ] [notify] Mahin Islam #7450018 delivered via: In-App + Email
[2026-08-23 12:05:58] [INFO ] [notify] In-App notification stored for Iftekhar Rahman #7450019
[2026-08-23 12:05:58] [INFO ] [notify] Email notification shown in-app for iftekhar.rahman@gmail.com
[2026-08-23 12:05:58] [INFO ] [notify] Iftekhar Rahman #7450019 delivered via: In-App + Email
[2026-08-23 12:05:58] [INFO ] [notify] In-App notification stored for Anik Sarkar #7450020
[2026-08-23 12:05:58] [INFO ] [notify] Email notification shown in-app for anik.sarkar@gmail.com
[2026-08-23 12:05:58] [INFO ] [notify] Anik Sarkar #7450020 delivered via: In-App + Email
[2026-08-23 12:05:58] [INFO ] [notify] In-App notification stored for Shihab Uddin #7450021
[2026-08-23 12:05:58] [INFO ] [notify] Email notification shown in-app for shihab.uddin@gmail.com
[2026-08-23 12:05:58] [INFO ] [notify] Shihab Uddin #7450021 delivered via: In-App + Email
[2026-08-23 12:05:58] [INFO ] [notify] In-App notification stored for Foysal Mia #7450022
[2026-08-23 12:05:58] [INFO ] [notify] Email notification shown in-app for foysal.mia@gmail.com
[2026-08-23 12:05:58] [INFO ] [notify] Foysal Mia #7450022 delivered via: In-App + Email
[2026-08-23 12:05:58] [INFO ] [notify] In-App notification stored for Ashik Hassan #7450023
[2026-08-23 12:05:58] [INFO ] [notify] Email notification shown in-app for ashik.hassan@gmail.com
[2026-08-23 12:05:58] [INFO ] [notify] Ashik Hassan #7450023 delivered via: In-App + Email
[2026-08-23 12:05:58] [INFO ] [notify] In-App notification stored for Rony Islam #7450024
[2026-08-23 12:05:58] [INFO ] [notify] Email notification shown in-app for rony.islam@gmail.com
[2026-08-23 12:05:58] [INFO ] [notify] Rony Islam #7450024 delivered via: In-App + Email
[2026-08-23 12:05:58] [INFO ] [notify] In-App notification stored for Jubayer Ahmed #7450025
[2026-08-23 12:05:58] [INFO ] [notify] Email notification shown in-app for jubayer.ahmed@gmail.com
[2026-08-23 12:05:58] [INFO ] [notify] Jubayer Ahmed #7450025 delivered via: In-App + Email
[2026-08-23 12:05:58] [INFO ] [notify] In-App notification stored for Sabbir Rahman #7450026
[2026-08-23 12:05:58] [INFO ] [notify] Email notification shown in-app for sabbir.rahman@gmail.com
[2026-08-23 12:05:58] [INFO ] [notify] Sabbir Rahman #7450026 delivered via: In-App + Email
[2026-08-23 12:05:58] [INFO ] [notify] In-App notification stored for Rasel Hossain #7450027
[2026-08-23 12:05:58] [INFO ] [notify] Email notification shown in-app for rasel.h2@gmail.com
[2026-08-23 12:05:58] [INFO ] [notify] Rasel Hossain #7450027 delivered via: In-App + Email
[2026-08-23 12:05:58] [INFO ] [notify] In-App notification stored for Arafat Islam #7450028
[2026-08-23 12:05:58] [INFO ] [notify] Email notification shown in-app for arafat.islam@gmail.com
[2026-08-23 12:05:58] [INFO ] [notify] Arafat Islam #7450028 delivered via: In-App + Email
[2026-08-23 12:05:58] [INFO ] [notify] In-App notification stored for Sohan Khan #7450029
[2026-08-23 12:05:58] [INFO ] [notify] Email notification shown in-app for sohan.khan@gmail.com
[2026-08-23 12:05:58] [INFO ] [notify] Sohan Khan #7450029 delivered via: In-App + Email
[2026-08-23 12:05:58] [INFO ] [notify] In-App notification stored for Minhaz Rahman #7450030
[2026-08-23 12:05:58] [INFO ] [notify] Email notification shown in-app for minhaz.rahman@gmail.com
[2026-08-23 12:05:58] [INFO ] [notify] Minhaz Rahman #7450030 delivered via: In-App + Email
[2026-08-23 12:05:58] [INFO ] [notify] In-App notification stored for Riyad Hasan #7450031
[2026-08-23 12:05:58] [INFO ] [notify] Email notification shown in-app for riyad.hasan@gmail.com
[2026-08-23 12:05:58] [INFO ] [notify] Riyad Hasan #7450031 delivered via: In-App + Email
[2026-08-23 12:05:58] [INFO ] [notify] In-App notification stored for Fahad Islam #7450032
[2026-08-23 12:05:58] [INFO ] [notify] Email notification shown in-app for fahad.islam@gmail.com
[2026-08-23 12:05:58] [INFO ] [notify] Fahad Islam #7450032 delivered via: In-App + Email
[2026-08-23 12:05:58] [INFO ] [notify] In-App notification stored for Sakib Ahmed #7450033
[2026-08-23 12:05:58] [INFO ] [notify] Email notification shown in-app for sakib.ahmed@gmail.com
[2026-08-23 12:05:58] [INFO ] [notify] Sakib Ahmed #7450033 delivered via: In-App + Email
[2026-08-23 12:05:58] [INFO ] [notify] In-App notification stored for Imtiaz Hossain #7450034
[2026-08-23 12:05:58] [INFO ] [notify] Email notification shown in-app for imtiaz.hossain@gmail.com
[2026-08-23 12:05:58] [INFO ] [notify] Imtiaz Hossain #7450034 delivered via: In-App + Email
[2026-08-23 12:05:58] [INFO ] [notify] In-App notification stored for Shanto Islam #7450035
[2026-08-23 12:05:58] [INFO ] [notify] Email notification shown in-app for shanto.islam@gmail.com
[2026-08-23 12:05:58] [INFO ] [notify] Shanto Islam #7450035 delivered via: In-App + Email
[2026-08-23 12:05:58] [INFO ] [notify] In-App notification stored for Noman Khan #7450036
[2026-08-23 12:05:58] [INFO ] [notify] Email notification shown in-app for noman.khan@gmail.com
[2026-08-23 12:05:58] [INFO ] [notify] Noman Khan #7450036 delivered via: In-App + Email
[2026-08-23 12:05:58] [INFO ] [notify] In-App notification stored for Ashraf Uddin #7450037
[2026-08-23 12:05:58] [INFO ] [notify] Email notification shown in-app for ashraf.uddin@gmail.com
[2026-08-23 12:05:58] [INFO ] [notify] Ashraf Uddin #7450037 delivered via: In-App + Email
[2026-08-23 12:05:58] [INFO ] [notify] In-App notification stored for Tuhin Mia #7450038
[2026-08-23 12:05:58] [INFO ] [notify] Email notification shown in-app for tuhin.mia@gmail.com
[2026-08-23 12:05:58] [INFO ] [notify] Tuhin Mia #7450038 delivered via: In-App + Email
[2026-08-23 12:05:58] [INFO ] [notify] In-App notification stored for Parvez Hasan #7450039
[2026-08-23 12:05:58] [INFO ] [notify] Email notification shown in-app for parvez.hasan@gmail.com
[2026-08-23 12:05:58] [INFO ] [notify] Parvez Hasan #7450039 delivered via: In-App + Email
[2026-08-23 12:05:58] [INFO ] [notify] In-App notification stored for Mahfuz Rahman #7450040
[2026-08-23 12:05:58] [INFO ] [notify] Email notification shown in-app for mahfuz.rahman@gmail.com
[2026-08-23 12:05:58] [INFO ] [notify] Mahfuz Rahman #7450040 delivered via: In-App + Email
[2026-08-23 12:05:58] [INFO ] [notify] In-App notification stored for Raihan Islam #7450041
[2026-08-23 12:05:58] [INFO ] [notify] Email notification shown in-app for raihan.islam@gmail.com
[2026-08-23 12:05:58] [INFO ] [notify] Raihan Islam #7450041 delivered via: In-App + Email
[2026-08-23 12:05:58] [INFO ] [notify] In-App notification stored for Shamim Ahmed #7450042
[2026-08-23 12:05:58] [INFO ] [notify] Email notification shown in-app for shamim.ahmed@gmail.com
[2026-08-23 12:05:58] [INFO ] [notify] Shamim Ahmed #7450042 delivered via: In-App + Email
[2026-08-23 12:05:58] [INFO ] [notify] In-App notification stored for Emon Hossain #7450043
[2026-08-23 12:05:58] [INFO ] [notify] Email notification shown in-app for emon.hossain@gmail.com
[2026-08-23 12:05:58] [INFO ] [notify] Emon Hossain #7450043 delivered via: In-App + Email
[2026-08-23 12:05:58] [INFO ] [notify] In-App notification stored for Jahid Islam #7450044
[2026-08-23 12:05:58] [INFO ] [notify] Email notification shown in-app for jahid.islam@gmail.com
[2026-08-23 12:05:58] [INFO ] [notify] Jahid Islam #7450044 delivered via: In-App + Email
[2026-08-23 12:05:58] [INFO ] [notify] In-App notification stored for Rifat Khan #7450045
[2026-08-23 12:05:58] [INFO ] [notify] Email notification shown in-app for rifat.khan@gmail.com
[2026-08-23 12:05:58] [INFO ] [notify] Rifat Khan #7450045 delivered via: In-App + Email
[2026-08-23 12:05:58] [INFO ] [notify] In-App notification stored for Masud Rahman #7450046
[2026-08-23 12:05:58] [INFO ] [notify] Email notification shown in-app for masud.rahman@gmail.com
[2026-08-23 12:05:58] [INFO ] [notify] Masud Rahman #7450046 delivered via: In-App + Email
[2026-08-23 12:05:58] [INFO ] [notify] In-App notification stored for Bashir Uddin #7450047
[2026-08-23 12:05:58] [INFO ] [notify] Email notification shown in-app for bashir.uddin@gmail.com
[2026-08-23 12:05:58] [INFO ] [notify] Bashir Uddin #7450047 delivered via: In-App + Email
[2026-08-23 12:05:58] [INFO ] [notify] In-App notification stored for Shafi Islam #7450048
[2026-08-23 12:05:58] [INFO ] [notify] Email notification shown in-app for shafi.islam@gmail.com
[2026-08-23 12:05:58] [INFO ] [notify] Shafi Islam #7450048 delivered via: In-App + Email
[2026-08-23 12:05:58] [INFO ] [notify] In-App notification stored for Tareq Hasan #7450049
[2026-08-23 12:05:58] [INFO ] [notify] Email notification shown in-app for tareq.hasan@gmail.com
[2026-08-23 12:05:58] [INFO ] [notify] Tareq Hasan #7450049 delivered via: In-App + Email
[2026-08-23 12:05:58] [INFO ] [notify] In-App notification stored for Rashed Khan #7450050
[2026-08-23 12:05:58] [INFO ] [notify] Email notification shown in-app for rashed.khan@gmail.com
[2026-08-23 12:05:58] [INFO ] [notify] Rashed Khan #7450050 delivered via: In-App + Email
[2026-08-23 12:05:58] [INFO ] [notify] In-App notification stored for Naim Islam #7450051
[2026-08-23 12:05:58] [INFO ] [notify] Email notification shown in-app for naim.islam@gmail.com
[2026-08-23 12:05:58] [INFO ] [notify] Naim Islam #7450051 delivered via: In-App + Email
[2026-08-23 12:05:58] [INFO ] [notify] In-App notification stored for Firoz Ahmed #7450052
[2026-08-23 12:05:58] [INFO ] [notify] Email notification shown in-app for firoz.ahmed@gmail.com
[2026-08-23 12:05:58] [INFO ] [notify] Firoz Ahmed #7450052 delivered via: In-App + Email
[2026-08-23 12:05:58] [INFO ] [notify] In-App notification stored for Iqbal Hossain #7450053
[2026-08-23 12:05:58] [INFO ] [notify] Email notification shown in-app for iqbal.hossain@gmail.com
[2026-08-23 12:05:58] [INFO ] [notify] Iqbal Hossain #7450053 delivered via: In-App + Email
[2026-08-23 12:05:58] [INFO ] [notify] In-App notification stored for Nazmul Islam #7450054
[2026-08-23 12:05:58] [INFO ] [notify] Email notification shown in-app for nazmul.islam@gmail.com
[2026-08-23 12:05:58] [INFO ] [notify] Nazmul Islam #7450054 delivered via: In-App + Email
[2026-08-23 12:05:58] [INFO ] [notify] In-App notification stored for Kawsar Khan #7450055
[2026-08-23 12:05:58] [INFO ] [notify] Email notification shown in-app for kawsar.khan@gmail.com
[2026-08-23 12:05:58] [INFO ] [notify] Kawsar Khan #7450055 delivered via: In-App + Email
[2026-08-23 12:05:58] [INFO ] [notify] In-App notification stored for Sujon Mia #7450056
[2026-08-23 12:05:58] [INFO ] [notify] Email notification shown in-app for sujon.mia@gmail.com
[2026-08-23 12:05:58] [INFO ] [notify] Sujon Mia #7450056 delivered via: In-App + Email
[2026-08-23 12:05:58] [INFO ] [notify] In-App notification stored for Habib Rahman #7450057
[2026-08-23 12:05:58] [INFO ] [notify] Email notification shown in-app for habib.rahman@gmail.com
[2026-08-23 12:05:58] [INFO ] [notify] Habib Rahman #7450057 delivered via: In-App + Email
[2026-08-23 12:05:58] [INFO ] [notify] In-App notification stored for Alif Hasan #7450058
[2026-08-23 12:05:58] [INFO ] [notify] Email notification shown in-app for alif.hasan@gmail.com
[2026-08-23 12:05:58] [INFO ] [notify] Alif Hasan #7450058 delivered via: In-App + Email
[2026-08-23 12:05:58] [INFO ] [notify] In-App notification stored for Rokon Uddin #7450059
[2026-08-23 12:05:58] [INFO ] [notify] Email notification shown in-app for rokon.uddin@gmail.com
[2026-08-23 12:05:58] [INFO ] [notify] Rokon Uddin #7450059 delivered via: In-App + Email
[2026-08-23 12:05:58] [INFO ] [notify] In-App notification stored for Jony Islam #7450060
[2026-08-23 12:05:58] [INFO ] [notify] Email notification shown in-app for jony.islam@gmail.com
[2026-08-23 12:05:58] [INFO ] [notify] Jony Islam #7450060 delivered via: In-App + Email
[2026-08-23 12:05:58] [INFO ] [notify] In-App notification stored for Sazzad Khan #7450061
[2026-08-23 12:05:58] [INFO ] [notify] Email notification shown in-app for sazzad.khan@gmail.com
[2026-08-23 12:05:58] [INFO ] [notify] Sazzad Khan #7450061 delivered via: In-App + Email
[2026-08-23 12:05:58] [INFO ] [notify] In-App notification stored for Shawon Ahmed #7450062
[2026-08-23 12:05:58] [INFO ] [notify] Email notification shown in-app for shawon.ahmed@gmail.com
[2026-08-23 12:05:58] [INFO ] [notify] Shawon Ahmed #7450062 delivered via: In-App + Email
[2026-08-23 12:05:58] [INFO ] [notify] In-App notification stored for Mahdi Islam #7450063
[2026-08-23 12:05:58] [INFO ] [notify] Email notification shown in-app for mahdi.islam@gmail.com
[2026-08-23 12:05:58] [INFO ] [notify] Mahdi Islam #7450063 delivered via: In-App + Email
[2026-08-23 12:05:58] [INFO ] [notify] In-App notification stored for Zakir Hossain #7450064
[2026-08-23 12:05:58] [INFO ] [notify] Email notification shown in-app for zakir.hossain@gmail.com
[2026-08-23 12:05:58] [INFO ] [notify] Zakir Hossain #7450064 delivered via: In-App + Email
[2026-08-23 12:05:58] [INFO ] [notify] In-App notification stored for Sami Rahman #7450065
[2026-08-23 12:05:58] [INFO ] [notify] Email notification shown in-app for sami.rahman@gmail.com
[2026-08-23 12:05:58] [INFO ] [notify] Sami Rahman #7450065 delivered via: In-App + Email
[2026-08-23 12:05:58] [INFO ] [notify] In-App notification stored for Tanim Islam #7450066
[2026-08-23 12:05:58] [INFO ] [notify] Email notification shown in-app for tanim.islam@gmail.com
[2026-08-23 12:05:58] [INFO ] [notify] Tanim Islam #7450066 delivered via: In-App + Email
[2026-08-23 12:05:58] [INFO ] [notify] In-App notification stored for Ishrat Jahan #7569211
[2026-08-23 12:05:58] [INFO ] [notify] Email notification shown in-app for ishrat.jahan@yahoo.com
[2026-08-23 12:05:58] [INFO ] [notify] Ishrat Jahan #7569211 delivered via: In-App + Email
[2026-08-23 12:05:58] [INFO ] [notify] In-App notification stored for Amina Khatun #7600001
[2026-08-23 12:05:58] [INFO ] [notify] Email notification shown in-app for amina.khatun@gmail.com
[2026-08-23 12:05:58] [INFO ] [notify] Amina Khatun #7600001 delivered via: In-App + Email
[2026-08-23 12:05:58] [INFO ] [notify] In-App notification stored for Rohan Ahmed #7600002
[2026-08-23 12:05:58] [INFO ] [notify] Email notification shown in-app for rohan.ahmed@gmail.com
[2026-08-23 12:05:58] [INFO ] [notify] Rohan Ahmed #7600002 delivered via: In-App + Email
[2026-08-23 12:05:58] [INFO ] [notify] In-App notification stored for Sadia Islam #7600003
[2026-08-23 12:05:58] [INFO ] [notify] Email notification shown in-app for sadia.islam@gmail.com
[2026-08-23 12:05:58] [INFO ] [notify] Sadia Islam #7600003 delivered via: In-App + Email
[2026-08-23 12:05:58] [INFO ] [notify] In-App notification stored for Imran Hossain #7600004
[2026-08-23 12:05:58] [INFO ] [notify] Email notification shown in-app for imran.hossain@gmail.com
[2026-08-23 12:05:58] [INFO ] [notify] Imran Hossain #7600004 delivered via: In-App + Email
[2026-08-23 12:05:58] [INFO ] [notify] In-App notification stored for Nabila Khan #7600005
[2026-08-23 12:05:58] [INFO ] [notify] Email notification shown in-app for nabila.khan@gmail.com
[2026-08-23 12:05:58] [INFO ] [notify] Nabila Khan #7600005 delivered via: In-App + Email
[2026-08-23 12:05:58] [INFO ] [notify] In-App notification stored for Saif Uddin #7600006
[2026-08-23 12:05:58] [INFO ] [notify] Email notification shown in-app for saif.uddin@gmail.com
[2026-08-23 12:05:58] [INFO ] [notify] Saif Uddin #7600006 delivered via: In-App + Email
[2026-08-23 12:05:58] [INFO ] [notify] In-App notification stored for Farhan Miah #7600007
[2026-08-23 12:05:58] [INFO ] [notify] Email notification shown in-app for farhan.miah@gmail.com
[2026-08-23 12:05:58] [INFO ] [notify] Farhan Miah #7600007 delivered via: In-App + Email
[2026-08-23 12:05:58] [INFO ] [notify] In-App notification stored for Lamia Chowdhury #7600008
[2026-08-23 12:05:58] [INFO ] [notify] Email notification shown in-app for lamia.chowdhury@gmail.com
[2026-08-23 12:05:58] [INFO ] [notify] Lamia Chowdhury #7600008 delivered via: In-App + Email
[2026-08-23 12:05:58] [INFO ] [notify] In-App notification stored for Arif Rahman #7600009
[2026-08-23 12:05:58] [INFO ] [notify] Email notification shown in-app for arif.rahman@gmail.com
[2026-08-23 12:05:58] [INFO ] [notify] Arif Rahman #7600009 delivered via: In-App + Email
[2026-08-23 12:05:58] [INFO ] [notify] In-App notification stored for Tania Sultana #7600010
[2026-08-23 12:05:58] [INFO ] [notify] Email notification shown in-app for tania.sultana@gmail.com
[2026-08-23 12:05:58] [INFO ] [notify] Tania Sultana #7600010 delivered via: In-App + Email
[2026-08-23 12:05:58] [INFO ] [notify] In-App notification stored for Mehedi Hasan #7600011
[2026-08-23 12:05:58] [INFO ] [notify] Email notification shown in-app for mehedi.hasan@gmail.com
[2026-08-23 12:05:58] [INFO ] [notify] Mehedi Hasan #7600011 delivered via: In-App + Email
[2026-08-23 12:05:58] [INFO ] [notify] In-App notification stored for Jarin Akter #7600012
[2026-08-23 12:05:58] [INFO ] [notify] Email notification shown in-app for jarin.akter@gmail.com
[2026-08-23 12:05:58] [INFO ] [notify] Jarin Akter #7600012 delivered via: In-App + Email
[2026-08-23 12:05:58] [INFO ] [notify] In-App notification stored for Omar Faruk #7600013
[2026-08-23 12:05:58] [INFO ] [notify] Email notification shown in-app for omar.faruk@gmail.com
[2026-08-23 12:05:58] [INFO ] [notify] Omar Faruk #7600013 delivered via: In-App + Email
[2026-08-23 12:05:58] [INFO ] [notify] In-App notification stored for Maliha Tasnim #7600014
[2026-08-23 12:05:58] [INFO ] [notify] Email notification shown in-app for maliha.tasnim@gmail.com
[2026-08-23 12:05:58] [INFO ] [notify] Maliha Tasnim #7600014 delivered via: In-App + Email
[2026-08-23 12:05:58] [INFO ] [notify] In-App notification stored for Ridwan Khan #7600015
[2026-08-23 12:05:58] [INFO ] [notify] Email notification shown in-app for ridwan.khan@gmail.com
[2026-08-23 12:05:58] [INFO ] [notify] Ridwan Khan #7600015 delivered via: In-App + Email
[2026-08-23 12:05:58] [INFO ] [notify] In-App notification stored for Sakib Alam #7600016
[2026-08-23 12:05:58] [INFO ] [notify] Email notification shown in-app for sakib.alam@gmail.com
[2026-08-23 12:05:58] [INFO ] [notify] Sakib Alam #7600016 delivered via: In-App + Email
[2026-08-23 12:05:58] [INFO ] [notify] In-App notification stored for Nusrat Jahan #7600017
[2026-08-23 12:05:58] [INFO ] [notify] Email notification shown in-app for nusrat.jahan@gmail.com
[2026-08-23 12:05:58] [INFO ] [notify] Nusrat Jahan #7600017 delivered via: In-App + Email
[2026-08-23 12:05:58] [INFO ] [notify] In-App notification stored for Tahmid Ahmed #7600018
[2026-08-23 12:05:58] [INFO ] [notify] Email notification shown in-app for tahmid.ahmed@gmail.com
[2026-08-23 12:05:58] [INFO ] [notify] Tahmid Ahmed #7600018 delivered via: In-App + Email
[2026-08-23 12:05:58] [INFO ] [notify] In-App notification stored for Mim Akter #7600019
[2026-08-23 12:05:58] [INFO ] [notify] Email notification shown in-app for mim.akter@gmail.com
[2026-08-23 12:05:58] [INFO ] [notify] Mim Akter #7600019 delivered via: In-App + Email
[2026-08-23 12:05:58] [INFO ] [notify] In-App notification stored for Zayed Hossain #7600020
[2026-08-23 12:05:58] [INFO ] [notify] Email notification shown in-app for zayed.hossain@gmail.com
[2026-08-23 12:05:58] [INFO ] [notify] Zayed Hossain #7600020 delivered via: In-App + Email
[2026-08-23 12:05:58] [INFO ] [notify] In-App notification stored for Afsana Miah #7600021
[2026-08-23 12:05:58] [INFO ] [notify] Email notification shown in-app for afsana.miah@gmail.com
[2026-08-23 12:05:58] [INFO ] [notify] Afsana Miah #7600021 delivered via: In-App + Email
[2026-08-23 12:05:58] [INFO ] [notify] In-App notification stored for Rayhan Kabir #7600022
[2026-08-23 12:05:58] [INFO ] [notify] Email notification shown in-app for rayhan.kabir@gmail.com
[2026-08-23 12:05:58] [INFO ] [notify] Rayhan Kabir #7600022 delivered via: In-App + Email
[2026-08-23 12:05:58] [INFO ] [notify] In-App notification stored for Shifa Tasnim #7600023
[2026-08-23 12:05:58] [INFO ] [notify] Email notification shown in-app for shifa.tasnim@gmail.com
[2026-08-23 12:05:58] [INFO ] [notify] Shifa Tasnim #7600023 delivered via: In-App + Email
[2026-08-23 12:05:58] [INFO ] [notify] In-App notification stored for Abrar Rahman #7600024
[2026-08-23 12:05:58] [INFO ] [notify] Email notification shown in-app for abrar.rahman@gmail.com
[2026-08-23 12:05:58] [INFO ] [notify] Abrar Rahman #7600024 delivered via: In-App + Email
[2026-08-23 12:05:58] [INFO ] [notify] In-App notification stored for Sohana Islam #7600025
[2026-08-23 12:05:58] [INFO ] [notify] Email notification shown in-app for sohana.islam@gmail.com
[2026-08-23 12:05:58] [INFO ] [notify] Sohana Islam #7600025 delivered via: In-App + Email
[2026-08-23 12:05:58] [INFO ] [notify] In-App notification stored for Ehsan Khan #7600026
[2026-08-23 12:05:58] [INFO ] [notify] Email notification shown in-app for ehsan.khan@gmail.com
[2026-08-23 12:05:58] [INFO ] [notify] Ehsan Khan #7600026 delivered via: In-App + Email
[2026-08-23 12:05:58] [INFO ] [notify] In-App notification stored for Raisa Khatun #7600027
[2026-08-23 12:05:58] [INFO ] [notify] Email notification shown in-app for raisa.khatun@gmail.com
[2026-08-23 12:05:58] [INFO ] [notify] Raisa Khatun #7600027 delivered via: In-App + Email
[2026-08-23 12:05:58] [INFO ] [notify] In-App notification stored for Mahin Ahmed #7600028
[2026-08-23 12:05:58] [INFO ] [notify] Email notification shown in-app for mahin.ahmed@gmail.com
[2026-08-23 12:05:58] [INFO ] [notify] Mahin Ahmed #7600028 delivered via: In-App + Email
[2026-08-23 12:05:58] [INFO ] [notify] In-App notification stored for Liza Akter #7600029
[2026-08-23 12:05:58] [INFO ] [notify] Email notification shown in-app for liza.akter@gmail.com
[2026-08-23 12:05:58] [INFO ] [notify] Liza Akter #7600029 delivered via: In-App + Email
[2026-08-23 12:05:58] [INFO ] [notify] In-App notification stored for Jawad Hasan #7600030
[2026-08-23 12:05:58] [INFO ] [notify] Email notification shown in-app for jawad.hasan@gmail.com
[2026-08-23 12:05:58] [INFO ] [notify] Jawad Hasan #7600030 delivered via: In-App + Email
[2026-08-23 12:05:58] [INFO ] [notify] In-App notification stored for Nayla Jahan #7600031
[2026-08-23 12:05:58] [INFO ] [notify] Email notification shown in-app for nayla.jahan@gmail.com
[2026-08-23 12:05:58] [INFO ] [notify] Nayla Jahan #7600031 delivered via: In-App + Email
[2026-08-23 12:05:58] [INFO ] [notify] In-App notification stored for Ratul Islam #7600032
[2026-08-23 12:05:58] [INFO ] [notify] Email notification shown in-app for ratul.islam@gmail.com
[2026-08-23 12:05:58] [INFO ] [notify] Ratul Islam #7600032 delivered via: In-App + Email
[2026-08-23 12:05:58] [INFO ] [notify] In-App notification stored for Iffat Sultana #7600033
[2026-08-23 12:05:58] [INFO ] [notify] Email notification shown in-app for iffat.sultana@gmail.com
[2026-08-23 12:05:58] [INFO ] [notify] Iffat Sultana #7600033 delivered via: In-App + Email
[2026-08-23 12:05:58] [INFO ] [notify] In-App notification stored for Siam Khan #7600034
[2026-08-23 12:05:58] [INFO ] [notify] Email notification shown in-app for siam.khan@gmail.com
[2026-08-23 12:05:58] [INFO ] [notify] Siam Khan #7600034 delivered via: In-App + Email
[2026-08-23 12:05:58] [INFO ] [notify] In-App notification stored for Ayan Faruk #7600036
[2026-08-23 12:05:58] [INFO ] [notify] Email notification shown in-app for ayan.faruk@gmail.com
[2026-08-23 12:05:58] [INFO ] [notify] Ayan Faruk #7600036 delivered via: In-App + Email
[2026-08-23 12:05:58] [INFO ] [notify] In-App notification stored for Nafisa Khatun #7600037
[2026-08-23 12:05:58] [INFO ] [notify] Email notification shown in-app for nafisa.khatun@gmail.com
[2026-08-23 12:05:58] [INFO ] [notify] Nafisa Khatun #7600037 delivered via: In-App + Email
[2026-08-23 12:05:58] [INFO ] [notify] In-App notification stored for Labib Ahmed #7600038
[2026-08-23 12:05:58] [INFO ] [notify] Email notification shown in-app for labib.ahmed@gmail.com
[2026-08-23 12:05:58] [INFO ] [notify] Labib Ahmed #7600038 delivered via: In-App + Email
[2026-08-23 12:05:58] [INFO ] [notify] In-App notification stored for Zara Khan #7600039
[2026-08-23 12:05:58] [INFO ] [notify] Email notification shown in-app for zara.khan@gmail.com
[2026-08-23 12:05:58] [INFO ] [notify] Zara Khan #7600039 delivered via: In-App + Email
[2026-08-23 12:05:58] [INFO ] [notify] In-App notification stored for Fahad Rahman #7600040
[2026-08-23 12:05:58] [INFO ] [notify] Email notification shown in-app for fahad.rahman@gmail.com
[2026-08-23 12:05:58] [INFO ] [notify] Fahad Rahman #7600040 delivered via: In-App + Email
[2026-08-23 12:05:58] [INFO ] [notify] In-App notification stored for Shila Akter #7634891
[2026-08-23 12:05:58] [INFO ] [notify] Email notification shown in-app for shila.akter@yahoo.com
[2026-08-23 12:05:58] [INFO ] [notify] Shila Akter #7634891 delivered via: In-App + Email
[2026-08-23 12:05:58] [INFO ] [notify] In-App notification stored for Sadia Ferdous #7644433
[2026-08-23 12:05:58] [INFO ] [notify] Email notification shown in-app for sadia.ferdous@yahoo.com
[2026-08-23 12:05:58] [INFO ] [notify] Sadia Ferdous #7644433 delivered via: In-App + Email
[2026-08-23 12:05:58] [INFO ] [notify] In-App notification stored for Sumaiya Khatun #7648201
[2026-08-23 12:05:58] [INFO ] [notify] Email notification shown in-app for sumaiya.khatun@gmail.com
[2026-08-23 12:05:58] [INFO ] [notify] Sumaiya Khatun #7648201 delivered via: In-App + Email
[2026-08-23 12:05:58] [INFO ] [notify] In-App notification stored for Niloy Karim #7732091
[2026-08-23 12:05:58] [INFO ] [notify] Email notification shown in-app for niloy.karim@yahoo.com
[2026-08-23 12:05:58] [INFO ] [notify] Niloy Karim #7732091 delivered via: In-App + Email
[2026-08-23 12:05:58] [INFO ] [notify] In-App notification stored for Sohana Sultana #7812393
[2026-08-23 12:05:58] [INFO ] [notify] Email notification shown in-app for sohana.sultana@yahoo.com
[2026-08-23 12:05:58] [INFO ] [notify] Sohana Sultana #7812393 delivered via: In-App + Email
[2026-08-23 12:05:58] [INFO ] [notify] In-App notification stored for Rasel Ahmed #7829891
[2026-08-23 12:05:58] [INFO ] [notify] Email notification shown in-app for rasel.ahmed@gmail.com
[2026-08-23 12:05:58] [INFO ] [notify] Rasel Ahmed #7829891 delivered via: In-App + Email
[2026-08-23 12:05:58] [INFO ] [notify] In-App notification stored for Mamun Chowdhury #7845990
[2026-08-23 12:05:58] [INFO ] [notify] Email notification shown in-app for mamun.chowdhury@gmail.com
[2026-08-23 12:05:58] [INFO ] [notify] Mamun Chowdhury #7845990 delivered via: In-App + Email
[2026-08-23 12:05:58] [INFO ] [notify] In-App notification stored for Farzana Yasmin #7882345
[2026-08-23 12:05:58] [INFO ] [notify] Email notification shown in-app for farzana.yasmin@gmail.com
[2026-08-23 12:05:58] [INFO ] [notify] Farzana Yasmin #7882345 delivered via: In-App + Email
[2026-08-23 12:05:58] [INFO ] [notify] In-App notification stored for Sharmin Akhter #7932441
[2026-08-23 12:05:58] [INFO ] [notify] Email notification shown in-app for sharmin.akhter@yahoo.com
[2026-08-23 12:05:58] [INFO ] [notify] Sharmin Akhter #7932441 delivered via: In-App + Email
[2026-08-23 12:05:58] [INFO ] [notify] In-App notification stored for Arif Mahmud #7940012
[2026-08-23 12:05:58] [INFO ] [notify] Email notification shown in-app for arif.mahmud@gmail.com
[2026-08-23 12:05:58] [INFO ] [notify] Arif Mahmud #7940012 delivered via: In-App + Email
[2026-08-23 12:05:58] [INFO ] [notify] In-App notification stored for Rafi Islam #7993544
[2026-08-23 12:05:58] [INFO ] [notify] Email notification shown in-app for rafi.islam@gmail.com
[2026-08-23 12:05:58] [INFO ] [notify] Rafi Islam #7993544 delivered via: In-App + Email
[2026-08-23 12:05:58] [INFO ] [notify] In-App notification stored for Hasan Khan #8124593
[2026-08-23 12:05:58] [INFO ] [notify] Email notification shown in-app for hasan.khan@gmail.com
[2026-08-23 12:05:58] [INFO ] [notify] Hasan Khan #8124593 delivered via: In-App + Email
[2026-08-23 12:05:58] [INFO ] [notify] In-App notification stored for Nausicaaa Rren #9500105
[2026-08-23 12:05:58] [INFO ] [notify] Email notification shown in-app for rn@gmail.com
[2026-08-23 12:05:58] [INFO ] [notify] Nausicaaa Rren #9500105 delivered via: In-App + Email
[2026-08-23 12:05:58] [INFO ] [notify] In-App notification stored for Ahnaf Nehal #10000000
[2026-08-23 12:05:58] [INFO ] [notify] Email notification shown in-app for orpatasnimejannat@gmail.com
[2026-08-23 12:05:58] [INFO ] [notify] Ahnaf Nehal #10000000 delivered via: In-App + Email
[2026-08-23 12:05:58] [INFO ] [notify] In-App notification stored for Mumtahina Naomi #10000002
[2026-08-23 12:05:58] [INFO ] [notify] Email notification shown in-app for naomi@gmail.com
[2026-08-23 12:05:58] [INFO ] [notify] Mumtahina Naomi #10000002 delivered via: In-App + Email
[2026-08-23 12:05:58] [INFO ] [notify] In-App notification stored for Habiba ww #10000006
[2026-08-23 12:05:58] [INFO ] [notify] Email notification shown in-app for we@gmail.com
[2026-08-23 12:05:58] [INFO ] [notify] Habiba ww #10000006 delivered via: In-App + Email
[2026-08-23 12:05:58] [INFO ] [notify] In-App notification stored for Nanjiba Nisa #10000007
[2026-08-23 12:05:58] [INFO ] [notify] Email notification shown in-app for nanjiba789@gmail.com
[2026-08-23 12:05:58] [INFO ] [notify] Nanjiba Nisa #10000007 delivered via: In-App + Email
[2026-08-23 12:05:58] [INFO ] [notify] In-App notification stored for Sudad Masnun #10000009
[2026-08-23 12:05:58] [INFO ] [notify] SMS notification shown in-app for 01770108190
[2026-08-23 12:05:58] [INFO ] [notify] Email notification shown in-app for sudadmasnunnabi789@gmail.com
[2026-08-23 12:05:58] [INFO ] [notify] Sudad Masnun #10000009 delivered via: In-App + SMS + Email
[2026-08-23 12:05:58] [INFO ] [notify] In-App notification stored for AKM Iqtidar Newaz #10000010
[2026-08-23 12:05:58] [INFO ] [notify] Email notification shown in-app for Iqtidar@gmail.com
[2026-08-23 12:05:58] [INFO ] [notify] AKM Iqtidar Newaz #10000010 delivered via: In-App + Email
[2026-08-23 12:09:43] [INFO ] DiscountService: 141 member observer(s) subscribed to the discount subject
[2026-08-23 12:09:43] [INFO ] DiscountSubject: notifying 142 observer(s) about "10% off Banana"
[2026-08-23 12:09:43] [INFO ] [discount] Farmer Labib Miah has discounted Banana by 10%. The price is now BDT 54.00 instead of BDT 60.00.
[2026-08-23 12:09:43] [INFO ] [notify] In-App notification stored for Ahsan Kabir #7029344
[2026-08-23 12:09:43] [INFO ] [notify] SMS notification shown in-app for 01722334455
[2026-08-23 12:09:43] [INFO ] [notify] Push notification shown in-app for Ahsan Kabir
[2026-08-23 12:09:43] [INFO ] [notify] Ahsan Kabir #7029344 delivered via: In-App + SMS + Push
[2026-08-23 12:09:43] [INFO ] [notify] In-App notification stored for Nusrat Jahan #7065411
[2026-08-23 12:09:43] [INFO ] [notify] Email notification shown in-app for nusrat.jahan@yahoo.com
[2026-08-23 12:09:43] [INFO ] [notify] Nusrat Jahan #7065411 delivered via: In-App + Email
[2026-08-23 12:09:43] [INFO ] [notify] In-App notification stored for Sultana Begum #7123988
[2026-08-23 12:09:43] [INFO ] [notify] Email notification shown in-app for sultana.begum@yahoo.com
[2026-08-23 12:09:43] [INFO ] [notify] Sultana Begum #7123988 delivered via: In-App + Email
[2026-08-23 12:09:43] [INFO ] [notify] In-App notification stored for Mitu Begum #7159033
[2026-08-23 12:09:43] [INFO ] [notify] Email notification shown in-app for mitu.begum@yahoo.com
[2026-08-23 12:09:43] [INFO ] [notify] Mitu Begum #7159033 delivered via: In-App + Email
[2026-08-23 12:09:43] [INFO ] [notify] In-App notification stored for Rakin Hasib #7165321
[2026-08-23 12:09:43] [INFO ] [notify] Email notification shown in-app for rakin.hasib@gmail.com
[2026-08-23 12:09:43] [INFO ] [notify] Rakin Hasib #7165321 delivered via: In-App + Email
[2026-08-23 12:09:43] [INFO ] [notify] In-App notification stored for Mariya Sultana #7183440
[2026-08-23 12:09:43] [INFO ] [notify] Email notification shown in-app for mariya.sultana@gmail.com
[2026-08-23 12:09:43] [INFO ] [notify] Mariya Sultana #7183440 delivered via: In-App + Email
[2026-08-23 12:09:43] [INFO ] [notify] In-App notification stored for Tania Sultana #7203401
[2026-08-23 12:09:43] [INFO ] [notify] Email notification shown in-app for tania.sultana@gmail.com
[2026-08-23 12:09:43] [INFO ] [notify] Tania Sultana #7203401 delivered via: In-App + Email
[2026-08-23 12:09:43] [INFO ] [notify] In-App notification stored for Sabrina Chowdhury #7219033
[2026-08-23 12:09:43] [INFO ] [notify] Email notification shown in-app for sabrina.chy@gmail.com
[2026-08-23 12:09:43] [INFO ] [notify] Sabrina Chowdhury #7219033 delivered via: In-App + Email
[2026-08-23 12:09:43] [INFO ] [notify] In-App notification stored for Nahid Hasan #7250934
[2026-08-23 12:09:43] [INFO ] [notify] Email notification shown in-app for nahid.hasan@yahoo.com
[2026-08-23 12:09:43] [INFO ] [notify] Nahid Hasan #7250934 delivered via: In-App + Email
[2026-08-23 12:09:43] [INFO ] [notify] In-App notification stored for Sakib Ahmed #7283590
[2026-08-23 12:09:43] [INFO ] [notify] Email notification shown in-app for sakib.ahmed@gmail.com
[2026-08-23 12:09:43] [INFO ] [notify] Sakib Ahmed #7283590 delivered via: In-App + Email
[2026-08-23 12:09:43] [INFO ] [notify] In-App notification stored for Mou Akter #7331220
[2026-08-23 12:09:43] [INFO ] [notify] Email notification shown in-app for mou.akter@yahoo.com
[2026-08-23 12:09:43] [INFO ] [notify] Mou Akter #7331220 delivered via: In-App + Email
[2026-08-23 12:09:43] [INFO ] [notify] In-App notification stored for Rumana Akter #7338912
[2026-08-23 12:09:43] [INFO ] [notify] Email notification shown in-app for rumana.akter@gmail.com
[2026-08-23 12:09:43] [INFO ] [notify] Rumana Akter #7338912 delivered via: In-App + Email
[2026-08-23 12:09:43] [INFO ] [notify] In-App notification stored for Saif Rahman #7412891
[2026-08-23 12:09:43] [INFO ] [notify] Email notification shown in-app for saif.rahman@gmail.com
[2026-08-23 12:09:43] [INFO ] [notify] Saif Rahman #7412891 delivered via: In-App + Email
[2026-08-23 12:09:43] [INFO ] [notify] In-App notification stored for Lamia Khan #7419083
[2026-08-23 12:09:43] [INFO ] [notify] Email notification shown in-app for lamia.khan@gmail.com
[2026-08-23 12:09:43] [INFO ] [notify] Lamia Khan #7419083 delivered via: In-App + Email
[2026-08-23 12:09:43] [INFO ] [notify] In-App notification stored for Tamanna Akter #7429834
[2026-08-23 12:09:43] [INFO ] [notify] Email notification shown in-app for tamanna.akter@gmail.com
[2026-08-23 12:09:43] [INFO ] [notify] Tamanna Akter #7429834 delivered via: In-App + Email
[2026-08-23 12:09:43] [INFO ] [notify] In-App notification stored for Jannat Khanam #7440193
[2026-08-23 12:09:43] [INFO ] [notify] Email notification shown in-app for jannat.khanam@gmail.com
[2026-08-23 12:09:43] [INFO ] [notify] Jannat Khanam #7440193 delivered via: In-App + Email
[2026-08-23 12:09:43] [INFO ] [notify] In-App notification stored for Arif Hossain #7450001
[2026-08-23 12:09:43] [INFO ] [notify] Email notification shown in-app for arif.hossain@gmail.com
[2026-08-23 12:09:43] [INFO ] [notify] Arif Hossain #7450001 delivered via: In-App + Email
[2026-08-23 12:09:43] [INFO ] [notify] In-App notification stored for Rafi Islam #7450002
[2026-08-23 12:09:43] [INFO ] [notify] Email notification shown in-app for rafi.islam@gmail.com
[2026-08-23 12:09:43] [INFO ] [notify] Rafi Islam #7450002 delivered via: In-App + Email
[2026-08-23 12:09:43] [INFO ] [notify] In-App notification stored for Niloy Ahmed #7450003
[2026-08-23 12:09:43] [INFO ] [notify] Email notification shown in-app for niloy.ahmed@gmail.com
[2026-08-23 12:09:43] [INFO ] [notify] Niloy Ahmed #7450003 delivered via: In-App + Email
[2026-08-23 12:09:43] [INFO ] [notify] In-App notification stored for Shawon Khan #7450004
[2026-08-23 12:09:43] [INFO ] [notify] Email notification shown in-app for shawon.khan@gmail.com
[2026-08-23 12:09:43] [INFO ] [notify] Shawon Khan #7450004 delivered via: In-App + Email
[2026-08-23 12:09:43] [INFO ] [notify] In-App notification stored for Tamim Rahman #7450005
[2026-08-23 12:09:43] [INFO ] [notify] Email notification shown in-app for tamim.rahman@gmail.com
[2026-08-23 12:09:43] [INFO ] [notify] Tamim Rahman #7450005 delivered via: In-App + Email
[2026-08-23 12:09:43] [INFO ] [notify] In-App notification stored for Sifat Hasan #7450006
[2026-08-23 12:09:43] [INFO ] [notify] Email notification shown in-app for sifat.hasan@gmail.com
[2026-08-23 12:09:43] [INFO ] [notify] Sifat Hasan #7450006 delivered via: In-App + Email
[2026-08-23 12:09:43] [INFO ] [notify] In-App notification stored for Adib Mahmud #7450007
[2026-08-23 12:09:43] [INFO ] [notify] Email notification shown in-app for adib.mahmud@gmail.com
[2026-08-23 12:09:43] [INFO ] [notify] Adib Mahmud #7450007 delivered via: In-App + Email
[2026-08-23 12:09:43] [INFO ] [notify] In-App notification stored for Fardin Islam #7450008
[2026-08-23 12:09:43] [INFO ] [notify] Email notification shown in-app for fardin.islam@gmail.com
[2026-08-23 12:09:43] [INFO ] [notify] Fardin Islam #7450008 delivered via: In-App + Email
[2026-08-23 12:09:43] [INFO ] [notify] In-App notification stored for Nabil Haque #7450009
[2026-08-23 12:09:43] [INFO ] [notify] Email notification shown in-app for nabil.haque@gmail.com
[2026-08-23 12:09:43] [INFO ] [notify] Nabil Haque #7450009 delivered via: In-App + Email
[2026-08-23 12:09:43] [INFO ] [notify] In-App notification stored for Ruhan Chowdhury #7450010
[2026-08-23 12:09:43] [INFO ] [notify] Email notification shown in-app for ruhan.ch@gmail.com
[2026-08-23 12:09:43] [INFO ] [notify] Ruhan Chowdhury #7450010 delivered via: In-App + Email
[2026-08-23 12:09:43] [INFO ] [notify] In-App notification stored for Siam Uddin #7450011
[2026-08-23 12:09:43] [INFO ] [notify] Email notification shown in-app for siam.uddin@gmail.com
[2026-08-23 12:09:43] [INFO ] [notify] Siam Uddin #7450011 delivered via: In-App + Email
[2026-08-23 12:09:43] [INFO ] [notify] In-App notification stored for Ayon Mia #7450012
[2026-08-23 12:09:43] [INFO ] [notify] Email notification shown in-app for ayon.mia@gmail.com
[2026-08-23 12:09:43] [INFO ] [notify] Ayon Mia #7450012 delivered via: In-App + Email
[2026-08-23 12:09:43] [INFO ] [notify] In-App notification stored for Zihad Islam #7450013
[2026-08-23 12:09:43] [INFO ] [notify] Email notification shown in-app for zihad.islam@gmail.com
[2026-08-23 12:09:43] [INFO ] [notify] Zihad Islam #7450013 delivered via: In-App + Email
[2026-08-23 12:09:43] [INFO ] [notify] In-App notification stored for Rakib Hossain #7450014
[2026-08-23 12:09:43] [INFO ] [notify] Email notification shown in-app for rakib.h2@gmail.com
[2026-08-23 12:09:43] [INFO ] [notify] Rakib Hossain #7450014 delivered via: In-App + Email
[2026-08-23 12:09:43] [INFO ] [notify] In-App notification stored for Sajid Khan #7450015
[2026-08-23 12:09:43] [INFO ] [notify] Email notification shown in-app for sajid.khan@gmail.com
[2026-08-23 12:09:43] [INFO ] [notify] Sajid Khan #7450015 delivered via: In-App + Email
[2026-08-23 12:09:43] [INFO ] [notify] In-App notification stored for Tanvir Ahmed #7450016
[2026-08-23 12:09:43] [INFO ] [notify] Email notification shown in-app for tanvir.ahmed@gmail.com
[2026-08-23 12:09:43] [INFO ] [notify] Tanvir Ahmed #7450016 delivered via: In-App + Email
[2026-08-23 12:09:43] [INFO ] [notify] In-App notification stored for Riad Hasan #7450017
[2026-08-23 12:09:43] [INFO ] [notify] Email notification shown in-app for riad.hasan@gmail.com
[2026-08-23 12:09:43] [INFO ] [notify] Riad Hasan #7450017 delivered via: In-App + Email
[2026-08-23 12:09:43] [INFO ] [notify] In-App notification stored for Mahin Islam #7450018
[2026-08-23 12:09:43] [INFO ] [notify] Email notification shown in-app for mahin.islam@gmail.com
[2026-08-23 12:09:43] [INFO ] [notify] Mahin Islam #7450018 delivered via: In-App + Email
[2026-08-23 12:09:43] [INFO ] [notify] In-App notification stored for Iftekhar Rahman #7450019
[2026-08-23 12:09:43] [INFO ] [notify] Email notification shown in-app for iftekhar.rahman@gmail.com
[2026-08-23 12:09:43] [INFO ] [notify] Iftekhar Rahman #7450019 delivered via: In-App + Email
[2026-08-23 12:09:43] [INFO ] [notify] In-App notification stored for Anik Sarkar #7450020
[2026-08-23 12:09:43] [INFO ] [notify] Email notification shown in-app for anik.sarkar@gmail.com
[2026-08-23 12:09:43] [INFO ] [notify] Anik Sarkar #7450020 delivered via: In-App + Email
[2026-08-23 12:09:43] [INFO ] [notify] In-App notification stored for Shihab Uddin #7450021
[2026-08-23 12:09:43] [INFO ] [notify] Email notification shown in-app for shihab.uddin@gmail.com
[2026-08-23 12:09:43] [INFO ] [notify] Shihab Uddin #7450021 delivered via: In-App + Email
[2026-08-23 12:09:43] [INFO ] [notify] In-App notification stored for Foysal Mia #7450022
[2026-08-23 12:09:43] [INFO ] [notify] Email notification shown in-app for foysal.mia@gmail.com
[2026-08-23 12:09:43] [INFO ] [notify] Foysal Mia #7450022 delivered via: In-App + Email
[2026-08-23 12:09:43] [INFO ] [notify] In-App notification stored for Ashik Hassan #7450023
[2026-08-23 12:09:43] [INFO ] [notify] Email notification shown in-app for ashik.hassan@gmail.com
[2026-08-23 12:09:43] [INFO ] [notify] Ashik Hassan #7450023 delivered via: In-App + Email
[2026-08-23 12:09:43] [INFO ] [notify] In-App notification stored for Rony Islam #7450024
[2026-08-23 12:09:43] [INFO ] [notify] Email notification shown in-app for rony.islam@gmail.com
[2026-08-23 12:09:43] [INFO ] [notify] Rony Islam #7450024 delivered via: In-App + Email
[2026-08-23 12:09:43] [INFO ] [notify] In-App notification stored for Jubayer Ahmed #7450025
[2026-08-23 12:09:43] [INFO ] [notify] Email notification shown in-app for jubayer.ahmed@gmail.com
[2026-08-23 12:09:43] [INFO ] [notify] Jubayer Ahmed #7450025 delivered via: In-App + Email
[2026-08-23 12:09:43] [INFO ] [notify] In-App notification stored for Sabbir Rahman #7450026
[2026-08-23 12:09:43] [INFO ] [notify] Email notification shown in-app for sabbir.rahman@gmail.com
[2026-08-23 12:09:43] [INFO ] [notify] Sabbir Rahman #7450026 delivered via: In-App + Email
[2026-08-23 12:09:43] [INFO ] [notify] In-App notification stored for Rasel Hossain #7450027
[2026-08-23 12:09:43] [INFO ] [notify] Email notification shown in-app for rasel.h2@gmail.com
[2026-08-23 12:09:43] [INFO ] [notify] Rasel Hossain #7450027 delivered via: In-App + Email
[2026-08-23 12:09:43] [INFO ] [notify] In-App notification stored for Arafat Islam #7450028
[2026-08-23 12:09:43] [INFO ] [notify] Email notification shown in-app for arafat.islam@gmail.com
[2026-08-23 12:09:43] [INFO ] [notify] Arafat Islam #7450028 delivered via: In-App + Email
[2026-08-23 12:09:43] [INFO ] [notify] In-App notification stored for Sohan Khan #7450029
[2026-08-23 12:09:43] [INFO ] [notify] Email notification shown in-app for sohan.khan@gmail.com
[2026-08-23 12:09:43] [INFO ] [notify] Sohan Khan #7450029 delivered via: In-App + Email
[2026-08-23 12:09:43] [INFO ] [notify] In-App notification stored for Minhaz Rahman #7450030
[2026-08-23 12:09:43] [INFO ] [notify] Email notification shown in-app for minhaz.rahman@gmail.com
[2026-08-23 12:09:43] [INFO ] [notify] Minhaz Rahman #7450030 delivered via: In-App + Email
[2026-08-23 12:09:43] [INFO ] [notify] In-App notification stored for Riyad Hasan #7450031
[2026-08-23 12:09:43] [INFO ] [notify] Email notification shown in-app for riyad.hasan@gmail.com
[2026-08-23 12:09:43] [INFO ] [notify] Riyad Hasan #7450031 delivered via: In-App + Email
[2026-08-23 12:09:43] [INFO ] [notify] In-App notification stored for Fahad Islam #7450032
[2026-08-23 12:09:43] [INFO ] [notify] Email notification shown in-app for fahad.islam@gmail.com
[2026-08-23 12:09:43] [INFO ] [notify] Fahad Islam #7450032 delivered via: In-App + Email
[2026-08-23 12:09:43] [INFO ] [notify] In-App notification stored for Sakib Ahmed #7450033
[2026-08-23 12:09:43] [INFO ] [notify] Email notification shown in-app for sakib.ahmed@gmail.com
[2026-08-23 12:09:43] [INFO ] [notify] Sakib Ahmed #7450033 delivered via: In-App + Email
[2026-08-23 12:09:43] [INFO ] [notify] In-App notification stored for Imtiaz Hossain #7450034
[2026-08-23 12:09:43] [INFO ] [notify] Email notification shown in-app for imtiaz.hossain@gmail.com
[2026-08-23 12:09:43] [INFO ] [notify] Imtiaz Hossain #7450034 delivered via: In-App + Email
[2026-08-23 12:09:43] [INFO ] [notify] In-App notification stored for Shanto Islam #7450035
[2026-08-23 12:09:43] [INFO ] [notify] Email notification shown in-app for shanto.islam@gmail.com
[2026-08-23 12:09:43] [INFO ] [notify] Shanto Islam #7450035 delivered via: In-App + Email
[2026-08-23 12:09:43] [INFO ] [notify] In-App notification stored for Noman Khan #7450036
[2026-08-23 12:09:43] [INFO ] [notify] Email notification shown in-app for noman.khan@gmail.com
[2026-08-23 12:09:43] [INFO ] [notify] Noman Khan #7450036 delivered via: In-App + Email
[2026-08-23 12:09:43] [INFO ] [notify] In-App notification stored for Ashraf Uddin #7450037
[2026-08-23 12:09:43] [INFO ] [notify] Email notification shown in-app for ashraf.uddin@gmail.com
[2026-08-23 12:09:43] [INFO ] [notify] Ashraf Uddin #7450037 delivered via: In-App + Email
[2026-08-23 12:09:43] [INFO ] [notify] In-App notification stored for Tuhin Mia #7450038
[2026-08-23 12:09:43] [INFO ] [notify] Email notification shown in-app for tuhin.mia@gmail.com
[2026-08-23 12:09:43] [INFO ] [notify] Tuhin Mia #7450038 delivered via: In-App + Email
[2026-08-23 12:09:43] [INFO ] [notify] In-App notification stored for Parvez Hasan #7450039
[2026-08-23 12:09:43] [INFO ] [notify] Email notification shown in-app for parvez.hasan@gmail.com
[2026-08-23 12:09:43] [INFO ] [notify] Parvez Hasan #7450039 delivered via: In-App + Email
[2026-08-23 12:09:43] [INFO ] [notify] In-App notification stored for Mahfuz Rahman #7450040
[2026-08-23 12:09:43] [INFO ] [notify] Email notification shown in-app for mahfuz.rahman@gmail.com
[2026-08-23 12:09:43] [INFO ] [notify] Mahfuz Rahman #7450040 delivered via: In-App + Email
[2026-08-23 12:09:43] [INFO ] [notify] In-App notification stored for Raihan Islam #7450041
[2026-08-23 12:09:43] [INFO ] [notify] Email notification shown in-app for raihan.islam@gmail.com
[2026-08-23 12:09:43] [INFO ] [notify] Raihan Islam #7450041 delivered via: In-App + Email
[2026-08-23 12:09:43] [INFO ] [notify] In-App notification stored for Shamim Ahmed #7450042
[2026-08-23 12:09:43] [INFO ] [notify] Email notification shown in-app for shamim.ahmed@gmail.com
[2026-08-23 12:09:43] [INFO ] [notify] Shamim Ahmed #7450042 delivered via: In-App + Email
[2026-08-23 12:09:43] [INFO ] [notify] In-App notification stored for Emon Hossain #7450043
[2026-08-23 12:09:43] [INFO ] [notify] Email notification shown in-app for emon.hossain@gmail.com
[2026-08-23 12:09:43] [INFO ] [notify] Emon Hossain #7450043 delivered via: In-App + Email
[2026-08-23 12:09:43] [INFO ] [notify] In-App notification stored for Jahid Islam #7450044
[2026-08-23 12:09:43] [INFO ] [notify] Email notification shown in-app for jahid.islam@gmail.com
[2026-08-23 12:09:43] [INFO ] [notify] Jahid Islam #7450044 delivered via: In-App + Email
[2026-08-23 12:09:43] [INFO ] [notify] In-App notification stored for Rifat Khan #7450045
[2026-08-23 12:09:43] [INFO ] [notify] Email notification shown in-app for rifat.khan@gmail.com
[2026-08-23 12:09:43] [INFO ] [notify] Rifat Khan #7450045 delivered via: In-App + Email
[2026-08-23 12:09:43] [INFO ] [notify] In-App notification stored for Masud Rahman #7450046
[2026-08-23 12:09:43] [INFO ] [notify] Email notification shown in-app for masud.rahman@gmail.com
[2026-08-23 12:09:43] [INFO ] [notify] Masud Rahman #7450046 delivered via: In-App + Email
[2026-08-23 12:09:43] [INFO ] [notify] In-App notification stored for Bashir Uddin #7450047
[2026-08-23 12:09:43] [INFO ] [notify] Email notification shown in-app for bashir.uddin@gmail.com
[2026-08-23 12:09:43] [INFO ] [notify] Bashir Uddin #7450047 delivered via: In-App + Email
[2026-08-23 12:09:43] [INFO ] [notify] In-App notification stored for Shafi Islam #7450048
[2026-08-23 12:09:43] [INFO ] [notify] Email notification shown in-app for shafi.islam@gmail.com
[2026-08-23 12:09:43] [INFO ] [notify] Shafi Islam #7450048 delivered via: In-App + Email
[2026-08-23 12:09:43] [INFO ] [notify] In-App notification stored for Tareq Hasan #7450049
[2026-08-23 12:09:43] [INFO ] [notify] Email notification shown in-app for tareq.hasan@gmail.com
[2026-08-23 12:09:43] [INFO ] [notify] Tareq Hasan #7450049 delivered via: In-App + Email
[2026-08-23 12:09:43] [INFO ] [notify] In-App notification stored for Rashed Khan #7450050
[2026-08-23 12:09:43] [INFO ] [notify] Email notification shown in-app for rashed.khan@gmail.com
[2026-08-23 12:09:43] [INFO ] [notify] Rashed Khan #7450050 delivered via: In-App + Email
[2026-08-23 12:09:43] [INFO ] [notify] In-App notification stored for Naim Islam #7450051
[2026-08-23 12:09:43] [INFO ] [notify] Email notification shown in-app for naim.islam@gmail.com
[2026-08-23 12:09:43] [INFO ] [notify] Naim Islam #7450051 delivered via: In-App + Email
[2026-08-23 12:09:43] [INFO ] [notify] In-App notification stored for Firoz Ahmed #7450052
[2026-08-23 12:09:43] [INFO ] [notify] Email notification shown in-app for firoz.ahmed@gmail.com
[2026-08-23 12:09:43] [INFO ] [notify] Firoz Ahmed #7450052 delivered via: In-App + Email
[2026-08-23 12:09:43] [INFO ] [notify] In-App notification stored for Iqbal Hossain #7450053
[2026-08-23 12:09:43] [INFO ] [notify] Email notification shown in-app for iqbal.hossain@gmail.com
[2026-08-23 12:09:43] [INFO ] [notify] Iqbal Hossain #7450053 delivered via: In-App + Email
[2026-08-23 12:09:43] [INFO ] [notify] In-App notification stored for Nazmul Islam #7450054
[2026-08-23 12:09:43] [INFO ] [notify] Email notification shown in-app for nazmul.islam@gmail.com
[2026-08-23 12:09:43] [INFO ] [notify] Nazmul Islam #7450054 delivered via: In-App + Email
[2026-08-23 12:09:43] [INFO ] [notify] In-App notification stored for Kawsar Khan #7450055
[2026-08-23 12:09:43] [INFO ] [notify] Email notification shown in-app for kawsar.khan@gmail.com
[2026-08-23 12:09:43] [INFO ] [notify] Kawsar Khan #7450055 delivered via: In-App + Email
[2026-08-23 12:09:43] [INFO ] [notify] In-App notification stored for Sujon Mia #7450056
[2026-08-23 12:09:43] [INFO ] [notify] Email notification shown in-app for sujon.mia@gmail.com
[2026-08-23 12:09:43] [INFO ] [notify] Sujon Mia #7450056 delivered via: In-App + Email
[2026-08-23 12:09:43] [INFO ] [notify] In-App notification stored for Habib Rahman #7450057
[2026-08-23 12:09:43] [INFO ] [notify] Email notification shown in-app for habib.rahman@gmail.com
[2026-08-23 12:09:43] [INFO ] [notify] Habib Rahman #7450057 delivered via: In-App + Email
[2026-08-23 12:09:43] [INFO ] [notify] In-App notification stored for Alif Hasan #7450058
[2026-08-23 12:09:43] [INFO ] [notify] Email notification shown in-app for alif.hasan@gmail.com
[2026-08-23 12:09:43] [INFO ] [notify] Alif Hasan #7450058 delivered via: In-App + Email
[2026-08-23 12:09:43] [INFO ] [notify] In-App notification stored for Rokon Uddin #7450059
[2026-08-23 12:09:43] [INFO ] [notify] Email notification shown in-app for rokon.uddin@gmail.com
[2026-08-23 12:09:43] [INFO ] [notify] Rokon Uddin #7450059 delivered via: In-App + Email
[2026-08-23 12:09:43] [INFO ] [notify] In-App notification stored for Jony Islam #7450060
[2026-08-23 12:09:43] [INFO ] [notify] Email notification shown in-app for jony.islam@gmail.com
[2026-08-23 12:09:43] [INFO ] [notify] Jony Islam #7450060 delivered via: In-App + Email
[2026-08-23 12:09:43] [INFO ] [notify] In-App notification stored for Sazzad Khan #7450061
[2026-08-23 12:09:43] [INFO ] [notify] Email notification shown in-app for sazzad.khan@gmail.com
[2026-08-23 12:09:43] [INFO ] [notify] Sazzad Khan #7450061 delivered via: In-App + Email
[2026-08-23 12:09:43] [INFO ] [notify] In-App notification stored for Shawon Ahmed #7450062
[2026-08-23 12:09:43] [INFO ] [notify] Email notification shown in-app for shawon.ahmed@gmail.com
[2026-08-23 12:09:43] [INFO ] [notify] Shawon Ahmed #7450062 delivered via: In-App + Email
[2026-08-23 12:09:43] [INFO ] [notify] In-App notification stored for Mahdi Islam #7450063
[2026-08-23 12:09:43] [INFO ] [notify] Email notification shown in-app for mahdi.islam@gmail.com
[2026-08-23 12:09:43] [INFO ] [notify] Mahdi Islam #7450063 delivered via: In-App + Email
[2026-08-23 12:09:43] [INFO ] [notify] In-App notification stored for Zakir Hossain #7450064
[2026-08-23 12:09:43] [INFO ] [notify] Email notification shown in-app for zakir.hossain@gmail.com
[2026-08-23 12:09:43] [INFO ] [notify] Zakir Hossain #7450064 delivered via: In-App + Email
[2026-08-23 12:09:43] [INFO ] [notify] In-App notification stored for Sami Rahman #7450065
[2026-08-23 12:09:43] [INFO ] [notify] Email notification shown in-app for sami.rahman@gmail.com
[2026-08-23 12:09:43] [INFO ] [notify] Sami Rahman #7450065 delivered via: In-App + Email
[2026-08-23 12:09:43] [INFO ] [notify] In-App notification stored for Tanim Islam #7450066
[2026-08-23 12:09:43] [INFO ] [notify] Email notification shown in-app for tanim.islam@gmail.com
[2026-08-23 12:09:43] [INFO ] [notify] Tanim Islam #7450066 delivered via: In-App + Email
[2026-08-23 12:09:43] [INFO ] [notify] In-App notification stored for Ishrat Jahan #7569211
[2026-08-23 12:09:43] [INFO ] [notify] Email notification shown in-app for ishrat.jahan@yahoo.com
[2026-08-23 12:09:43] [INFO ] [notify] Ishrat Jahan #7569211 delivered via: In-App + Email
[2026-08-23 12:09:43] [INFO ] [notify] In-App notification stored for Amina Khatun #7600001
[2026-08-23 12:09:43] [INFO ] [notify] Email notification shown in-app for amina.khatun@gmail.com
[2026-08-23 12:09:43] [INFO ] [notify] Amina Khatun #7600001 delivered via: In-App + Email
[2026-08-23 12:09:43] [INFO ] [notify] In-App notification stored for Rohan Ahmed #7600002
[2026-08-23 12:09:43] [INFO ] [notify] Email notification shown in-app for rohan.ahmed@gmail.com
[2026-08-23 12:09:43] [INFO ] [notify] Rohan Ahmed #7600002 delivered via: In-App + Email
[2026-08-23 12:09:43] [INFO ] [notify] In-App notification stored for Sadia Islam #7600003
[2026-08-23 12:09:43] [INFO ] [notify] Email notification shown in-app for sadia.islam@gmail.com
[2026-08-23 12:09:43] [INFO ] [notify] Sadia Islam #7600003 delivered via: In-App + Email
[2026-08-23 12:09:43] [INFO ] [notify] In-App notification stored for Imran Hossain #7600004
[2026-08-23 12:09:43] [INFO ] [notify] Email notification shown in-app for imran.hossain@gmail.com
[2026-08-23 12:09:43] [INFO ] [notify] Imran Hossain #7600004 delivered via: In-App + Email
[2026-08-23 12:09:43] [INFO ] [notify] In-App notification stored for Nabila Khan #7600005
[2026-08-23 12:09:43] [INFO ] [notify] Email notification shown in-app for nabila.khan@gmail.com
[2026-08-23 12:09:43] [INFO ] [notify] Nabila Khan #7600005 delivered via: In-App + Email
[2026-08-23 12:09:43] [INFO ] [notify] In-App notification stored for Saif Uddin #7600006
[2026-08-23 12:09:43] [INFO ] [notify] Email notification shown in-app for saif.uddin@gmail.com
[2026-08-23 12:09:43] [INFO ] [notify] Saif Uddin #7600006 delivered via: In-App + Email
[2026-08-23 12:09:43] [INFO ] [notify] In-App notification stored for Farhan Miah #7600007
[2026-08-23 12:09:43] [INFO ] [notify] Email notification shown in-app for farhan.miah@gmail.com
[2026-08-23 12:09:43] [INFO ] [notify] Farhan Miah #7600007 delivered via: In-App + Email
[2026-08-23 12:09:43] [INFO ] [notify] In-App notification stored for Lamia Chowdhury #7600008
[2026-08-23 12:09:43] [INFO ] [notify] Email notification shown in-app for lamia.chowdhury@gmail.com
[2026-08-23 12:09:43] [INFO ] [notify] Lamia Chowdhury #7600008 delivered via: In-App + Email
[2026-08-23 12:09:43] [INFO ] [notify] In-App notification stored for Arif Rahman #7600009
[2026-08-23 12:09:43] [INFO ] [notify] Email notification shown in-app for arif.rahman@gmail.com
[2026-08-23 12:09:43] [INFO ] [notify] Arif Rahman #7600009 delivered via: In-App + Email
[2026-08-23 12:09:43] [INFO ] [notify] In-App notification stored for Tania Sultana #7600010
[2026-08-23 12:09:43] [INFO ] [notify] Email notification shown in-app for tania.sultana@gmail.com
[2026-08-23 12:09:43] [INFO ] [notify] Tania Sultana #7600010 delivered via: In-App + Email
[2026-08-23 12:09:43] [INFO ] [notify] In-App notification stored for Mehedi Hasan #7600011
[2026-08-23 12:09:43] [INFO ] [notify] Email notification shown in-app for mehedi.hasan@gmail.com
[2026-08-23 12:09:43] [INFO ] [notify] Mehedi Hasan #7600011 delivered via: In-App + Email
[2026-08-23 12:09:43] [INFO ] [notify] In-App notification stored for Jarin Akter #7600012
[2026-08-23 12:09:43] [INFO ] [notify] Email notification shown in-app for jarin.akter@gmail.com
[2026-08-23 12:09:43] [INFO ] [notify] Jarin Akter #7600012 delivered via: In-App + Email
[2026-08-23 12:09:43] [INFO ] [notify] In-App notification stored for Omar Faruk #7600013
[2026-08-23 12:09:43] [INFO ] [notify] Email notification shown in-app for omar.faruk@gmail.com
[2026-08-23 12:09:43] [INFO ] [notify] Omar Faruk #7600013 delivered via: In-App + Email
[2026-08-23 12:09:43] [INFO ] [notify] In-App notification stored for Maliha Tasnim #7600014
[2026-08-23 12:09:43] [INFO ] [notify] Email notification shown in-app for maliha.tasnim@gmail.com
[2026-08-23 12:09:43] [INFO ] [notify] Maliha Tasnim #7600014 delivered via: In-App + Email
[2026-08-23 12:09:43] [INFO ] [notify] In-App notification stored for Ridwan Khan #7600015
[2026-08-23 12:09:43] [INFO ] [notify] Email notification shown in-app for ridwan.khan@gmail.com
[2026-08-23 12:09:43] [INFO ] [notify] Ridwan Khan #7600015 delivered via: In-App + Email
[2026-08-23 12:09:43] [INFO ] [notify] In-App notification stored for Sakib Alam #7600016
[2026-08-23 12:09:43] [INFO ] [notify] Email notification shown in-app for sakib.alam@gmail.com
[2026-08-23 12:09:43] [INFO ] [notify] Sakib Alam #7600016 delivered via: In-App + Email
[2026-08-23 12:09:43] [INFO ] [notify] In-App notification stored for Nusrat Jahan #7600017
[2026-08-23 12:09:43] [INFO ] [notify] Email notification shown in-app for nusrat.jahan@gmail.com
[2026-08-23 12:09:43] [INFO ] [notify] Nusrat Jahan #7600017 delivered via: In-App + Email
[2026-08-23 12:09:43] [INFO ] [notify] In-App notification stored for Tahmid Ahmed #7600018
[2026-08-23 12:09:43] [INFO ] [notify] Email notification shown in-app for tahmid.ahmed@gmail.com
[2026-08-23 12:09:43] [INFO ] [notify] Tahmid Ahmed #7600018 delivered via: In-App + Email
[2026-08-23 12:09:43] [INFO ] [notify] In-App notification stored for Mim Akter #7600019
[2026-08-23 12:09:43] [INFO ] [notify] Email notification shown in-app for mim.akter@gmail.com
[2026-08-23 12:09:43] [INFO ] [notify] Mim Akter #7600019 delivered via: In-App + Email
[2026-08-23 12:09:43] [INFO ] [notify] In-App notification stored for Zayed Hossain #7600020
[2026-08-23 12:09:43] [INFO ] [notify] Email notification shown in-app for zayed.hossain@gmail.com
[2026-08-23 12:09:43] [INFO ] [notify] Zayed Hossain #7600020 delivered via: In-App + Email
[2026-08-23 12:09:43] [INFO ] [notify] In-App notification stored for Afsana Miah #7600021
[2026-08-23 12:09:43] [INFO ] [notify] Email notification shown in-app for afsana.miah@gmail.com
[2026-08-23 12:09:43] [INFO ] [notify] Afsana Miah #7600021 delivered via: In-App + Email
[2026-08-23 12:09:43] [INFO ] [notify] In-App notification stored for Rayhan Kabir #7600022
[2026-08-23 12:09:43] [INFO ] [notify] Email notification shown in-app for rayhan.kabir@gmail.com
[2026-08-23 12:09:43] [INFO ] [notify] Rayhan Kabir #7600022 delivered via: In-App + Email
[2026-08-23 12:09:43] [INFO ] [notify] In-App notification stored for Shifa Tasnim #7600023
[2026-08-23 12:09:43] [INFO ] [notify] Email notification shown in-app for shifa.tasnim@gmail.com
[2026-08-23 12:09:43] [INFO ] [notify] Shifa Tasnim #7600023 delivered via: In-App + Email
[2026-08-23 12:09:43] [INFO ] [notify] In-App notification stored for Abrar Rahman #7600024
[2026-08-23 12:09:43] [INFO ] [notify] Email notification shown in-app for abrar.rahman@gmail.com
[2026-08-23 12:09:43] [INFO ] [notify] Abrar Rahman #7600024 delivered via: In-App + Email
[2026-08-23 12:09:43] [INFO ] [notify] In-App notification stored for Sohana Islam #7600025
[2026-08-23 12:09:43] [INFO ] [notify] Email notification shown in-app for sohana.islam@gmail.com
[2026-08-23 12:09:43] [INFO ] [notify] Sohana Islam #7600025 delivered via: In-App + Email
[2026-08-23 12:09:43] [INFO ] [notify] In-App notification stored for Ehsan Khan #7600026
[2026-08-23 12:09:43] [INFO ] [notify] Email notification shown in-app for ehsan.khan@gmail.com
[2026-08-23 12:09:43] [INFO ] [notify] Ehsan Khan #7600026 delivered via: In-App + Email
[2026-08-23 12:09:43] [INFO ] [notify] In-App notification stored for Raisa Khatun #7600027
[2026-08-23 12:09:43] [INFO ] [notify] Email notification shown in-app for raisa.khatun@gmail.com
[2026-08-23 12:09:43] [INFO ] [notify] Raisa Khatun #7600027 delivered via: In-App + Email
[2026-08-23 12:09:43] [INFO ] [notify] In-App notification stored for Mahin Ahmed #7600028
[2026-08-23 12:09:43] [INFO ] [notify] Email notification shown in-app for mahin.ahmed@gmail.com
[2026-08-23 12:09:43] [INFO ] [notify] Mahin Ahmed #7600028 delivered via: In-App + Email
[2026-08-23 12:09:43] [INFO ] [notify] In-App notification stored for Liza Akter #7600029
[2026-08-23 12:09:43] [INFO ] [notify] Email notification shown in-app for liza.akter@gmail.com
[2026-08-23 12:09:43] [INFO ] [notify] Liza Akter #7600029 delivered via: In-App + Email
[2026-08-23 12:09:43] [INFO ] [notify] In-App notification stored for Jawad Hasan #7600030
[2026-08-23 12:09:43] [INFO ] [notify] Email notification shown in-app for jawad.hasan@gmail.com
[2026-08-23 12:09:43] [INFO ] [notify] Jawad Hasan #7600030 delivered via: In-App + Email
[2026-08-23 12:09:43] [INFO ] [notify] In-App notification stored for Nayla Jahan #7600031
[2026-08-23 12:09:43] [INFO ] [notify] Email notification shown in-app for nayla.jahan@gmail.com
[2026-08-23 12:09:43] [INFO ] [notify] Nayla Jahan #7600031 delivered via: In-App + Email
[2026-08-23 12:09:43] [INFO ] [notify] In-App notification stored for Ratul Islam #7600032
[2026-08-23 12:09:43] [INFO ] [notify] Email notification shown in-app for ratul.islam@gmail.com
[2026-08-23 12:09:43] [INFO ] [notify] Ratul Islam #7600032 delivered via: In-App + Email
[2026-08-23 12:09:43] [INFO ] [notify] In-App notification stored for Iffat Sultana #7600033
[2026-08-23 12:09:43] [INFO ] [notify] Email notification shown in-app for iffat.sultana@gmail.com
[2026-08-23 12:09:43] [INFO ] [notify] Iffat Sultana #7600033 delivered via: In-App + Email
[2026-08-23 12:09:43] [INFO ] [notify] In-App notification stored for Siam Khan #7600034
[2026-08-23 12:09:43] [INFO ] [notify] Email notification shown in-app for siam.khan@gmail.com
[2026-08-23 12:09:43] [INFO ] [notify] Siam Khan #7600034 delivered via: In-App + Email
[2026-08-23 12:09:43] [INFO ] [notify] In-App notification stored for Ayan Faruk #7600036
[2026-08-23 12:09:43] [INFO ] [notify] Email notification shown in-app for ayan.faruk@gmail.com
[2026-08-23 12:09:43] [INFO ] [notify] Ayan Faruk #7600036 delivered via: In-App + Email
[2026-08-23 12:09:43] [INFO ] [notify] In-App notification stored for Nafisa Khatun #7600037
[2026-08-23 12:09:43] [INFO ] [notify] Email notification shown in-app for nafisa.khatun@gmail.com
[2026-08-23 12:09:43] [INFO ] [notify] Nafisa Khatun #7600037 delivered via: In-App + Email
[2026-08-23 12:09:43] [INFO ] [notify] In-App notification stored for Labib Ahmed #7600038
[2026-08-23 12:09:43] [INFO ] [notify] Email notification shown in-app for labib.ahmed@gmail.com
[2026-08-23 12:09:43] [INFO ] [notify] Labib Ahmed #7600038 delivered via: In-App + Email
[2026-08-23 12:09:43] [INFO ] [notify] In-App notification stored for Zara Khan #7600039
[2026-08-23 12:09:43] [INFO ] [notify] Email notification shown in-app for zara.khan@gmail.com
[2026-08-23 12:09:43] [INFO ] [notify] Zara Khan #7600039 delivered via: In-App + Email
[2026-08-23 12:09:43] [INFO ] [notify] In-App notification stored for Fahad Rahman #7600040
[2026-08-23 12:09:43] [INFO ] [notify] Email notification shown in-app for fahad.rahman@gmail.com
[2026-08-23 12:09:43] [INFO ] [notify] Fahad Rahman #7600040 delivered via: In-App + Email
[2026-08-23 12:09:43] [INFO ] [notify] In-App notification stored for Shila Akter #7634891
[2026-08-23 12:09:43] [INFO ] [notify] Email notification shown in-app for shila.akter@yahoo.com
[2026-08-23 12:09:43] [INFO ] [notify] Shila Akter #7634891 delivered via: In-App + Email
[2026-08-23 12:09:43] [INFO ] [notify] In-App notification stored for Sadia Ferdous #7644433
[2026-08-23 12:09:43] [INFO ] [notify] Email notification shown in-app for sadia.ferdous@yahoo.com
[2026-08-23 12:09:43] [INFO ] [notify] Sadia Ferdous #7644433 delivered via: In-App + Email
[2026-08-23 12:09:43] [INFO ] [notify] In-App notification stored for Sumaiya Khatun #7648201
[2026-08-23 12:09:43] [INFO ] [notify] Email notification shown in-app for sumaiya.khatun@gmail.com
[2026-08-23 12:09:43] [INFO ] [notify] Sumaiya Khatun #7648201 delivered via: In-App + Email
[2026-08-23 12:09:43] [INFO ] [notify] In-App notification stored for Niloy Karim #7732091
[2026-08-23 12:09:43] [INFO ] [notify] Email notification shown in-app for niloy.karim@yahoo.com
[2026-08-23 12:09:43] [INFO ] [notify] Niloy Karim #7732091 delivered via: In-App + Email
[2026-08-23 12:09:43] [INFO ] [notify] In-App notification stored for Sohana Sultana #7812393
[2026-08-23 12:09:43] [INFO ] [notify] Email notification shown in-app for sohana.sultana@yahoo.com
[2026-08-23 12:09:43] [INFO ] [notify] Sohana Sultana #7812393 delivered via: In-App + Email
[2026-08-23 12:09:43] [INFO ] [notify] In-App notification stored for Rasel Ahmed #7829891
[2026-08-23 12:09:43] [INFO ] [notify] Email notification shown in-app for rasel.ahmed@gmail.com
[2026-08-23 12:09:43] [INFO ] [notify] Rasel Ahmed #7829891 delivered via: In-App + Email
[2026-08-23 12:09:43] [INFO ] [notify] In-App notification stored for Mamun Chowdhury #7845990
[2026-08-23 12:09:43] [INFO ] [notify] Email notification shown in-app for mamun.chowdhury@gmail.com
[2026-08-23 12:09:43] [INFO ] [notify] Mamun Chowdhury #7845990 delivered via: In-App + Email
[2026-08-23 12:09:43] [INFO ] [notify] In-App notification stored for Farzana Yasmin #7882345
[2026-08-23 12:09:43] [INFO ] [notify] Email notification shown in-app for farzana.yasmin@gmail.com
[2026-08-23 12:09:43] [INFO ] [notify] Farzana Yasmin #7882345 delivered via: In-App + Email
[2026-08-23 12:09:43] [INFO ] [notify] In-App notification stored for Sharmin Akhter #7932441
[2026-08-23 12:09:43] [INFO ] [notify] Email notification shown in-app for sharmin.akhter@yahoo.com
[2026-08-23 12:09:43] [INFO ] [notify] Sharmin Akhter #7932441 delivered via: In-App + Email
[2026-08-23 12:09:43] [INFO ] [notify] In-App notification stored for Arif Mahmud #7940012
[2026-08-23 12:09:43] [INFO ] [notify] Email notification shown in-app for arif.mahmud@gmail.com
[2026-08-23 12:09:43] [INFO ] [notify] Arif Mahmud #7940012 delivered via: In-App + Email
[2026-08-23 12:09:43] [INFO ] [notify] In-App notification stored for Rafi Islam #7993544
[2026-08-23 12:09:43] [INFO ] [notify] Email notification shown in-app for rafi.islam@gmail.com
[2026-08-23 12:09:43] [INFO ] [notify] Rafi Islam #7993544 delivered via: In-App + Email
[2026-08-23 12:09:43] [INFO ] [notify] In-App notification stored for Hasan Khan #8124593
[2026-08-23 12:09:43] [INFO ] [notify] Email notification shown in-app for hasan.khan@gmail.com
[2026-08-23 12:09:43] [INFO ] [notify] Hasan Khan #8124593 delivered via: In-App + Email
[2026-08-23 12:09:43] [INFO ] [notify] In-App notification stored for Nausicaaa Rren #9500105
[2026-08-23 12:09:43] [INFO ] [notify] Email notification shown in-app for rn@gmail.com
[2026-08-23 12:09:43] [INFO ] [notify] Nausicaaa Rren #9500105 delivered via: In-App + Email
[2026-08-23 12:09:43] [INFO ] [notify] In-App notification stored for Ahnaf Nehal #10000000
[2026-08-23 12:09:43] [INFO ] [notify] Email notification shown in-app for orpatasnimejannat@gmail.com
[2026-08-23 12:09:43] [INFO ] [notify] Ahnaf Nehal #10000000 delivered via: In-App + Email
[2026-08-23 12:09:43] [INFO ] [notify] In-App notification stored for Mumtahina Naomi #10000002
[2026-08-23 12:09:43] [INFO ] [notify] Email notification shown in-app for naomi@gmail.com
[2026-08-23 12:09:43] [INFO ] [notify] Mumtahina Naomi #10000002 delivered via: In-App + Email
[2026-08-23 12:09:43] [INFO ] [notify] In-App notification stored for Habiba ww #10000006
[2026-08-23 12:09:43] [INFO ] [notify] Email notification shown in-app for we@gmail.com
[2026-08-23 12:09:43] [INFO ] [notify] Habiba ww #10000006 delivered via: In-App + Email
[2026-08-23 12:09:43] [INFO ] [notify] In-App notification stored for Nanjiba Nisa #10000007
[2026-08-23 12:09:43] [INFO ] [notify] Email notification shown in-app for nanjiba789@gmail.com
[2026-08-23 12:09:43] [INFO ] [notify] Nanjiba Nisa #10000007 delivered via: In-App + Email
[2026-08-23 12:09:43] [INFO ] [notify] In-App notification stored for Sudad Masnun #10000009
[2026-08-23 12:09:43] [INFO ] [notify] SMS notification shown in-app for 01770108190
[2026-08-23 12:09:43] [INFO ] [notify] Email notification shown in-app for sudadmasnunnabi789@gmail.com
[2026-08-23 12:09:43] [INFO ] [notify] Sudad Masnun #10000009 delivered via: In-App + SMS + Email
[2026-08-23 12:09:43] [INFO ] [notify] In-App notification stored for AKM Iqtidar Newaz #10000010
[2026-08-23 12:09:43] [INFO ] [notify] Email notification shown in-app for Iqtidar@gmail.com
[2026-08-23 12:09:43] [INFO ] [notify] AKM Iqtidar Newaz #10000010 delivered via: In-App + Email
[2026-08-23 12:10:39] [INFO ] Checkout for customer 10000010: Premium + Bulk strategy (15%), 10 item(s)
[2026-08-23 12:11:28] [INFO ] [package] "Testing" added to the cart of customer 10000010 - 3 product(s), 3 unit(s)
[2026-08-23 12:11:36] [INFO ] Checkout for customer 10000010: Premium strategy (5%), 3 item(s)
[2026-08-23 13:24:19] [INFO ] DiscountService: 141 member observer(s) subscribed to the discount subject
[2026-08-23 13:24:19] [INFO ] DiscountSubject: notifying 142 observer(s) about "10% off Banana"
[2026-08-23 13:24:19] [INFO ] [discount] Farmer Labib Miah has discounted Banana by 10%. The price is now BDT 54.00 instead of BDT 60.00.
[2026-08-23 13:24:19] [INFO ] [notify] In-App notification stored for Ahsan Kabir #7029344
[2026-08-23 13:24:19] [INFO ] [notify] SMS notification shown in-app for 01722334455
[2026-08-23 13:24:19] [INFO ] [notify] Push notification shown in-app for Ahsan Kabir
[2026-08-23 13:24:19] [INFO ] [notify] Ahsan Kabir #7029344 delivered via: In-App + SMS + Push
[2026-08-23 13:24:19] [INFO ] [notify] In-App notification stored for Nusrat Jahan #7065411
[2026-08-23 13:24:19] [INFO ] [notify] Email notification shown in-app for nusrat.jahan@yahoo.com
[2026-08-23 13:24:19] [INFO ] [notify] Nusrat Jahan #7065411 delivered via: In-App + Email
[2026-08-23 13:24:19] [INFO ] [notify] In-App notification stored for Sultana Begum #7123988
[2026-08-23 13:24:19] [INFO ] [notify] Email notification shown in-app for sultana.begum@yahoo.com
[2026-08-23 13:24:19] [INFO ] [notify] Sultana Begum #7123988 delivered via: In-App + Email
[2026-08-23 13:24:19] [INFO ] [notify] In-App notification stored for Mitu Begum #7159033
[2026-08-23 13:24:19] [INFO ] [notify] Email notification shown in-app for mitu.begum@yahoo.com
[2026-08-23 13:24:19] [INFO ] [notify] Mitu Begum #7159033 delivered via: In-App + Email
[2026-08-23 13:24:19] [INFO ] [notify] In-App notification stored for Rakin Hasib #7165321
[2026-08-23 13:24:19] [INFO ] [notify] Email notification shown in-app for rakin.hasib@gmail.com
[2026-08-23 13:24:19] [INFO ] [notify] Rakin Hasib #7165321 delivered via: In-App + Email
[2026-08-23 13:24:19] [INFO ] [notify] In-App notification stored for Mariya Sultana #7183440
[2026-08-23 13:24:19] [INFO ] [notify] Email notification shown in-app for mariya.sultana@gmail.com
[2026-08-23 13:24:19] [INFO ] [notify] Mariya Sultana #7183440 delivered via: In-App + Email
[2026-08-23 13:24:19] [INFO ] [notify] In-App notification stored for Tania Sultana #7203401
[2026-08-23 13:24:19] [INFO ] [notify] Email notification shown in-app for tania.sultana@gmail.com
[2026-08-23 13:24:19] [INFO ] [notify] Tania Sultana #7203401 delivered via: In-App + Email
[2026-08-23 13:24:19] [INFO ] [notify] In-App notification stored for Sabrina Chowdhury #7219033
[2026-08-23 13:24:19] [INFO ] [notify] Email notification shown in-app for sabrina.chy@gmail.com
[2026-08-23 13:24:19] [INFO ] [notify] Sabrina Chowdhury #7219033 delivered via: In-App + Email
[2026-08-23 13:24:19] [INFO ] [notify] In-App notification stored for Nahid Hasan #7250934
[2026-08-23 13:24:19] [INFO ] [notify] Email notification shown in-app for nahid.hasan@yahoo.com
[2026-08-23 13:24:19] [INFO ] [notify] Nahid Hasan #7250934 delivered via: In-App + Email
[2026-08-23 13:24:19] [INFO ] [notify] In-App notification stored for Sakib Ahmed #7283590
[2026-08-23 13:24:19] [INFO ] [notify] Email notification shown in-app for sakib.ahmed@gmail.com
[2026-08-23 13:24:19] [INFO ] [notify] Sakib Ahmed #7283590 delivered via: In-App + Email
[2026-08-23 13:24:19] [INFO ] [notify] In-App notification stored for Mou Akter #7331220
[2026-08-23 13:24:19] [INFO ] [notify] Email notification shown in-app for mou.akter@yahoo.com
[2026-08-23 13:24:19] [INFO ] [notify] Mou Akter #7331220 delivered via: In-App + Email
[2026-08-23 13:24:19] [INFO ] [notify] In-App notification stored for Rumana Akter #7338912
[2026-08-23 13:24:19] [INFO ] [notify] Email notification shown in-app for rumana.akter@gmail.com
[2026-08-23 13:24:19] [INFO ] [notify] Rumana Akter #7338912 delivered via: In-App + Email
[2026-08-23 13:24:19] [INFO ] [notify] In-App notification stored for Saif Rahman #7412891
[2026-08-23 13:24:19] [INFO ] [notify] Email notification shown in-app for saif.rahman@gmail.com
[2026-08-23 13:24:19] [INFO ] [notify] Saif Rahman #7412891 delivered via: In-App + Email
[2026-08-23 13:24:19] [INFO ] [notify] In-App notification stored for Lamia Khan #7419083
[2026-08-23 13:24:19] [INFO ] [notify] Email notification shown in-app for lamia.khan@gmail.com
[2026-08-23 13:24:19] [INFO ] [notify] Lamia Khan #7419083 delivered via: In-App + Email
[2026-08-23 13:24:19] [INFO ] [notify] In-App notification stored for Tamanna Akter #7429834
[2026-08-23 13:24:19] [INFO ] [notify] Email notification shown in-app for tamanna.akter@gmail.com
[2026-08-23 13:24:19] [INFO ] [notify] Tamanna Akter #7429834 delivered via: In-App + Email
[2026-08-23 13:24:19] [INFO ] [notify] In-App notification stored for Jannat Khanam #7440193
[2026-08-23 13:24:19] [INFO ] [notify] Email notification shown in-app for jannat.khanam@gmail.com
[2026-08-23 13:24:19] [INFO ] [notify] Jannat Khanam #7440193 delivered via: In-App + Email
[2026-08-23 13:24:19] [INFO ] [notify] In-App notification stored for Arif Hossain #7450001
[2026-08-23 13:24:19] [INFO ] [notify] Email notification shown in-app for arif.hossain@gmail.com
[2026-08-23 13:24:19] [INFO ] [notify] Arif Hossain #7450001 delivered via: In-App + Email
[2026-08-23 13:24:19] [INFO ] [notify] In-App notification stored for Rafi Islam #7450002
[2026-08-23 13:24:19] [INFO ] [notify] Email notification shown in-app for rafi.islam@gmail.com
[2026-08-23 13:24:19] [INFO ] [notify] Rafi Islam #7450002 delivered via: In-App + Email
[2026-08-23 13:24:19] [INFO ] [notify] In-App notification stored for Niloy Ahmed #7450003
[2026-08-23 13:24:19] [INFO ] [notify] Email notification shown in-app for niloy.ahmed@gmail.com
[2026-08-23 13:24:19] [INFO ] [notify] Niloy Ahmed #7450003 delivered via: In-App + Email
[2026-08-23 13:24:19] [INFO ] [notify] In-App notification stored for Shawon Khan #7450004
[2026-08-23 13:24:19] [INFO ] [notify] Email notification shown in-app for shawon.khan@gmail.com
[2026-08-23 13:24:19] [INFO ] [notify] Shawon Khan #7450004 delivered via: In-App + Email
[2026-08-23 13:24:19] [INFO ] [notify] In-App notification stored for Tamim Rahman #7450005
[2026-08-23 13:24:19] [INFO ] [notify] Email notification shown in-app for tamim.rahman@gmail.com
[2026-08-23 13:24:19] [INFO ] [notify] Tamim Rahman #7450005 delivered via: In-App + Email
[2026-08-23 13:24:19] [INFO ] [notify] In-App notification stored for Sifat Hasan #7450006
[2026-08-23 13:24:19] [INFO ] [notify] Email notification shown in-app for sifat.hasan@gmail.com
[2026-08-23 13:24:19] [INFO ] [notify] Sifat Hasan #7450006 delivered via: In-App + Email
[2026-08-23 13:24:19] [INFO ] [notify] In-App notification stored for Adib Mahmud #7450007
[2026-08-23 13:24:19] [INFO ] [notify] Email notification shown in-app for adib.mahmud@gmail.com
[2026-08-23 13:24:19] [INFO ] [notify] Adib Mahmud #7450007 delivered via: In-App + Email
[2026-08-23 13:24:19] [INFO ] [notify] In-App notification stored for Fardin Islam #7450008
[2026-08-23 13:24:19] [INFO ] [notify] Email notification shown in-app for fardin.islam@gmail.com
[2026-08-23 13:24:19] [INFO ] [notify] Fardin Islam #7450008 delivered via: In-App + Email
[2026-08-23 13:24:19] [INFO ] [notify] In-App notification stored for Nabil Haque #7450009
[2026-08-23 13:24:19] [INFO ] [notify] Email notification shown in-app for nabil.haque@gmail.com
[2026-08-23 13:24:19] [INFO ] [notify] Nabil Haque #7450009 delivered via: In-App + Email
[2026-08-23 13:24:19] [INFO ] [notify] In-App notification stored for Ruhan Chowdhury #7450010
[2026-08-23 13:24:19] [INFO ] [notify] Email notification shown in-app for ruhan.ch@gmail.com
[2026-08-23 13:24:19] [INFO ] [notify] Ruhan Chowdhury #7450010 delivered via: In-App + Email
[2026-08-23 13:24:19] [INFO ] [notify] In-App notification stored for Siam Uddin #7450011
[2026-08-23 13:24:19] [INFO ] [notify] Email notification shown in-app for siam.uddin@gmail.com
[2026-08-23 13:24:19] [INFO ] [notify] Siam Uddin #7450011 delivered via: In-App + Email
[2026-08-23 13:24:19] [INFO ] [notify] In-App notification stored for Ayon Mia #7450012
[2026-08-23 13:24:19] [INFO ] [notify] Email notification shown in-app for ayon.mia@gmail.com
[2026-08-23 13:24:19] [INFO ] [notify] Ayon Mia #7450012 delivered via: In-App + Email
[2026-08-23 13:24:19] [INFO ] [notify] In-App notification stored for Zihad Islam #7450013
[2026-08-23 13:24:19] [INFO ] [notify] Email notification shown in-app for zihad.islam@gmail.com
[2026-08-23 13:24:19] [INFO ] [notify] Zihad Islam #7450013 delivered via: In-App + Email
[2026-08-23 13:24:19] [INFO ] [notify] In-App notification stored for Rakib Hossain #7450014
[2026-08-23 13:24:19] [INFO ] [notify] Email notification shown in-app for rakib.h2@gmail.com
[2026-08-23 13:24:19] [INFO ] [notify] Rakib Hossain #7450014 delivered via: In-App + Email
[2026-08-23 13:24:19] [INFO ] [notify] In-App notification stored for Sajid Khan #7450015
[2026-08-23 13:24:19] [INFO ] [notify] Email notification shown in-app for sajid.khan@gmail.com
[2026-08-23 13:24:19] [INFO ] [notify] Sajid Khan #7450015 delivered via: In-App + Email
[2026-08-23 13:24:19] [INFO ] [notify] In-App notification stored for Tanvir Ahmed #7450016
[2026-08-23 13:24:19] [INFO ] [notify] Email notification shown in-app for tanvir.ahmed@gmail.com
[2026-08-23 13:24:19] [INFO ] [notify] Tanvir Ahmed #7450016 delivered via: In-App + Email
[2026-08-23 13:24:19] [INFO ] [notify] In-App notification stored for Riad Hasan #7450017
[2026-08-23 13:24:19] [INFO ] [notify] Email notification shown in-app for riad.hasan@gmail.com
[2026-08-23 13:24:19] [INFO ] [notify] Riad Hasan #7450017 delivered via: In-App + Email
[2026-08-23 13:24:19] [INFO ] [notify] In-App notification stored for Mahin Islam #7450018
[2026-08-23 13:24:19] [INFO ] [notify] Email notification shown in-app for mahin.islam@gmail.com
[2026-08-23 13:24:19] [INFO ] [notify] Mahin Islam #7450018 delivered via: In-App + Email
[2026-08-23 13:24:19] [INFO ] [notify] In-App notification stored for Iftekhar Rahman #7450019
[2026-08-23 13:24:19] [INFO ] [notify] Email notification shown in-app for iftekhar.rahman@gmail.com
[2026-08-23 13:24:19] [INFO ] [notify] Iftekhar Rahman #7450019 delivered via: In-App + Email
[2026-08-23 13:24:19] [INFO ] [notify] In-App notification stored for Anik Sarkar #7450020
[2026-08-23 13:24:19] [INFO ] [notify] Email notification shown in-app for anik.sarkar@gmail.com
[2026-08-23 13:24:19] [INFO ] [notify] Anik Sarkar #7450020 delivered via: In-App + Email
[2026-08-23 13:24:19] [INFO ] [notify] In-App notification stored for Shihab Uddin #7450021
[2026-08-23 13:24:20] [INFO ] [notify] Email notification shown in-app for shihab.uddin@gmail.com
[2026-08-23 13:24:20] [INFO ] [notify] Shihab Uddin #7450021 delivered via: In-App + Email
[2026-08-23 13:24:20] [INFO ] [notify] In-App notification stored for Foysal Mia #7450022
[2026-08-23 13:24:20] [INFO ] [notify] Email notification shown in-app for foysal.mia@gmail.com
[2026-08-23 13:24:20] [INFO ] [notify] Foysal Mia #7450022 delivered via: In-App + Email
[2026-08-23 13:24:20] [INFO ] [notify] In-App notification stored for Ashik Hassan #7450023
[2026-08-23 13:24:20] [INFO ] [notify] Email notification shown in-app for ashik.hassan@gmail.com
[2026-08-23 13:24:20] [INFO ] [notify] Ashik Hassan #7450023 delivered via: In-App + Email
[2026-08-23 13:24:20] [INFO ] [notify] In-App notification stored for Rony Islam #7450024
[2026-08-23 13:24:20] [INFO ] [notify] Email notification shown in-app for rony.islam@gmail.com
[2026-08-23 13:24:20] [INFO ] [notify] Rony Islam #7450024 delivered via: In-App + Email
[2026-08-23 13:24:20] [INFO ] [notify] In-App notification stored for Jubayer Ahmed #7450025
[2026-08-23 13:24:20] [INFO ] [notify] Email notification shown in-app for jubayer.ahmed@gmail.com
[2026-08-23 13:24:20] [INFO ] [notify] Jubayer Ahmed #7450025 delivered via: In-App + Email
[2026-08-23 13:24:20] [INFO ] [notify] In-App notification stored for Sabbir Rahman #7450026
[2026-08-23 13:24:20] [INFO ] [notify] Email notification shown in-app for sabbir.rahman@gmail.com
[2026-08-23 13:24:20] [INFO ] [notify] Sabbir Rahman #7450026 delivered via: In-App + Email
[2026-08-23 13:24:20] [INFO ] [notify] In-App notification stored for Rasel Hossain #7450027
[2026-08-23 13:24:20] [INFO ] [notify] Email notification shown in-app for rasel.h2@gmail.com
[2026-08-23 13:24:20] [INFO ] [notify] Rasel Hossain #7450027 delivered via: In-App + Email
[2026-08-23 13:24:20] [INFO ] [notify] In-App notification stored for Arafat Islam #7450028
[2026-08-23 13:24:20] [INFO ] [notify] Email notification shown in-app for arafat.islam@gmail.com
[2026-08-23 13:24:20] [INFO ] [notify] Arafat Islam #7450028 delivered via: In-App + Email
[2026-08-23 13:24:20] [INFO ] [notify] In-App notification stored for Sohan Khan #7450029
[2026-08-23 13:24:20] [INFO ] [notify] Email notification shown in-app for sohan.khan@gmail.com
[2026-08-23 13:24:20] [INFO ] [notify] Sohan Khan #7450029 delivered via: In-App + Email
[2026-08-23 13:24:20] [INFO ] [notify] In-App notification stored for Minhaz Rahman #7450030
[2026-08-23 13:24:20] [INFO ] [notify] Email notification shown in-app for minhaz.rahman@gmail.com
[2026-08-23 13:24:20] [INFO ] [notify] Minhaz Rahman #7450030 delivered via: In-App + Email
[2026-08-23 13:24:20] [INFO ] [notify] In-App notification stored for Riyad Hasan #7450031
[2026-08-23 13:24:20] [INFO ] [notify] Email notification shown in-app for riyad.hasan@gmail.com
[2026-08-23 13:24:20] [INFO ] [notify] Riyad Hasan #7450031 delivered via: In-App + Email
[2026-08-23 13:24:20] [INFO ] [notify] In-App notification stored for Fahad Islam #7450032
[2026-08-23 13:24:20] [INFO ] [notify] Email notification shown in-app for fahad.islam@gmail.com
[2026-08-23 13:24:20] [INFO ] [notify] Fahad Islam #7450032 delivered via: In-App + Email
[2026-08-23 13:24:20] [INFO ] [notify] In-App notification stored for Sakib Ahmed #7450033
[2026-08-23 13:24:20] [INFO ] [notify] Email notification shown in-app for sakib.ahmed@gmail.com
[2026-08-23 13:24:20] [INFO ] [notify] Sakib Ahmed #7450033 delivered via: In-App + Email
[2026-08-23 13:24:20] [INFO ] [notify] In-App notification stored for Imtiaz Hossain #7450034
[2026-08-23 13:24:20] [INFO ] [notify] Email notification shown in-app for imtiaz.hossain@gmail.com
[2026-08-23 13:24:20] [INFO ] [notify] Imtiaz Hossain #7450034 delivered via: In-App + Email
[2026-08-23 13:24:20] [INFO ] [notify] In-App notification stored for Shanto Islam #7450035
[2026-08-23 13:24:20] [INFO ] [notify] Email notification shown in-app for shanto.islam@gmail.com
[2026-08-23 13:24:20] [INFO ] [notify] Shanto Islam #7450035 delivered via: In-App + Email
[2026-08-23 13:24:20] [INFO ] [notify] In-App notification stored for Noman Khan #7450036
[2026-08-23 13:24:20] [INFO ] [notify] Email notification shown in-app for noman.khan@gmail.com
[2026-08-23 13:24:20] [INFO ] [notify] Noman Khan #7450036 delivered via: In-App + Email
[2026-08-23 13:24:20] [INFO ] [notify] In-App notification stored for Ashraf Uddin #7450037
[2026-08-23 13:24:20] [INFO ] [notify] Email notification shown in-app for ashraf.uddin@gmail.com
[2026-08-23 13:24:20] [INFO ] [notify] Ashraf Uddin #7450037 delivered via: In-App + Email
[2026-08-23 13:24:20] [INFO ] [notify] In-App notification stored for Tuhin Mia #7450038
[2026-08-23 13:24:20] [INFO ] [notify] Email notification shown in-app for tuhin.mia@gmail.com
[2026-08-23 13:24:20] [INFO ] [notify] Tuhin Mia #7450038 delivered via: In-App + Email
[2026-08-23 13:24:20] [INFO ] [notify] In-App notification stored for Parvez Hasan #7450039
[2026-08-23 13:24:20] [INFO ] [notify] Email notification shown in-app for parvez.hasan@gmail.com
[2026-08-23 13:24:20] [INFO ] [notify] Parvez Hasan #7450039 delivered via: In-App + Email
[2026-08-23 13:24:20] [INFO ] [notify] In-App notification stored for Mahfuz Rahman #7450040
[2026-08-23 13:24:20] [INFO ] [notify] Email notification shown in-app for mahfuz.rahman@gmail.com
[2026-08-23 13:24:20] [INFO ] [notify] Mahfuz Rahman #7450040 delivered via: In-App + Email
[2026-08-23 13:24:20] [INFO ] [notify] In-App notification stored for Raihan Islam #7450041
[2026-08-23 13:24:20] [INFO ] [notify] Email notification shown in-app for raihan.islam@gmail.com
[2026-08-23 13:24:20] [INFO ] [notify] Raihan Islam #7450041 delivered via: In-App + Email
[2026-08-23 13:24:20] [INFO ] [notify] In-App notification stored for Shamim Ahmed #7450042
[2026-08-23 13:24:20] [INFO ] [notify] Email notification shown in-app for shamim.ahmed@gmail.com
[2026-08-23 13:24:20] [INFO ] [notify] Shamim Ahmed #7450042 delivered via: In-App + Email
[2026-08-23 13:24:20] [INFO ] [notify] In-App notification stored for Emon Hossain #7450043
[2026-08-23 13:24:20] [INFO ] [notify] Email notification shown in-app for emon.hossain@gmail.com
[2026-08-23 13:24:20] [INFO ] [notify] Emon Hossain #7450043 delivered via: In-App + Email
[2026-08-23 13:24:20] [INFO ] [notify] In-App notification stored for Jahid Islam #7450044
[2026-08-23 13:24:20] [INFO ] [notify] Email notification shown in-app for jahid.islam@gmail.com
[2026-08-23 13:24:20] [INFO ] [notify] Jahid Islam #7450044 delivered via: In-App + Email
[2026-08-23 13:24:20] [INFO ] [notify] In-App notification stored for Rifat Khan #7450045
[2026-08-23 13:24:20] [INFO ] [notify] Email notification shown in-app for rifat.khan@gmail.com
[2026-08-23 13:24:20] [INFO ] [notify] Rifat Khan #7450045 delivered via: In-App + Email
[2026-08-23 13:24:20] [INFO ] [notify] In-App notification stored for Masud Rahman #7450046
[2026-08-23 13:24:20] [INFO ] [notify] Email notification shown in-app for masud.rahman@gmail.com
[2026-08-23 13:24:20] [INFO ] [notify] Masud Rahman #7450046 delivered via: In-App + Email
[2026-08-23 13:24:20] [INFO ] [notify] In-App notification stored for Bashir Uddin #7450047
[2026-08-23 13:24:20] [INFO ] [notify] Email notification shown in-app for bashir.uddin@gmail.com
[2026-08-23 13:24:20] [INFO ] [notify] Bashir Uddin #7450047 delivered via: In-App + Email
[2026-08-23 13:24:20] [INFO ] [notify] In-App notification stored for Shafi Islam #7450048
[2026-08-23 13:24:20] [INFO ] [notify] Email notification shown in-app for shafi.islam@gmail.com
[2026-08-23 13:24:20] [INFO ] [notify] Shafi Islam #7450048 delivered via: In-App + Email
[2026-08-23 13:24:20] [INFO ] [notify] In-App notification stored for Tareq Hasan #7450049
[2026-08-23 13:24:20] [INFO ] [notify] Email notification shown in-app for tareq.hasan@gmail.com
[2026-08-23 13:24:20] [INFO ] [notify] Tareq Hasan #7450049 delivered via: In-App + Email
[2026-08-23 13:24:20] [INFO ] [notify] In-App notification stored for Rashed Khan #7450050
[2026-08-23 13:24:20] [INFO ] [notify] Email notification shown in-app for rashed.khan@gmail.com
[2026-08-23 13:24:20] [INFO ] [notify] Rashed Khan #7450050 delivered via: In-App + Email
[2026-08-23 13:24:20] [INFO ] [notify] In-App notification stored for Naim Islam #7450051
[2026-08-23 13:24:20] [INFO ] [notify] Email notification shown in-app for naim.islam@gmail.com
[2026-08-23 13:24:20] [INFO ] [notify] Naim Islam #7450051 delivered via: In-App + Email
[2026-08-23 13:24:20] [INFO ] [notify] In-App notification stored for Firoz Ahmed #7450052
[2026-08-23 13:24:20] [INFO ] [notify] Email notification shown in-app for firoz.ahmed@gmail.com
[2026-08-23 13:24:20] [INFO ] [notify] Firoz Ahmed #7450052 delivered via: In-App + Email
[2026-08-23 13:24:20] [INFO ] [notify] In-App notification stored for Iqbal Hossain #7450053
[2026-08-23 13:24:20] [INFO ] [notify] Email notification shown in-app for iqbal.hossain@gmail.com
[2026-08-23 13:24:20] [INFO ] [notify] Iqbal Hossain #7450053 delivered via: In-App + Email
[2026-08-23 13:24:20] [INFO ] [notify] In-App notification stored for Nazmul Islam #7450054
[2026-08-23 13:24:20] [INFO ] [notify] Email notification shown in-app for nazmul.islam@gmail.com
[2026-08-23 13:24:20] [INFO ] [notify] Nazmul Islam #7450054 delivered via: In-App + Email
[2026-08-23 13:24:20] [INFO ] [notify] In-App notification stored for Kawsar Khan #7450055
[2026-08-23 13:24:20] [INFO ] [notify] Email notification shown in-app for kawsar.khan@gmail.com
[2026-08-23 13:24:20] [INFO ] [notify] Kawsar Khan #7450055 delivered via: In-App + Email
[2026-08-23 13:24:20] [INFO ] [notify] In-App notification stored for Sujon Mia #7450056
[2026-08-23 13:24:20] [INFO ] [notify] Email notification shown in-app for sujon.mia@gmail.com
[2026-08-23 13:24:20] [INFO ] [notify] Sujon Mia #7450056 delivered via: In-App + Email
[2026-08-23 13:24:20] [INFO ] [notify] In-App notification stored for Habib Rahman #7450057
[2026-08-23 13:24:20] [INFO ] [notify] Email notification shown in-app for habib.rahman@gmail.com
[2026-08-23 13:24:20] [INFO ] [notify] Habib Rahman #7450057 delivered via: In-App + Email
[2026-08-23 13:24:20] [INFO ] [notify] In-App notification stored for Alif Hasan #7450058
[2026-08-23 13:24:20] [INFO ] [notify] Email notification shown in-app for alif.hasan@gmail.com
[2026-08-23 13:24:20] [INFO ] [notify] Alif Hasan #7450058 delivered via: In-App + Email
[2026-08-23 13:24:20] [INFO ] [notify] In-App notification stored for Rokon Uddin #7450059
[2026-08-23 13:24:20] [INFO ] [notify] Email notification shown in-app for rokon.uddin@gmail.com
[2026-08-23 13:24:20] [INFO ] [notify] Rokon Uddin #7450059 delivered via: In-App + Email
[2026-08-23 13:24:20] [INFO ] [notify] In-App notification stored for Jony Islam #7450060
[2026-08-23 13:24:20] [INFO ] [notify] Email notification shown in-app for jony.islam@gmail.com
[2026-08-23 13:24:20] [INFO ] [notify] Jony Islam #7450060 delivered via: In-App + Email
[2026-08-23 13:24:20] [INFO ] [notify] In-App notification stored for Sazzad Khan #7450061
[2026-08-23 13:24:20] [INFO ] [notify] Email notification shown in-app for sazzad.khan@gmail.com
[2026-08-23 13:24:20] [INFO ] [notify] Sazzad Khan #7450061 delivered via: In-App + Email
[2026-08-23 13:24:20] [INFO ] [notify] In-App notification stored for Shawon Ahmed #7450062
[2026-08-23 13:24:20] [INFO ] [notify] Email notification shown in-app for shawon.ahmed@gmail.com
[2026-08-23 13:24:20] [INFO ] [notify] Shawon Ahmed #7450062 delivered via: In-App + Email
[2026-08-23 13:24:20] [INFO ] [notify] In-App notification stored for Mahdi Islam #7450063
[2026-08-23 13:24:20] [INFO ] [notify] Email notification shown in-app for mahdi.islam@gmail.com
[2026-08-23 13:24:20] [INFO ] [notify] Mahdi Islam #7450063 delivered via: In-App + Email
[2026-08-23 13:24:20] [INFO ] [notify] In-App notification stored for Zakir Hossain #7450064
[2026-08-23 13:24:20] [INFO ] [notify] Email notification shown in-app for zakir.hossain@gmail.com
[2026-08-23 13:24:20] [INFO ] [notify] Zakir Hossain #7450064 delivered via: In-App + Email
[2026-08-23 13:24:20] [INFO ] [notify] In-App notification stored for Sami Rahman #7450065
[2026-08-23 13:24:20] [INFO ] [notify] Email notification shown in-app for sami.rahman@gmail.com
[2026-08-23 13:24:20] [INFO ] [notify] Sami Rahman #7450065 delivered via: In-App + Email
[2026-08-23 13:24:20] [INFO ] [notify] In-App notification stored for Tanim Islam #7450066
[2026-08-23 13:24:20] [INFO ] [notify] Email notification shown in-app for tanim.islam@gmail.com
[2026-08-23 13:24:20] [INFO ] [notify] Tanim Islam #7450066 delivered via: In-App + Email
[2026-08-23 13:24:20] [INFO ] [notify] In-App notification stored for Ishrat Jahan #7569211
[2026-08-23 13:24:20] [INFO ] [notify] Email notification shown in-app for ishrat.jahan@yahoo.com
[2026-08-23 13:24:20] [INFO ] [notify] Ishrat Jahan #7569211 delivered via: In-App + Email
[2026-08-23 13:24:20] [INFO ] [notify] In-App notification stored for Amina Khatun #7600001
[2026-08-23 13:24:20] [INFO ] [notify] Email notification shown in-app for amina.khatun@gmail.com
[2026-08-23 13:24:20] [INFO ] [notify] Amina Khatun #7600001 delivered via: In-App + Email
[2026-08-23 13:24:20] [INFO ] [notify] In-App notification stored for Rohan Ahmed #7600002
[2026-08-23 13:24:20] [INFO ] [notify] Email notification shown in-app for rohan.ahmed@gmail.com
[2026-08-23 13:24:20] [INFO ] [notify] Rohan Ahmed #7600002 delivered via: In-App + Email
[2026-08-23 13:24:20] [INFO ] [notify] In-App notification stored for Sadia Islam #7600003
[2026-08-23 13:24:20] [INFO ] [notify] Email notification shown in-app for sadia.islam@gmail.com
[2026-08-23 13:24:20] [INFO ] [notify] Sadia Islam #7600003 delivered via: In-App + Email
[2026-08-23 13:24:20] [INFO ] [notify] In-App notification stored for Imran Hossain #7600004
[2026-08-23 13:24:20] [INFO ] [notify] Email notification shown in-app for imran.hossain@gmail.com
[2026-08-23 13:24:20] [INFO ] [notify] Imran Hossain #7600004 delivered via: In-App + Email
[2026-08-23 13:24:20] [INFO ] [notify] In-App notification stored for Nabila Khan #7600005
[2026-08-23 13:24:20] [INFO ] [notify] Email notification shown in-app for nabila.khan@gmail.com
[2026-08-23 13:24:20] [INFO ] [notify] Nabila Khan #7600005 delivered via: In-App + Email
[2026-08-23 13:24:20] [INFO ] [notify] In-App notification stored for Saif Uddin #7600006
[2026-08-23 13:24:20] [INFO ] [notify] Email notification shown in-app for saif.uddin@gmail.com
[2026-08-23 13:24:20] [INFO ] [notify] Saif Uddin #7600006 delivered via: In-App + Email
[2026-08-23 13:24:20] [INFO ] [notify] In-App notification stored for Farhan Miah #7600007
[2026-08-23 13:24:20] [INFO ] [notify] Email notification shown in-app for farhan.miah@gmail.com
[2026-08-23 13:24:20] [INFO ] [notify] Farhan Miah #7600007 delivered via: In-App + Email
[2026-08-23 13:24:20] [INFO ] [notify] In-App notification stored for Lamia Chowdhury #7600008
[2026-08-23 13:24:20] [INFO ] [notify] Email notification shown in-app for lamia.chowdhury@gmail.com
[2026-08-23 13:24:20] [INFO ] [notify] Lamia Chowdhury #7600008 delivered via: In-App + Email
[2026-08-23 13:24:20] [INFO ] [notify] In-App notification stored for Arif Rahman #7600009
[2026-08-23 13:24:20] [INFO ] [notify] Email notification shown in-app for arif.rahman@gmail.com
[2026-08-23 13:24:20] [INFO ] [notify] Arif Rahman #7600009 delivered via: In-App + Email
[2026-08-23 13:24:20] [INFO ] [notify] In-App notification stored for Tania Sultana #7600010
[2026-08-23 13:24:20] [INFO ] [notify] Email notification shown in-app for tania.sultana@gmail.com
[2026-08-23 13:24:20] [INFO ] [notify] Tania Sultana #7600010 delivered via: In-App + Email
[2026-08-23 13:24:20] [INFO ] [notify] In-App notification stored for Mehedi Hasan #7600011
[2026-08-23 13:24:20] [INFO ] [notify] Email notification shown in-app for mehedi.hasan@gmail.com
[2026-08-23 13:24:20] [INFO ] [notify] Mehedi Hasan #7600011 delivered via: In-App + Email
[2026-08-23 13:24:20] [INFO ] [notify] In-App notification stored for Jarin Akter #7600012
[2026-08-23 13:24:20] [INFO ] [notify] Email notification shown in-app for jarin.akter@gmail.com
[2026-08-23 13:24:20] [INFO ] [notify] Jarin Akter #7600012 delivered via: In-App + Email
[2026-08-23 13:24:20] [INFO ] [notify] In-App notification stored for Omar Faruk #7600013
[2026-08-23 13:24:20] [INFO ] [notify] Email notification shown in-app for omar.faruk@gmail.com
[2026-08-23 13:24:20] [INFO ] [notify] Omar Faruk #7600013 delivered via: In-App + Email
[2026-08-23 13:24:20] [INFO ] [notify] In-App notification stored for Maliha Tasnim #7600014
[2026-08-23 13:24:20] [INFO ] [notify] Email notification shown in-app for maliha.tasnim@gmail.com
[2026-08-23 13:24:20] [INFO ] [notify] Maliha Tasnim #7600014 delivered via: In-App + Email
[2026-08-23 13:24:20] [INFO ] [notify] In-App notification stored for Ridwan Khan #7600015
[2026-08-23 13:24:20] [INFO ] [notify] Email notification shown in-app for ridwan.khan@gmail.com
[2026-08-23 13:24:20] [INFO ] [notify] Ridwan Khan #7600015 delivered via: In-App + Email
[2026-08-23 13:24:20] [INFO ] [notify] In-App notification stored for Sakib Alam #7600016
[2026-08-23 13:24:20] [INFO ] [notify] Email notification shown in-app for sakib.alam@gmail.com
[2026-08-23 13:24:20] [INFO ] [notify] Sakib Alam #7600016 delivered via: In-App + Email
[2026-08-23 13:24:20] [INFO ] [notify] In-App notification stored for Nusrat Jahan #7600017
[2026-08-23 13:24:20] [INFO ] [notify] Email notification shown in-app for nusrat.jahan@gmail.com
[2026-08-23 13:24:20] [INFO ] [notify] Nusrat Jahan #7600017 delivered via: In-App + Email
[2026-08-23 13:24:20] [INFO ] [notify] In-App notification stored for Tahmid Ahmed #7600018
[2026-08-23 13:24:20] [INFO ] [notify] Email notification shown in-app for tahmid.ahmed@gmail.com
[2026-08-23 13:24:20] [INFO ] [notify] Tahmid Ahmed #7600018 delivered via: In-App + Email
[2026-08-23 13:24:20] [INFO ] [notify] In-App notification stored for Mim Akter #7600019
[2026-08-23 13:24:20] [INFO ] [notify] Email notification shown in-app for mim.akter@gmail.com
[2026-08-23 13:24:20] [INFO ] [notify] Mim Akter #7600019 delivered via: In-App + Email
[2026-08-23 13:24:20] [INFO ] [notify] In-App notification stored for Zayed Hossain #7600020
[2026-08-23 13:24:20] [INFO ] [notify] Email notification shown in-app for zayed.hossain@gmail.com
[2026-08-23 13:24:20] [INFO ] [notify] Zayed Hossain #7600020 delivered via: In-App + Email
[2026-08-23 13:24:20] [INFO ] [notify] In-App notification stored for Afsana Miah #7600021
[2026-08-23 13:24:20] [INFO ] [notify] Email notification shown in-app for afsana.miah@gmail.com
[2026-08-23 13:24:20] [INFO ] [notify] Afsana Miah #7600021 delivered via: In-App + Email
[2026-08-23 13:24:20] [INFO ] [notify] In-App notification stored for Rayhan Kabir #7600022
[2026-08-23 13:24:20] [INFO ] [notify] Email notification shown in-app for rayhan.kabir@gmail.com
[2026-08-23 13:24:20] [INFO ] [notify] Rayhan Kabir #7600022 delivered via: In-App + Email
[2026-08-23 13:24:20] [INFO ] [notify] In-App notification stored for Shifa Tasnim #7600023
[2026-08-23 13:24:20] [INFO ] [notify] Email notification shown in-app for shifa.tasnim@gmail.com
[2026-08-23 13:24:20] [INFO ] [notify] Shifa Tasnim #7600023 delivered via: In-App + Email
[2026-08-23 13:24:20] [INFO ] [notify] In-App notification stored for Abrar Rahman #7600024
[2026-08-23 13:24:20] [INFO ] [notify] Email notification shown in-app for abrar.rahman@gmail.com
[2026-08-23 13:24:20] [INFO ] [notify] Abrar Rahman #7600024 delivered via: In-App + Email
[2026-08-23 13:24:20] [INFO ] [notify] In-App notification stored for Sohana Islam #7600025
[2026-08-23 13:24:20] [INFO ] [notify] Email notification shown in-app for sohana.islam@gmail.com
[2026-08-23 13:24:20] [INFO ] [notify] Sohana Islam #7600025 delivered via: In-App + Email
[2026-08-23 13:24:20] [INFO ] [notify] In-App notification stored for Ehsan Khan #7600026
[2026-08-23 13:24:20] [INFO ] [notify] Email notification shown in-app for ehsan.khan@gmail.com
[2026-08-23 13:24:20] [INFO ] [notify] Ehsan Khan #7600026 delivered via: In-App + Email
[2026-08-23 13:24:20] [INFO ] [notify] In-App notification stored for Raisa Khatun #7600027
[2026-08-23 13:24:20] [INFO ] [notify] Email notification shown in-app for raisa.khatun@gmail.com
[2026-08-23 13:24:20] [INFO ] [notify] Raisa Khatun #7600027 delivered via: In-App + Email
[2026-08-23 13:24:20] [INFO ] [notify] In-App notification stored for Mahin Ahmed #7600028
[2026-08-23 13:24:20] [INFO ] [notify] Email notification shown in-app for mahin.ahmed@gmail.com
[2026-08-23 13:24:20] [INFO ] [notify] Mahin Ahmed #7600028 delivered via: In-App + Email
[2026-08-23 13:24:20] [INFO ] [notify] In-App notification stored for Liza Akter #7600029
[2026-08-23 13:24:20] [INFO ] [notify] Email notification shown in-app for liza.akter@gmail.com
[2026-08-23 13:24:20] [INFO ] [notify] Liza Akter #7600029 delivered via: In-App + Email
[2026-08-23 13:24:20] [INFO ] [notify] In-App notification stored for Jawad Hasan #7600030
[2026-08-23 13:24:20] [INFO ] [notify] Email notification shown in-app for jawad.hasan@gmail.com
[2026-08-23 13:24:20] [INFO ] [notify] Jawad Hasan #7600030 delivered via: In-App + Email
[2026-08-23 13:24:20] [INFO ] [notify] In-App notification stored for Nayla Jahan #7600031
[2026-08-23 13:24:20] [INFO ] [notify] Email notification shown in-app for nayla.jahan@gmail.com
[2026-08-23 13:24:20] [INFO ] [notify] Nayla Jahan #7600031 delivered via: In-App + Email
[2026-08-23 13:24:20] [INFO ] [notify] In-App notification stored for Ratul Islam #7600032
[2026-08-23 13:24:20] [INFO ] [notify] Email notification shown in-app for ratul.islam@gmail.com
[2026-08-23 13:24:20] [INFO ] [notify] Ratul Islam #7600032 delivered via: In-App + Email
[2026-08-23 13:24:20] [INFO ] [notify] In-App notification stored for Iffat Sultana #7600033
[2026-08-23 13:24:20] [INFO ] [notify] Email notification shown in-app for iffat.sultana@gmail.com
[2026-08-23 13:24:20] [INFO ] [notify] Iffat Sultana #7600033 delivered via: In-App + Email
[2026-08-23 13:24:20] [INFO ] [notify] In-App notification stored for Siam Khan #7600034
[2026-08-23 13:24:20] [INFO ] [notify] Email notification shown in-app for siam.khan@gmail.com
[2026-08-23 13:24:20] [INFO ] [notify] Siam Khan #7600034 delivered via: In-App + Email
[2026-08-23 13:24:20] [INFO ] [notify] In-App notification stored for Ayan Faruk #7600036
[2026-08-23 13:24:20] [INFO ] [notify] Email notification shown in-app for ayan.faruk@gmail.com
[2026-08-23 13:24:20] [INFO ] [notify] Ayan Faruk #7600036 delivered via: In-App + Email
[2026-08-23 13:24:20] [INFO ] [notify] In-App notification stored for Nafisa Khatun #7600037
[2026-08-23 13:24:20] [INFO ] [notify] Email notification shown in-app for nafisa.khatun@gmail.com
[2026-08-23 13:24:20] [INFO ] [notify] Nafisa Khatun #7600037 delivered via: In-App + Email
[2026-08-23 13:24:20] [INFO ] [notify] In-App notification stored for Labib Ahmed #7600038
[2026-08-23 13:24:20] [INFO ] [notify] Email notification shown in-app for labib.ahmed@gmail.com
[2026-08-23 13:24:20] [INFO ] [notify] Labib Ahmed #7600038 delivered via: In-App + Email
[2026-08-23 13:24:20] [INFO ] [notify] In-App notification stored for Zara Khan #7600039
[2026-08-23 13:24:20] [INFO ] [notify] Email notification shown in-app for zara.khan@gmail.com
[2026-08-23 13:24:20] [INFO ] [notify] Zara Khan #7600039 delivered via: In-App + Email
[2026-08-23 13:24:20] [INFO ] [notify] In-App notification stored for Fahad Rahman #7600040
[2026-08-23 13:24:20] [INFO ] [notify] Email notification shown in-app for fahad.rahman@gmail.com
[2026-08-23 13:24:20] [INFO ] [notify] Fahad Rahman #7600040 delivered via: In-App + Email
[2026-08-23 13:24:20] [INFO ] [notify] In-App notification stored for Shila Akter #7634891
[2026-08-23 13:24:20] [INFO ] [notify] Email notification shown in-app for shila.akter@yahoo.com
[2026-08-23 13:24:20] [INFO ] [notify] Shila Akter #7634891 delivered via: In-App + Email
[2026-08-23 13:24:20] [INFO ] [notify] In-App notification stored for Sadia Ferdous #7644433
[2026-08-23 13:24:20] [INFO ] [notify] Email notification shown in-app for sadia.ferdous@yahoo.com
[2026-08-23 13:24:20] [INFO ] [notify] Sadia Ferdous #7644433 delivered via: In-App + Email
[2026-08-23 13:24:20] [INFO ] [notify] In-App notification stored for Sumaiya Khatun #7648201
[2026-08-23 13:24:20] [INFO ] [notify] Email notification shown in-app for sumaiya.khatun@gmail.com
[2026-08-23 13:24:20] [INFO ] [notify] Sumaiya Khatun #7648201 delivered via: In-App + Email
[2026-08-23 13:24:20] [INFO ] [notify] In-App notification stored for Niloy Karim #7732091
[2026-08-23 13:24:20] [INFO ] [notify] Email notification shown in-app for niloy.karim@yahoo.com
[2026-08-23 13:24:20] [INFO ] [notify] Niloy Karim #7732091 delivered via: In-App + Email
[2026-08-23 13:24:20] [INFO ] [notify] In-App notification stored for Sohana Sultana #7812393
[2026-08-23 13:24:20] [INFO ] [notify] Email notification shown in-app for sohana.sultana@yahoo.com
[2026-08-23 13:24:20] [INFO ] [notify] Sohana Sultana #7812393 delivered via: In-App + Email
[2026-08-23 13:24:20] [INFO ] [notify] In-App notification stored for Rasel Ahmed #7829891
[2026-08-23 13:24:20] [INFO ] [notify] Email notification shown in-app for rasel.ahmed@gmail.com
[2026-08-23 13:24:20] [INFO ] [notify] Rasel Ahmed #7829891 delivered via: In-App + Email
[2026-08-23 13:24:20] [INFO ] [notify] In-App notification stored for Mamun Chowdhury #7845990
[2026-08-23 13:24:20] [INFO ] [notify] Email notification shown in-app for mamun.chowdhury@gmail.com
[2026-08-23 13:24:20] [INFO ] [notify] Mamun Chowdhury #7845990 delivered via: In-App + Email
[2026-08-23 13:24:20] [INFO ] [notify] In-App notification stored for Farzana Yasmin #7882345
[2026-08-23 13:24:20] [INFO ] [notify] Email notification shown in-app for farzana.yasmin@gmail.com
[2026-08-23 13:24:20] [INFO ] [notify] Farzana Yasmin #7882345 delivered via: In-App + Email
[2026-08-23 13:24:20] [INFO ] [notify] In-App notification stored for Sharmin Akhter #7932441
[2026-08-23 13:24:20] [INFO ] [notify] Email notification shown in-app for sharmin.akhter@yahoo.com
[2026-08-23 13:24:20] [INFO ] [notify] Sharmin Akhter #7932441 delivered via: In-App + Email
[2026-08-23 13:24:20] [INFO ] [notify] In-App notification stored for Arif Mahmud #7940012
[2026-08-23 13:24:20] [INFO ] [notify] Email notification shown in-app for arif.mahmud@gmail.com
[2026-08-23 13:24:20] [INFO ] [notify] Arif Mahmud #7940012 delivered via: In-App + Email
[2026-08-23 13:24:20] [INFO ] [notify] In-App notification stored for Rafi Islam #7993544
[2026-08-23 13:24:20] [INFO ] [notify] Email notification shown in-app for rafi.islam@gmail.com
[2026-08-23 13:24:20] [INFO ] [notify] Rafi Islam #7993544 delivered via: In-App + Email
[2026-08-23 13:24:20] [INFO ] [notify] In-App notification stored for Hasan Khan #8124593
[2026-08-23 13:24:20] [INFO ] [notify] Email notification shown in-app for hasan.khan@gmail.com
[2026-08-23 13:24:20] [INFO ] [notify] Hasan Khan #8124593 delivered via: In-App + Email
[2026-08-23 13:24:20] [INFO ] [notify] In-App notification stored for Nausicaaa Rren #9500105
[2026-08-23 13:24:20] [INFO ] [notify] Email notification shown in-app for rn@gmail.com
[2026-08-23 13:24:20] [INFO ] [notify] Nausicaaa Rren #9500105 delivered via: In-App + Email
[2026-08-23 13:24:20] [INFO ] [notify] In-App notification stored for Ahnaf Nehal #10000000
[2026-08-23 13:24:20] [INFO ] [notify] Email notification shown in-app for orpatasnimejannat@gmail.com
[2026-08-23 13:24:20] [INFO ] [notify] Ahnaf Nehal #10000000 delivered via: In-App + Email
[2026-08-23 13:24:20] [INFO ] [notify] In-App notification stored for Mumtahina Naomi #10000002
[2026-08-23 13:24:20] [INFO ] [notify] Email notification shown in-app for naomi@gmail.com
[2026-08-23 13:24:20] [INFO ] [notify] Mumtahina Naomi #10000002 delivered via: In-App + Email
[2026-08-23 13:24:20] [INFO ] [notify] In-App notification stored for Habiba ww #10000006
[2026-08-23 13:24:20] [INFO ] [notify] Email notification shown in-app for we@gmail.com
[2026-08-23 13:24:20] [INFO ] [notify] Habiba ww #10000006 delivered via: In-App + Email
[2026-08-23 13:24:20] [INFO ] [notify] In-App notification stored for Nanjiba Nisa #10000007
[2026-08-23 13:24:20] [INFO ] [notify] Email notification shown in-app for nanjiba789@gmail.com
[2026-08-23 13:24:20] [INFO ] [notify] Nanjiba Nisa #10000007 delivered via: In-App + Email
[2026-08-23 13:24:20] [INFO ] [notify] In-App notification stored for Sudad Masnun #10000009
[2026-08-23 13:24:20] [INFO ] [notify] SMS notification shown in-app for 01770108190
[2026-08-23 13:24:20] [INFO ] [notify] Email notification shown in-app for sudadmasnunnabi789@gmail.com
[2026-08-23 13:24:20] [INFO ] [notify] Sudad Masnun #10000009 delivered via: In-App + SMS + Email
[2026-08-23 13:24:20] [INFO ] [notify] In-App notification stored for AKM Iqtidar Newaz #10000010
[2026-08-23 13:24:20] [INFO ] [notify] Email notification shown in-app for Iqtidar@gmail.com
[2026-08-23 13:24:20] [INFO ] [notify] AKM Iqtidar Newaz #10000010 delivered via: In-App + Email
[2026-08-23 13:25:59] [INFO ] Checkout for customer 10000009: Premium + Bulk strategy (15%), 24 item(s)
[2026-08-23 13:26:40] [INFO ] [package] "Testing" added to the cart of customer 10000009 - 3 product(s), 3 unit(s)
[2026-08-23 13:42:22] [INFO ] DiscountService: 141 member observer(s) subscribed to the discount subject
[2026-08-23 13:42:22] [INFO ] DiscountSubject: notifying 142 observer(s) about "15% off Banana"
[2026-08-23 13:42:22] [INFO ] [discount] Farmer Labib Miah has discounted Banana by 15%. The price is now BDT 51.00 instead of BDT 60.00.
[2026-08-23 13:42:22] [INFO ] [notify] In-App notification stored for Ahsan Kabir #7029344
[2026-08-23 13:42:22] [INFO ] [notify] SMS notification shown in-app for 01722334455
[2026-08-23 13:42:22] [INFO ] [notify] Push notification shown in-app for Ahsan Kabir
[2026-08-23 13:42:22] [INFO ] [notify] Ahsan Kabir #7029344 delivered via: In-App + SMS + Push
[2026-08-23 13:42:22] [INFO ] [notify] In-App notification stored for Nusrat Jahan #7065411
[2026-08-23 13:42:22] [INFO ] [notify] Email notification shown in-app for nusrat.jahan@yahoo.com
[2026-08-23 13:42:22] [INFO ] [notify] Nusrat Jahan #7065411 delivered via: In-App + Email
[2026-08-23 13:42:22] [INFO ] [notify] In-App notification stored for Sultana Begum #7123988
[2026-08-23 13:42:22] [INFO ] [notify] Email notification shown in-app for sultana.begum@yahoo.com
[2026-08-23 13:42:22] [INFO ] [notify] Sultana Begum #7123988 delivered via: In-App + Email
[2026-08-23 13:42:22] [INFO ] [notify] In-App notification stored for Mitu Begum #7159033
[2026-08-23 13:42:22] [INFO ] [notify] Email notification shown in-app for mitu.begum@yahoo.com
[2026-08-23 13:42:22] [INFO ] [notify] Mitu Begum #7159033 delivered via: In-App + Email
[2026-08-23 13:42:22] [INFO ] [notify] In-App notification stored for Rakin Hasib #7165321
[2026-08-23 13:42:22] [INFO ] [notify] Email notification shown in-app for rakin.hasib@gmail.com
[2026-08-23 13:42:22] [INFO ] [notify] Rakin Hasib #7165321 delivered via: In-App + Email
[2026-08-23 13:42:22] [INFO ] [notify] In-App notification stored for Mariya Sultana #7183440
[2026-08-23 13:42:22] [INFO ] [notify] Email notification shown in-app for mariya.sultana@gmail.com
[2026-08-23 13:42:22] [INFO ] [notify] Mariya Sultana #7183440 delivered via: In-App + Email
[2026-08-23 13:42:22] [INFO ] [notify] In-App notification stored for Tania Sultana #7203401
[2026-08-23 13:42:22] [INFO ] [notify] Email notification shown in-app for tania.sultana@gmail.com
[2026-08-23 13:42:22] [INFO ] [notify] Tania Sultana #7203401 delivered via: In-App + Email
[2026-08-23 13:42:22] [INFO ] [notify] In-App notification stored for Sabrina Chowdhury #7219033
[2026-08-23 13:42:22] [INFO ] [notify] Email notification shown in-app for sabrina.chy@gmail.com
[2026-08-23 13:42:22] [INFO ] [notify] Sabrina Chowdhury #7219033 delivered via: In-App + Email
[2026-08-23 13:42:22] [INFO ] [notify] In-App notification stored for Nahid Hasan #7250934
[2026-08-23 13:42:22] [INFO ] [notify] Email notification shown in-app for nahid.hasan@yahoo.com
[2026-08-23 13:42:22] [INFO ] [notify] Nahid Hasan #7250934 delivered via: In-App + Email
[2026-08-23 13:42:22] [INFO ] [notify] In-App notification stored for Sakib Ahmed #7283590
[2026-08-23 13:42:22] [INFO ] [notify] Email notification shown in-app for sakib.ahmed@gmail.com
[2026-08-23 13:42:22] [INFO ] [notify] Sakib Ahmed #7283590 delivered via: In-App + Email
[2026-08-23 13:42:22] [INFO ] [notify] In-App notification stored for Mou Akter #7331220
[2026-08-23 13:42:22] [INFO ] [notify] Email notification shown in-app for mou.akter@yahoo.com
[2026-08-23 13:42:22] [INFO ] [notify] Mou Akter #7331220 delivered via: In-App + Email
[2026-08-23 13:42:22] [INFO ] [notify] In-App notification stored for Rumana Akter #7338912
[2026-08-23 13:42:22] [INFO ] [notify] Email notification shown in-app for rumana.akter@gmail.com
[2026-08-23 13:42:22] [INFO ] [notify] Rumana Akter #7338912 delivered via: In-App + Email
[2026-08-23 13:42:22] [INFO ] [notify] In-App notification stored for Saif Rahman #7412891
[2026-08-23 13:42:22] [INFO ] [notify] Email notification shown in-app for saif.rahman@gmail.com
[2026-08-23 13:42:22] [INFO ] [notify] Saif Rahman #7412891 delivered via: In-App + Email
[2026-08-23 13:42:22] [INFO ] [notify] In-App notification stored for Lamia Khan #7419083
[2026-08-23 13:42:22] [INFO ] [notify] Email notification shown in-app for lamia.khan@gmail.com
[2026-08-23 13:42:22] [INFO ] [notify] Lamia Khan #7419083 delivered via: In-App + Email
[2026-08-23 13:42:22] [INFO ] [notify] In-App notification stored for Tamanna Akter #7429834
[2026-08-23 13:42:22] [INFO ] [notify] Email notification shown in-app for tamanna.akter@gmail.com
[2026-08-23 13:42:22] [INFO ] [notify] Tamanna Akter #7429834 delivered via: In-App + Email
[2026-08-23 13:42:22] [INFO ] [notify] In-App notification stored for Jannat Khanam #7440193
[2026-08-23 13:42:22] [INFO ] [notify] Email notification shown in-app for jannat.khanam@gmail.com
[2026-08-23 13:42:22] [INFO ] [notify] Jannat Khanam #7440193 delivered via: In-App + Email
[2026-08-23 13:42:22] [INFO ] [notify] In-App notification stored for Arif Hossain #7450001
[2026-08-23 13:42:22] [INFO ] [notify] Email notification shown in-app for arif.hossain@gmail.com
[2026-08-23 13:42:22] [INFO ] [notify] Arif Hossain #7450001 delivered via: In-App + Email
[2026-08-23 13:42:22] [INFO ] [notify] In-App notification stored for Rafi Islam #7450002
[2026-08-23 13:42:22] [INFO ] [notify] Email notification shown in-app for rafi.islam@gmail.com
[2026-08-23 13:42:22] [INFO ] [notify] Rafi Islam #7450002 delivered via: In-App + Email
[2026-08-23 13:42:22] [INFO ] [notify] In-App notification stored for Niloy Ahmed #7450003
[2026-08-23 13:42:22] [INFO ] [notify] Email notification shown in-app for niloy.ahmed@gmail.com
[2026-08-23 13:42:22] [INFO ] [notify] Niloy Ahmed #7450003 delivered via: In-App + Email
[2026-08-23 13:42:22] [INFO ] [notify] In-App notification stored for Shawon Khan #7450004
[2026-08-23 13:42:22] [INFO ] [notify] Email notification shown in-app for shawon.khan@gmail.com
[2026-08-23 13:42:22] [INFO ] [notify] Shawon Khan #7450004 delivered via: In-App + Email
[2026-08-23 13:42:22] [INFO ] [notify] In-App notification stored for Tamim Rahman #7450005
[2026-08-23 13:42:22] [INFO ] [notify] Email notification shown in-app for tamim.rahman@gmail.com
[2026-08-23 13:42:22] [INFO ] [notify] Tamim Rahman #7450005 delivered via: In-App + Email
[2026-08-23 13:42:22] [INFO ] [notify] In-App notification stored for Sifat Hasan #7450006
[2026-08-23 13:42:22] [INFO ] [notify] Email notification shown in-app for sifat.hasan@gmail.com
[2026-08-23 13:42:22] [INFO ] [notify] Sifat Hasan #7450006 delivered via: In-App + Email
[2026-08-23 13:42:22] [INFO ] [notify] In-App notification stored for Adib Mahmud #7450007
[2026-08-23 13:42:22] [INFO ] [notify] Email notification shown in-app for adib.mahmud@gmail.com
[2026-08-23 13:42:22] [INFO ] [notify] Adib Mahmud #7450007 delivered via: In-App + Email
[2026-08-23 13:42:22] [INFO ] [notify] In-App notification stored for Fardin Islam #7450008
[2026-08-23 13:42:22] [INFO ] [notify] Email notification shown in-app for fardin.islam@gmail.com
[2026-08-23 13:42:22] [INFO ] [notify] Fardin Islam #7450008 delivered via: In-App + Email
[2026-08-23 13:42:22] [INFO ] [notify] In-App notification stored for Nabil Haque #7450009
[2026-08-23 13:42:22] [INFO ] [notify] Email notification shown in-app for nabil.haque@gmail.com
[2026-08-23 13:42:22] [INFO ] [notify] Nabil Haque #7450009 delivered via: In-App + Email
[2026-08-23 13:42:22] [INFO ] [notify] In-App notification stored for Ruhan Chowdhury #7450010
[2026-08-23 13:42:22] [INFO ] [notify] Email notification shown in-app for ruhan.ch@gmail.com
[2026-08-23 13:42:22] [INFO ] [notify] Ruhan Chowdhury #7450010 delivered via: In-App + Email
[2026-08-23 13:42:22] [INFO ] [notify] In-App notification stored for Siam Uddin #7450011
[2026-08-23 13:42:22] [INFO ] [notify] Email notification shown in-app for siam.uddin@gmail.com
[2026-08-23 13:42:22] [INFO ] [notify] Siam Uddin #7450011 delivered via: In-App + Email
[2026-08-23 13:42:22] [INFO ] [notify] In-App notification stored for Ayon Mia #7450012
[2026-08-23 13:42:22] [INFO ] [notify] Email notification shown in-app for ayon.mia@gmail.com
[2026-08-23 13:42:22] [INFO ] [notify] Ayon Mia #7450012 delivered via: In-App + Email
[2026-08-23 13:42:22] [INFO ] [notify] In-App notification stored for Zihad Islam #7450013
[2026-08-23 13:42:22] [INFO ] [notify] Email notification shown in-app for zihad.islam@gmail.com
[2026-08-23 13:42:22] [INFO ] [notify] Zihad Islam #7450013 delivered via: In-App + Email
[2026-08-23 13:42:22] [INFO ] [notify] In-App notification stored for Rakib Hossain #7450014
[2026-08-23 13:42:22] [INFO ] [notify] Email notification shown in-app for rakib.h2@gmail.com
[2026-08-23 13:42:22] [INFO ] [notify] Rakib Hossain #7450014 delivered via: In-App + Email
[2026-08-23 13:42:22] [INFO ] [notify] In-App notification stored for Sajid Khan #7450015
[2026-08-23 13:42:22] [INFO ] [notify] Email notification shown in-app for sajid.khan@gmail.com
[2026-08-23 13:42:22] [INFO ] [notify] Sajid Khan #7450015 delivered via: In-App + Email
[2026-08-23 13:42:22] [INFO ] [notify] In-App notification stored for Tanvir Ahmed #7450016
[2026-08-23 13:42:22] [INFO ] [notify] Email notification shown in-app for tanvir.ahmed@gmail.com
[2026-08-23 13:42:22] [INFO ] [notify] Tanvir Ahmed #7450016 delivered via: In-App + Email
[2026-08-23 13:42:22] [INFO ] [notify] In-App notification stored for Riad Hasan #7450017
[2026-08-23 13:42:22] [INFO ] [notify] Email notification shown in-app for riad.hasan@gmail.com
[2026-08-23 13:42:22] [INFO ] [notify] Riad Hasan #7450017 delivered via: In-App + Email
[2026-08-23 13:42:22] [INFO ] [notify] In-App notification stored for Mahin Islam #7450018
[2026-08-23 13:42:22] [INFO ] [notify] Email notification shown in-app for mahin.islam@gmail.com
[2026-08-23 13:42:22] [INFO ] [notify] Mahin Islam #7450018 delivered via: In-App + Email
[2026-08-23 13:42:22] [INFO ] [notify] In-App notification stored for Iftekhar Rahman #7450019
[2026-08-23 13:42:22] [INFO ] [notify] Email notification shown in-app for iftekhar.rahman@gmail.com
[2026-08-23 13:42:22] [INFO ] [notify] Iftekhar Rahman #7450019 delivered via: In-App + Email
[2026-08-23 13:42:22] [INFO ] [notify] In-App notification stored for Anik Sarkar #7450020
[2026-08-23 13:42:22] [INFO ] [notify] Email notification shown in-app for anik.sarkar@gmail.com
[2026-08-23 13:42:22] [INFO ] [notify] Anik Sarkar #7450020 delivered via: In-App + Email
[2026-08-23 13:42:22] [INFO ] [notify] In-App notification stored for Shihab Uddin #7450021
[2026-08-23 13:42:22] [INFO ] [notify] Email notification shown in-app for shihab.uddin@gmail.com
[2026-08-23 13:42:22] [INFO ] [notify] Shihab Uddin #7450021 delivered via: In-App + Email
[2026-08-23 13:42:22] [INFO ] [notify] In-App notification stored for Foysal Mia #7450022
[2026-08-23 13:42:22] [INFO ] [notify] Email notification shown in-app for foysal.mia@gmail.com
[2026-08-23 13:42:22] [INFO ] [notify] Foysal Mia #7450022 delivered via: In-App + Email
[2026-08-23 13:42:22] [INFO ] [notify] In-App notification stored for Ashik Hassan #7450023
[2026-08-23 13:42:22] [INFO ] [notify] Email notification shown in-app for ashik.hassan@gmail.com
[2026-08-23 13:42:22] [INFO ] [notify] Ashik Hassan #7450023 delivered via: In-App + Email
[2026-08-23 13:42:22] [INFO ] [notify] In-App notification stored for Rony Islam #7450024
[2026-08-23 13:42:22] [INFO ] [notify] Email notification shown in-app for rony.islam@gmail.com
[2026-08-23 13:42:22] [INFO ] [notify] Rony Islam #7450024 delivered via: In-App + Email
[2026-08-23 13:42:22] [INFO ] [notify] In-App notification stored for Jubayer Ahmed #7450025
[2026-08-23 13:42:22] [INFO ] [notify] Email notification shown in-app for jubayer.ahmed@gmail.com
[2026-08-23 13:42:22] [INFO ] [notify] Jubayer Ahmed #7450025 delivered via: In-App + Email
[2026-08-23 13:42:22] [INFO ] [notify] In-App notification stored for Sabbir Rahman #7450026
[2026-08-23 13:42:22] [INFO ] [notify] Email notification shown in-app for sabbir.rahman@gmail.com
[2026-08-23 13:42:22] [INFO ] [notify] Sabbir Rahman #7450026 delivered via: In-App + Email
[2026-08-23 13:42:22] [INFO ] [notify] In-App notification stored for Rasel Hossain #7450027
[2026-08-23 13:42:22] [INFO ] [notify] Email notification shown in-app for rasel.h2@gmail.com
[2026-08-23 13:42:22] [INFO ] [notify] Rasel Hossain #7450027 delivered via: In-App + Email
[2026-08-23 13:42:22] [INFO ] [notify] In-App notification stored for Arafat Islam #7450028
[2026-08-23 13:42:22] [INFO ] [notify] Email notification shown in-app for arafat.islam@gmail.com
[2026-08-23 13:42:22] [INFO ] [notify] Arafat Islam #7450028 delivered via: In-App + Email
[2026-08-23 13:42:22] [INFO ] [notify] In-App notification stored for Sohan Khan #7450029
[2026-08-23 13:42:22] [INFO ] [notify] Email notification shown in-app for sohan.khan@gmail.com
[2026-08-23 13:42:22] [INFO ] [notify] Sohan Khan #7450029 delivered via: In-App + Email
[2026-08-23 13:42:23] [INFO ] [notify] In-App notification stored for Minhaz Rahman #7450030
[2026-08-23 13:42:23] [INFO ] [notify] Email notification shown in-app for minhaz.rahman@gmail.com
[2026-08-23 13:42:23] [INFO ] [notify] Minhaz Rahman #7450030 delivered via: In-App + Email
[2026-08-23 13:42:23] [INFO ] [notify] In-App notification stored for Riyad Hasan #7450031
[2026-08-23 13:42:23] [INFO ] [notify] Email notification shown in-app for riyad.hasan@gmail.com
[2026-08-23 13:42:23] [INFO ] [notify] Riyad Hasan #7450031 delivered via: In-App + Email
[2026-08-23 13:42:23] [INFO ] [notify] In-App notification stored for Fahad Islam #7450032
[2026-08-23 13:42:23] [INFO ] [notify] Email notification shown in-app for fahad.islam@gmail.com
[2026-08-23 13:42:23] [INFO ] [notify] Fahad Islam #7450032 delivered via: In-App + Email
[2026-08-23 13:42:23] [INFO ] [notify] In-App notification stored for Sakib Ahmed #7450033
[2026-08-23 13:42:23] [INFO ] [notify] Email notification shown in-app for sakib.ahmed@gmail.com
[2026-08-23 13:42:23] [INFO ] [notify] Sakib Ahmed #7450033 delivered via: In-App + Email
[2026-08-23 13:42:23] [INFO ] [notify] In-App notification stored for Imtiaz Hossain #7450034
[2026-08-23 13:42:23] [INFO ] [notify] Email notification shown in-app for imtiaz.hossain@gmail.com
[2026-08-23 13:42:23] [INFO ] [notify] Imtiaz Hossain #7450034 delivered via: In-App + Email
[2026-08-23 13:42:23] [INFO ] [notify] In-App notification stored for Shanto Islam #7450035
[2026-08-23 13:42:23] [INFO ] [notify] Email notification shown in-app for shanto.islam@gmail.com
[2026-08-23 13:42:23] [INFO ] [notify] Shanto Islam #7450035 delivered via: In-App + Email
[2026-08-23 13:42:23] [INFO ] [notify] In-App notification stored for Noman Khan #7450036
[2026-08-23 13:42:23] [INFO ] [notify] Email notification shown in-app for noman.khan@gmail.com
[2026-08-23 13:42:23] [INFO ] [notify] Noman Khan #7450036 delivered via: In-App + Email
[2026-08-23 13:42:23] [INFO ] [notify] In-App notification stored for Ashraf Uddin #7450037
[2026-08-23 13:42:23] [INFO ] [notify] Email notification shown in-app for ashraf.uddin@gmail.com
[2026-08-23 13:42:23] [INFO ] [notify] Ashraf Uddin #7450037 delivered via: In-App + Email
[2026-08-23 13:42:23] [INFO ] [notify] In-App notification stored for Tuhin Mia #7450038
[2026-08-23 13:42:23] [INFO ] [notify] Email notification shown in-app for tuhin.mia@gmail.com
[2026-08-23 13:42:23] [INFO ] [notify] Tuhin Mia #7450038 delivered via: In-App + Email
[2026-08-23 13:42:23] [INFO ] [notify] In-App notification stored for Parvez Hasan #7450039
[2026-08-23 13:42:23] [INFO ] [notify] Email notification shown in-app for parvez.hasan@gmail.com
[2026-08-23 13:42:23] [INFO ] [notify] Parvez Hasan #7450039 delivered via: In-App + Email
[2026-08-23 13:42:23] [INFO ] [notify] In-App notification stored for Mahfuz Rahman #7450040
[2026-08-23 13:42:23] [INFO ] [notify] Email notification shown in-app for mahfuz.rahman@gmail.com
[2026-08-23 13:42:23] [INFO ] [notify] Mahfuz Rahman #7450040 delivered via: In-App + Email
[2026-08-23 13:42:23] [INFO ] [notify] In-App notification stored for Raihan Islam #7450041
[2026-08-23 13:42:23] [INFO ] [notify] Email notification shown in-app for raihan.islam@gmail.com
[2026-08-23 13:42:23] [INFO ] [notify] Raihan Islam #7450041 delivered via: In-App + Email
[2026-08-23 13:42:23] [INFO ] [notify] In-App notification stored for Shamim Ahmed #7450042
[2026-08-23 13:42:23] [INFO ] [notify] Email notification shown in-app for shamim.ahmed@gmail.com
[2026-08-23 13:42:23] [INFO ] [notify] Shamim Ahmed #7450042 delivered via: In-App + Email
[2026-08-23 13:42:23] [INFO ] [notify] In-App notification stored for Emon Hossain #7450043
[2026-08-23 13:42:23] [INFO ] [notify] Email notification shown in-app for emon.hossain@gmail.com
[2026-08-23 13:42:23] [INFO ] [notify] Emon Hossain #7450043 delivered via: In-App + Email
[2026-08-23 13:42:23] [INFO ] [notify] In-App notification stored for Jahid Islam #7450044
[2026-08-23 13:42:23] [INFO ] [notify] Email notification shown in-app for jahid.islam@gmail.com
[2026-08-23 13:42:23] [INFO ] [notify] Jahid Islam #7450044 delivered via: In-App + Email
[2026-08-23 13:42:23] [INFO ] [notify] In-App notification stored for Rifat Khan #7450045
[2026-08-23 13:42:23] [INFO ] [notify] Email notification shown in-app for rifat.khan@gmail.com
[2026-08-23 13:42:23] [INFO ] [notify] Rifat Khan #7450045 delivered via: In-App + Email
[2026-08-23 13:42:23] [INFO ] [notify] In-App notification stored for Masud Rahman #7450046
[2026-08-23 13:42:23] [INFO ] [notify] Email notification shown in-app for masud.rahman@gmail.com
[2026-08-23 13:42:23] [INFO ] [notify] Masud Rahman #7450046 delivered via: In-App + Email
[2026-08-23 13:42:23] [INFO ] [notify] In-App notification stored for Bashir Uddin #7450047
[2026-08-23 13:42:23] [INFO ] [notify] Email notification shown in-app for bashir.uddin@gmail.com
[2026-08-23 13:42:23] [INFO ] [notify] Bashir Uddin #7450047 delivered via: In-App + Email
[2026-08-23 13:42:23] [INFO ] [notify] In-App notification stored for Shafi Islam #7450048
[2026-08-23 13:42:23] [INFO ] [notify] Email notification shown in-app for shafi.islam@gmail.com
[2026-08-23 13:42:23] [INFO ] [notify] Shafi Islam #7450048 delivered via: In-App + Email
[2026-08-23 13:42:23] [INFO ] [notify] In-App notification stored for Tareq Hasan #7450049
[2026-08-23 13:42:23] [INFO ] [notify] Email notification shown in-app for tareq.hasan@gmail.com
[2026-08-23 13:42:23] [INFO ] [notify] Tareq Hasan #7450049 delivered via: In-App + Email
[2026-08-23 13:42:23] [INFO ] [notify] In-App notification stored for Rashed Khan #7450050
[2026-08-23 13:42:23] [INFO ] [notify] Email notification shown in-app for rashed.khan@gmail.com
[2026-08-23 13:42:23] [INFO ] [notify] Rashed Khan #7450050 delivered via: In-App + Email
[2026-08-23 13:42:23] [INFO ] [notify] In-App notification stored for Naim Islam #7450051
[2026-08-23 13:42:23] [INFO ] [notify] Email notification shown in-app for naim.islam@gmail.com
[2026-08-23 13:42:23] [INFO ] [notify] Naim Islam #7450051 delivered via: In-App + Email
[2026-08-23 13:42:23] [INFO ] [notify] In-App notification stored for Firoz Ahmed #7450052
[2026-08-23 13:42:23] [INFO ] [notify] Email notification shown in-app for firoz.ahmed@gmail.com
[2026-08-23 13:42:23] [INFO ] [notify] Firoz Ahmed #7450052 delivered via: In-App + Email
[2026-08-23 13:42:23] [INFO ] [notify] In-App notification stored for Iqbal Hossain #7450053
[2026-08-23 13:42:23] [INFO ] [notify] Email notification shown in-app for iqbal.hossain@gmail.com
[2026-08-23 13:42:23] [INFO ] [notify] Iqbal Hossain #7450053 delivered via: In-App + Email
[2026-08-23 13:42:23] [INFO ] [notify] In-App notification stored for Nazmul Islam #7450054
[2026-08-23 13:42:23] [INFO ] [notify] Email notification shown in-app for nazmul.islam@gmail.com
[2026-08-23 13:42:23] [INFO ] [notify] Nazmul Islam #7450054 delivered via: In-App + Email
[2026-08-23 13:42:23] [INFO ] [notify] In-App notification stored for Kawsar Khan #7450055
[2026-08-23 13:42:23] [INFO ] [notify] Email notification shown in-app for kawsar.khan@gmail.com
[2026-08-23 13:42:23] [INFO ] [notify] Kawsar Khan #7450055 delivered via: In-App + Email
[2026-08-23 13:42:23] [INFO ] [notify] In-App notification stored for Sujon Mia #7450056
[2026-08-23 13:42:23] [INFO ] [notify] Email notification shown in-app for sujon.mia@gmail.com
[2026-08-23 13:42:23] [INFO ] [notify] Sujon Mia #7450056 delivered via: In-App + Email
[2026-08-23 13:42:23] [INFO ] [notify] In-App notification stored for Habib Rahman #7450057
[2026-08-23 13:42:23] [INFO ] [notify] Email notification shown in-app for habib.rahman@gmail.com
[2026-08-23 13:42:23] [INFO ] [notify] Habib Rahman #7450057 delivered via: In-App + Email
[2026-08-23 13:42:23] [INFO ] [notify] In-App notification stored for Alif Hasan #7450058
[2026-08-23 13:42:23] [INFO ] [notify] Email notification shown in-app for alif.hasan@gmail.com
[2026-08-23 13:42:23] [INFO ] [notify] Alif Hasan #7450058 delivered via: In-App + Email
[2026-08-23 13:42:23] [INFO ] [notify] In-App notification stored for Rokon Uddin #7450059
[2026-08-23 13:42:23] [INFO ] [notify] Email notification shown in-app for rokon.uddin@gmail.com
[2026-08-23 13:42:23] [INFO ] [notify] Rokon Uddin #7450059 delivered via: In-App + Email
[2026-08-23 13:42:23] [INFO ] [notify] In-App notification stored for Jony Islam #7450060
[2026-08-23 13:42:23] [INFO ] [notify] Email notification shown in-app for jony.islam@gmail.com
[2026-08-23 13:42:23] [INFO ] [notify] Jony Islam #7450060 delivered via: In-App + Email
[2026-08-23 13:42:23] [INFO ] [notify] In-App notification stored for Sazzad Khan #7450061
[2026-08-23 13:42:23] [INFO ] [notify] Email notification shown in-app for sazzad.khan@gmail.com
[2026-08-23 13:42:23] [INFO ] [notify] Sazzad Khan #7450061 delivered via: In-App + Email
[2026-08-23 13:42:23] [INFO ] [notify] In-App notification stored for Shawon Ahmed #7450062
[2026-08-23 13:42:23] [INFO ] [notify] Email notification shown in-app for shawon.ahmed@gmail.com
[2026-08-23 13:42:23] [INFO ] [notify] Shawon Ahmed #7450062 delivered via: In-App + Email
[2026-08-23 13:42:23] [INFO ] [notify] In-App notification stored for Mahdi Islam #7450063
[2026-08-23 13:42:23] [INFO ] [notify] Email notification shown in-app for mahdi.islam@gmail.com
[2026-08-23 13:42:23] [INFO ] [notify] Mahdi Islam #7450063 delivered via: In-App + Email
[2026-08-23 13:42:23] [INFO ] [notify] In-App notification stored for Zakir Hossain #7450064
[2026-08-23 13:42:23] [INFO ] [notify] Email notification shown in-app for zakir.hossain@gmail.com
[2026-08-23 13:42:23] [INFO ] [notify] Zakir Hossain #7450064 delivered via: In-App + Email
[2026-08-23 13:42:23] [INFO ] [notify] In-App notification stored for Sami Rahman #7450065
[2026-08-23 13:42:23] [INFO ] [notify] Email notification shown in-app for sami.rahman@gmail.com
[2026-08-23 13:42:23] [INFO ] [notify] Sami Rahman #7450065 delivered via: In-App + Email
[2026-08-23 13:42:23] [INFO ] [notify] In-App notification stored for Tanim Islam #7450066
[2026-08-23 13:42:23] [INFO ] [notify] Email notification shown in-app for tanim.islam@gmail.com
[2026-08-23 13:42:23] [INFO ] [notify] Tanim Islam #7450066 delivered via: In-App + Email
[2026-08-23 13:42:23] [INFO ] [notify] In-App notification stored for Ishrat Jahan #7569211
[2026-08-23 13:42:23] [INFO ] [notify] Email notification shown in-app for ishrat.jahan@yahoo.com
[2026-08-23 13:42:23] [INFO ] [notify] Ishrat Jahan #7569211 delivered via: In-App + Email
[2026-08-23 13:42:23] [INFO ] [notify] In-App notification stored for Amina Khatun #7600001
[2026-08-23 13:42:23] [INFO ] [notify] Email notification shown in-app for amina.khatun@gmail.com
[2026-08-23 13:42:23] [INFO ] [notify] Amina Khatun #7600001 delivered via: In-App + Email
[2026-08-23 13:42:23] [INFO ] [notify] In-App notification stored for Rohan Ahmed #7600002
[2026-08-23 13:42:23] [INFO ] [notify] Email notification shown in-app for rohan.ahmed@gmail.com
[2026-08-23 13:42:23] [INFO ] [notify] Rohan Ahmed #7600002 delivered via: In-App + Email
[2026-08-23 13:42:23] [INFO ] [notify] In-App notification stored for Sadia Islam #7600003
[2026-08-23 13:42:23] [INFO ] [notify] Email notification shown in-app for sadia.islam@gmail.com
[2026-08-23 13:42:23] [INFO ] [notify] Sadia Islam #7600003 delivered via: In-App + Email
[2026-08-23 13:42:23] [INFO ] [notify] In-App notification stored for Imran Hossain #7600004
[2026-08-23 13:42:23] [INFO ] [notify] Email notification shown in-app for imran.hossain@gmail.com
[2026-08-23 13:42:23] [INFO ] [notify] Imran Hossain #7600004 delivered via: In-App + Email
[2026-08-23 13:42:23] [INFO ] [notify] In-App notification stored for Nabila Khan #7600005
[2026-08-23 13:42:23] [INFO ] [notify] Email notification shown in-app for nabila.khan@gmail.com
[2026-08-23 13:42:23] [INFO ] [notify] Nabila Khan #7600005 delivered via: In-App + Email
[2026-08-23 13:42:23] [INFO ] [notify] In-App notification stored for Saif Uddin #7600006
[2026-08-23 13:42:23] [INFO ] [notify] Email notification shown in-app for saif.uddin@gmail.com
[2026-08-23 13:42:23] [INFO ] [notify] Saif Uddin #7600006 delivered via: In-App + Email
[2026-08-23 13:42:23] [INFO ] [notify] In-App notification stored for Farhan Miah #7600007
[2026-08-23 13:42:23] [INFO ] [notify] Email notification shown in-app for farhan.miah@gmail.com
[2026-08-23 13:42:23] [INFO ] [notify] Farhan Miah #7600007 delivered via: In-App + Email
[2026-08-23 13:42:23] [INFO ] [notify] In-App notification stored for Lamia Chowdhury #7600008
[2026-08-23 13:42:23] [INFO ] [notify] Email notification shown in-app for lamia.chowdhury@gmail.com
[2026-08-23 13:42:23] [INFO ] [notify] Lamia Chowdhury #7600008 delivered via: In-App + Email
[2026-08-23 13:42:23] [INFO ] [notify] In-App notification stored for Arif Rahman #7600009
[2026-08-23 13:42:23] [INFO ] [notify] Email notification shown in-app for arif.rahman@gmail.com
[2026-08-23 13:42:23] [INFO ] [notify] Arif Rahman #7600009 delivered via: In-App + Email
[2026-08-23 13:42:23] [INFO ] [notify] In-App notification stored for Tania Sultana #7600010
[2026-08-23 13:42:23] [INFO ] [notify] Email notification shown in-app for tania.sultana@gmail.com
[2026-08-23 13:42:23] [INFO ] [notify] Tania Sultana #7600010 delivered via: In-App + Email
[2026-08-23 13:42:23] [INFO ] [notify] In-App notification stored for Mehedi Hasan #7600011
[2026-08-23 13:42:23] [INFO ] [notify] Email notification shown in-app for mehedi.hasan@gmail.com
[2026-08-23 13:42:23] [INFO ] [notify] Mehedi Hasan #7600011 delivered via: In-App + Email
[2026-08-23 13:42:23] [INFO ] [notify] In-App notification stored for Jarin Akter #7600012
[2026-08-23 13:42:23] [INFO ] [notify] Email notification shown in-app for jarin.akter@gmail.com
[2026-08-23 13:42:23] [INFO ] [notify] Jarin Akter #7600012 delivered via: In-App + Email
[2026-08-23 13:42:23] [INFO ] [notify] In-App notification stored for Omar Faruk #7600013
[2026-08-23 13:42:23] [INFO ] [notify] Email notification shown in-app for omar.faruk@gmail.com
[2026-08-23 13:42:23] [INFO ] [notify] Omar Faruk #7600013 delivered via: In-App + Email
[2026-08-23 13:42:23] [INFO ] [notify] In-App notification stored for Maliha Tasnim #7600014
[2026-08-23 13:42:23] [INFO ] [notify] Email notification shown in-app for maliha.tasnim@gmail.com
[2026-08-23 13:42:23] [INFO ] [notify] Maliha Tasnim #7600014 delivered via: In-App + Email
[2026-08-23 13:42:23] [INFO ] [notify] In-App notification stored for Ridwan Khan #7600015
[2026-08-23 13:42:23] [INFO ] [notify] Email notification shown in-app for ridwan.khan@gmail.com
[2026-08-23 13:42:23] [INFO ] [notify] Ridwan Khan #7600015 delivered via: In-App + Email
[2026-08-23 13:42:23] [INFO ] [notify] In-App notification stored for Sakib Alam #7600016
[2026-08-23 13:42:23] [INFO ] [notify] Email notification shown in-app for sakib.alam@gmail.com
[2026-08-23 13:42:23] [INFO ] [notify] Sakib Alam #7600016 delivered via: In-App + Email
[2026-08-23 13:42:23] [INFO ] [notify] In-App notification stored for Nusrat Jahan #7600017
[2026-08-23 13:42:23] [INFO ] [notify] Email notification shown in-app for nusrat.jahan@gmail.com
[2026-08-23 13:42:23] [INFO ] [notify] Nusrat Jahan #7600017 delivered via: In-App + Email
[2026-08-23 13:42:23] [INFO ] [notify] In-App notification stored for Tahmid Ahmed #7600018
[2026-08-23 13:42:23] [INFO ] [notify] Email notification shown in-app for tahmid.ahmed@gmail.com
[2026-08-23 13:42:23] [INFO ] [notify] Tahmid Ahmed #7600018 delivered via: In-App + Email
[2026-08-23 13:42:23] [INFO ] [notify] In-App notification stored for Mim Akter #7600019
[2026-08-23 13:42:23] [INFO ] [notify] Email notification shown in-app for mim.akter@gmail.com
[2026-08-23 13:42:23] [INFO ] [notify] Mim Akter #7600019 delivered via: In-App + Email
[2026-08-23 13:42:23] [INFO ] [notify] In-App notification stored for Zayed Hossain #7600020
[2026-08-23 13:42:23] [INFO ] [notify] Email notification shown in-app for zayed.hossain@gmail.com
[2026-08-23 13:42:23] [INFO ] [notify] Zayed Hossain #7600020 delivered via: In-App + Email
[2026-08-23 13:42:23] [INFO ] [notify] In-App notification stored for Afsana Miah #7600021
[2026-08-23 13:42:23] [INFO ] [notify] Email notification shown in-app for afsana.miah@gmail.com
[2026-08-23 13:42:23] [INFO ] [notify] Afsana Miah #7600021 delivered via: In-App + Email
[2026-08-23 13:42:23] [INFO ] [notify] In-App notification stored for Rayhan Kabir #7600022
[2026-08-23 13:42:23] [INFO ] [notify] Email notification shown in-app for rayhan.kabir@gmail.com
[2026-08-23 13:42:23] [INFO ] [notify] Rayhan Kabir #7600022 delivered via: In-App + Email
[2026-08-23 13:42:23] [INFO ] [notify] In-App notification stored for Shifa Tasnim #7600023
[2026-08-23 13:42:23] [INFO ] [notify] Email notification shown in-app for shifa.tasnim@gmail.com
[2026-08-23 13:42:23] [INFO ] [notify] Shifa Tasnim #7600023 delivered via: In-App + Email
[2026-08-23 13:42:23] [INFO ] [notify] In-App notification stored for Abrar Rahman #7600024
[2026-08-23 13:42:23] [INFO ] [notify] Email notification shown in-app for abrar.rahman@gmail.com
[2026-08-23 13:42:23] [INFO ] [notify] Abrar Rahman #7600024 delivered via: In-App + Email
[2026-08-23 13:42:23] [INFO ] [notify] In-App notification stored for Sohana Islam #7600025
[2026-08-23 13:42:23] [INFO ] [notify] Email notification shown in-app for sohana.islam@gmail.com
[2026-08-23 13:42:23] [INFO ] [notify] Sohana Islam #7600025 delivered via: In-App + Email
[2026-08-23 13:42:23] [INFO ] [notify] In-App notification stored for Ehsan Khan #7600026
[2026-08-23 13:42:23] [INFO ] [notify] Email notification shown in-app for ehsan.khan@gmail.com
[2026-08-23 13:42:23] [INFO ] [notify] Ehsan Khan #7600026 delivered via: In-App + Email
[2026-08-23 13:42:23] [INFO ] [notify] In-App notification stored for Raisa Khatun #7600027
[2026-08-23 13:42:23] [INFO ] [notify] Email notification shown in-app for raisa.khatun@gmail.com
[2026-08-23 13:42:23] [INFO ] [notify] Raisa Khatun #7600027 delivered via: In-App + Email
[2026-08-23 13:42:23] [INFO ] [notify] In-App notification stored for Mahin Ahmed #7600028
[2026-08-23 13:42:23] [INFO ] [notify] Email notification shown in-app for mahin.ahmed@gmail.com
[2026-08-23 13:42:23] [INFO ] [notify] Mahin Ahmed #7600028 delivered via: In-App + Email
[2026-08-23 13:42:23] [INFO ] [notify] In-App notification stored for Liza Akter #7600029
[2026-08-23 13:42:23] [INFO ] [notify] Email notification shown in-app for liza.akter@gmail.com
[2026-08-23 13:42:23] [INFO ] [notify] Liza Akter #7600029 delivered via: In-App + Email
[2026-08-23 13:42:23] [INFO ] [notify] In-App notification stored for Jawad Hasan #7600030
[2026-08-23 13:42:23] [INFO ] [notify] Email notification shown in-app for jawad.hasan@gmail.com
[2026-08-23 13:42:23] [INFO ] [notify] Jawad Hasan #7600030 delivered via: In-App + Email
[2026-08-23 13:42:23] [INFO ] [notify] In-App notification stored for Nayla Jahan #7600031
[2026-08-23 13:42:23] [INFO ] [notify] Email notification shown in-app for nayla.jahan@gmail.com
[2026-08-23 13:42:23] [INFO ] [notify] Nayla Jahan #7600031 delivered via: In-App + Email
[2026-08-23 13:42:23] [INFO ] [notify] In-App notification stored for Ratul Islam #7600032
[2026-08-23 13:42:23] [INFO ] [notify] Email notification shown in-app for ratul.islam@gmail.com
[2026-08-23 13:42:23] [INFO ] [notify] Ratul Islam #7600032 delivered via: In-App + Email
[2026-08-23 13:42:23] [INFO ] [notify] In-App notification stored for Iffat Sultana #7600033
[2026-08-23 13:42:23] [INFO ] [notify] Email notification shown in-app for iffat.sultana@gmail.com
[2026-08-23 13:42:23] [INFO ] [notify] Iffat Sultana #7600033 delivered via: In-App + Email
[2026-08-23 13:42:23] [INFO ] [notify] In-App notification stored for Siam Khan #7600034
[2026-08-23 13:42:23] [INFO ] [notify] Email notification shown in-app for siam.khan@gmail.com
[2026-08-23 13:42:23] [INFO ] [notify] Siam Khan #7600034 delivered via: In-App + Email
[2026-08-23 13:42:23] [INFO ] [notify] In-App notification stored for Ayan Faruk #7600036
[2026-08-23 13:42:23] [INFO ] [notify] Email notification shown in-app for ayan.faruk@gmail.com
[2026-08-23 13:42:23] [INFO ] [notify] Ayan Faruk #7600036 delivered via: In-App + Email
[2026-08-23 13:42:23] [INFO ] [notify] In-App notification stored for Nafisa Khatun #7600037
[2026-08-23 13:42:23] [INFO ] [notify] Email notification shown in-app for nafisa.khatun@gmail.com
[2026-08-23 13:42:23] [INFO ] [notify] Nafisa Khatun #7600037 delivered via: In-App + Email
[2026-08-23 13:42:23] [INFO ] [notify] In-App notification stored for Labib Ahmed #7600038
[2026-08-23 13:42:23] [INFO ] [notify] Email notification shown in-app for labib.ahmed@gmail.com
[2026-08-23 13:42:23] [INFO ] [notify] Labib Ahmed #7600038 delivered via: In-App + Email
[2026-08-23 13:42:23] [INFO ] [notify] In-App notification stored for Zara Khan #7600039
[2026-08-23 13:42:23] [INFO ] [notify] Email notification shown in-app for zara.khan@gmail.com
[2026-08-23 13:42:23] [INFO ] [notify] Zara Khan #7600039 delivered via: In-App + Email
[2026-08-23 13:42:23] [INFO ] [notify] In-App notification stored for Fahad Rahman #7600040
[2026-08-23 13:42:23] [INFO ] [notify] Email notification shown in-app for fahad.rahman@gmail.com
[2026-08-23 13:42:23] [INFO ] [notify] Fahad Rahman #7600040 delivered via: In-App + Email
[2026-08-23 13:42:23] [INFO ] [notify] In-App notification stored for Shila Akter #7634891
[2026-08-23 13:42:23] [INFO ] [notify] Email notification shown in-app for shila.akter@yahoo.com
[2026-08-23 13:42:23] [INFO ] [notify] Shila Akter #7634891 delivered via: In-App + Email
[2026-08-23 13:42:23] [INFO ] [notify] In-App notification stored for Sadia Ferdous #7644433
[2026-08-23 13:42:23] [INFO ] [notify] Email notification shown in-app for sadia.ferdous@yahoo.com
[2026-08-23 13:42:23] [INFO ] [notify] Sadia Ferdous #7644433 delivered via: In-App + Email
[2026-08-23 13:42:23] [INFO ] [notify] In-App notification stored for Sumaiya Khatun #7648201
[2026-08-23 13:42:23] [INFO ] [notify] Email notification shown in-app for sumaiya.khatun@gmail.com
[2026-08-23 13:42:23] [INFO ] [notify] Sumaiya Khatun #7648201 delivered via: In-App + Email
[2026-08-23 13:42:23] [INFO ] [notify] In-App notification stored for Niloy Karim #7732091
[2026-08-23 13:42:23] [INFO ] [notify] Email notification shown in-app for niloy.karim@yahoo.com
[2026-08-23 13:42:23] [INFO ] [notify] Niloy Karim #7732091 delivered via: In-App + Email
[2026-08-23 13:42:23] [INFO ] [notify] In-App notification stored for Sohana Sultana #7812393
[2026-08-23 13:42:23] [INFO ] [notify] Email notification shown in-app for sohana.sultana@yahoo.com
[2026-08-23 13:42:23] [INFO ] [notify] Sohana Sultana #7812393 delivered via: In-App + Email
[2026-08-23 13:42:23] [INFO ] [notify] In-App notification stored for Rasel Ahmed #7829891
[2026-08-23 13:42:23] [INFO ] [notify] Email notification shown in-app for rasel.ahmed@gmail.com
[2026-08-23 13:42:23] [INFO ] [notify] Rasel Ahmed #7829891 delivered via: In-App + Email
[2026-08-23 13:42:23] [INFO ] [notify] In-App notification stored for Mamun Chowdhury #7845990
[2026-08-23 13:42:23] [INFO ] [notify] Email notification shown in-app for mamun.chowdhury@gmail.com
[2026-08-23 13:42:23] [INFO ] [notify] Mamun Chowdhury #7845990 delivered via: In-App + Email
[2026-08-23 13:42:23] [INFO ] [notify] In-App notification stored for Farzana Yasmin #7882345
[2026-08-23 13:42:23] [INFO ] [notify] Email notification shown in-app for farzana.yasmin@gmail.com
[2026-08-23 13:42:23] [INFO ] [notify] Farzana Yasmin #7882345 delivered via: In-App + Email
[2026-08-23 13:42:23] [INFO ] [notify] In-App notification stored for Sharmin Akhter #7932441
[2026-08-23 13:42:23] [INFO ] [notify] Email notification shown in-app for sharmin.akhter@yahoo.com
[2026-08-23 13:42:23] [INFO ] [notify] Sharmin Akhter #7932441 delivered via: In-App + Email
[2026-08-23 13:42:23] [INFO ] [notify] In-App notification stored for Arif Mahmud #7940012
[2026-08-23 13:42:23] [INFO ] [notify] Email notification shown in-app for arif.mahmud@gmail.com
[2026-08-23 13:42:23] [INFO ] [notify] Arif Mahmud #7940012 delivered via: In-App + Email
[2026-08-23 13:42:23] [INFO ] [notify] In-App notification stored for Rafi Islam #7993544
[2026-08-23 13:42:23] [INFO ] [notify] Email notification shown in-app for rafi.islam@gmail.com
[2026-08-23 13:42:23] [INFO ] [notify] Rafi Islam #7993544 delivered via: In-App + Email
[2026-08-23 13:42:23] [INFO ] [notify] In-App notification stored for Hasan Khan #8124593
[2026-08-23 13:42:23] [INFO ] [notify] Email notification shown in-app for hasan.khan@gmail.com
[2026-08-23 13:42:23] [INFO ] [notify] Hasan Khan #8124593 delivered via: In-App + Email
[2026-08-23 13:42:23] [INFO ] [notify] In-App notification stored for Nausicaaa Rren #9500105
[2026-08-23 13:42:23] [INFO ] [notify] Email notification shown in-app for rn@gmail.com
[2026-08-23 13:42:23] [INFO ] [notify] Nausicaaa Rren #9500105 delivered via: In-App + Email
[2026-08-23 13:42:23] [INFO ] [notify] In-App notification stored for Ahnaf Nehal #10000000
[2026-08-23 13:42:23] [INFO ] [notify] Email notification shown in-app for orpatasnimejannat@gmail.com
[2026-08-23 13:42:23] [INFO ] [notify] Ahnaf Nehal #10000000 delivered via: In-App + Email
[2026-08-23 13:42:23] [INFO ] [notify] In-App notification stored for Mumtahina Naomi #10000002
[2026-08-23 13:42:23] [INFO ] [notify] Email notification shown in-app for naomi@gmail.com
[2026-08-23 13:42:23] [INFO ] [notify] Mumtahina Naomi #10000002 delivered via: In-App + Email
[2026-08-23 13:42:23] [INFO ] [notify] In-App notification stored for Habiba ww #10000006
[2026-08-23 13:42:23] [INFO ] [notify] Email notification shown in-app for we@gmail.com
[2026-08-23 13:42:23] [INFO ] [notify] Habiba ww #10000006 delivered via: In-App + Email
[2026-08-23 13:42:23] [INFO ] [notify] In-App notification stored for Nanjiba Nisa #10000007
[2026-08-23 13:42:23] [INFO ] [notify] Email notification shown in-app for nanjiba789@gmail.com
[2026-08-23 13:42:23] [INFO ] [notify] Nanjiba Nisa #10000007 delivered via: In-App + Email
[2026-08-23 13:42:23] [INFO ] [notify] In-App notification stored for Sudad Masnun #10000009
[2026-08-23 13:42:23] [INFO ] [notify] Sudad Masnun #10000009 delivered via: In-App
[2026-08-23 13:42:23] [INFO ] [notify] In-App notification stored for AKM Iqtidar Newaz #10000010
[2026-08-23 13:42:23] [INFO ] [notify] Email notification shown in-app for Iqtidar@gmail.com
[2026-08-23 13:42:23] [INFO ] [notify] AKM Iqtidar Newaz #10000010 delivered via: In-App + Email
[2026-08-24 01:31:01] [INFO ] Shutdown requested, stopping the AgriSphere backend...
